st,state,year,everything_else_pct,manufacturing_pct,farming_pct
AK,Alaska,1950,92.81,7.0,0.19
AK,Alaska,1951,94.41,5.43,0.15
AK,Alaska,1952,94.44,5.39,0.16
AK,Alaska,1953,95.09,4.74,0.17
AK,Alaska,1954,95.64,4.18,0.18
AK,Alaska,1955,95.02,4.78,0.2
AK,Alaska,1956,94.49,5.29,0.22
AK,Alaska,1957,94.4,5.36,0.24
AK,Alaska,1958,93.95,5.79,0.26
AK,Alaska,1959,94.05,5.71,0.24
AK,Alaska,1960,92.63,7.1,0.27
AK,Alaska,1961,93.14,6.63,0.23
AK,Alaska,1962,93.27,6.56,0.17
AK,Alaska,1963,93.48,6.41,0.11
AK,Alaska,1964,93.92,5.98,0.1
AK,Alaska,1965,93.35,6.54,0.11
AK,Alaska,1966,93.55,6.31,0.14
AK,Alaska,1967,94.19,5.7,0.11
AK,Alaska,1968,94.0,5.86,0.14
AK,Alaska,1969,94.04,5.87,0.09
AK,Alaska,1970,93.61,6.28,0.11
AK,Alaska,1971,94.03,5.88,0.09
AK,Alaska,1972,94.25,5.65,0.1
AK,Alaska,1973,93.72,6.2,0.08
AK,Alaska,1974,94.29,5.64,0.07
AK,Alaska,1975,95.93,3.99,0.09
AK,Alaska,1976,96.0,3.93,0.07
AK,Alaska,1977,94.88,5.03,0.09
AK,Alaska,1978,94.02,5.88,0.1
AK,Alaska,1979,93.07,6.87,0.07
AK,Alaska,1980,93.07,6.88,0.06
AK,Alaska,1981,94.0,5.97,0.03
AK,Alaska,1982,94.93,5.03,0.03
AK,Alaska,1983,95.53,4.44,0.03
AK,Alaska,1984,95.84,4.14,0.02
AK,Alaska,1985,95.93,4.06,0.02
AK,Alaska,1986,95.64,4.29,0.07
AK,Alaska,1987,94.87,5.03,0.1
AK,Alaska,1988,94.27,5.62,0.11
AK,Alaska,1989,94.23,5.72,0.05
AK,Alaska,1990,94.01,5.92,0.08
AK,Alaska,1991,93.95,5.97,0.08
AK,Alaska,1992,93.99,5.93,0.07
AK,Alaska,1993,94.34,5.57,0.09
AK,Alaska,1994,94.69,5.22,0.1
AK,Alaska,1995,94.59,5.3,0.1
AK,Alaska,1996,94.94,4.95,0.1
AK,Alaska,1997,95.16,4.73,0.12
AK,Alaska,1998,95.55,4.33,0.12
AK,Alaska,1999,95.58,4.29,0.13
AK,Alaska,2000,95.9,3.97,0.13
AK,Alaska,2001,96.76,3.12,0.12
AK,Alaska,2002,96.94,2.95,0.11
AK,Alaska,2003,96.9,3.04,0.06
AK,Alaska,2004,96.9,3.03,0.07
AK,Alaska,2005,96.81,3.12,0.07
AK,Alaska,2006,96.84,3.12,0.05
AK,Alaska,2007,96.86,3.1,0.04
AK,Alaska,2008,97.08,2.92,0.0
AK,Alaska,2009,97.25,2.73,0.02
AK,Alaska,2010,97.28,2.69,0.02
AK,Alaska,2011,97.21,2.77,0.02
AK,Alaska,2012,97.05,2.91,0.04
AK,Alaska,2013,96.79,3.19,0.03
AK,Alaska,2014,96.9,3.07,0.03
AK,Alaska,2015,96.75,3.22,0.03
AK,Alaska,2016,96.82,3.14,0.04
AK,Alaska,2017,96.84,3.14,0.03
AK,Alaska,2018,96.94,3.03,0.03
AK,Alaska,2019,96.83,3.14,0.03
AK,Alaska,2020,96.83,3.14,0.03
AK,Alaska,2021,96.8,3.14,0.05
AK,Alaska,2022,96.62,3.34,0.04
AK,Alaska,2023,96.61,3.37,0.03
AK,Alaska,2024,97.03,2.93,0.03
AK,Alaska,2025,97.03,2.93,0.04
AL,Alabama,1929,56.8,18.88,24.32
AL,Alabama,1930,61.24,19.29,19.48
AL,Alabama,1931,62.3,17.99,19.71
AL,Alabama,1932,64.59,17.66,17.75
AL,Alabama,1933,59.48,18.23,22.29
AL,Alabama,1934,57.66,17.35,24.99
AL,Alabama,1935,57.45,17.58,24.97
AL,Alabama,1936,58.71,19.25,22.04
AL,Alabama,1937,56.5,21.59,21.91
AL,Alabama,1938,60.57,19.69,19.73
AL,Alabama,1939,62.13,22.01,15.87
AL,Alabama,1940,62.98,22.42,14.6
AL,Alabama,1941,59.48,25.32,15.2
AL,Alabama,1942,60.22,26.37,13.42
AL,Alabama,1943,60.54,25.34,14.12
AL,Alabama,1944,61.36,25.24,13.41
AL,Alabama,1945,63.79,23.14,13.08
AL,Alabama,1946,62.28,21.78,15.95
AL,Alabama,1947,58.65,24.99,16.36
AL,Alabama,1948,56.91,25.76,17.33
AL,Alabama,1949,62.03,25.07,12.9
AL,Alabama,1950,61.58,26.28,12.14
AL,Alabama,1951,63.57,24.79,11.64
AL,Alabama,1952,65.16,24.48,10.36
AL,Alabama,1953,64.04,25.64,10.32
AL,Alabama,1954,66.29,26.59,7.12
AL,Alabama,1955,63.46,26.17,10.37
AL,Alabama,1956,66.6,26.82,6.58
AL,Alabama,1957,66.79,27.71,5.51
AL,Alabama,1958,66.96,25.52,7.52
AL,Alabama,1959,68.03,26.13,5.84
AL,Alabama,1960,68.54,25.65,5.81
AL,Alabama,1961,69.45,25.09,5.46
AL,Alabama,1962,68.72,26.5,4.78
AL,Alabama,1963,68.15,26.41,5.44
AL,Alabama,1964,68.92,26.57,4.51
AL,Alabama,1965,68.07,27.62,4.31
AL,Alabama,1966,68.35,27.89,3.77
AL,Alabama,1967,69.15,27.79,3.06
AL,Alabama,1968,68.74,28.17,3.09
AL,Alabama,1969,67.91,28.65,3.45
AL,Alabama,1970,69.29,27.81,2.9
AL,Alabama,1971,70.25,26.79,2.97
AL,Alabama,1972,70.06,26.63,3.32
AL,Alabama,1973,69.15,26.35,4.51
AL,Alabama,1974,70.68,26.7,2.62
AL,Alabama,1975,71.63,25.42,2.95
AL,Alabama,1976,71.34,25.67,3.0
AL,Alabama,1977,71.29,26.55,2.16
AL,Alabama,1978,71.06,26.41,2.52
AL,Alabama,1979,70.46,27.19,2.35
AL,Alabama,1980,72.07,27.04,0.89
AL,Alabama,1981,71.0,27.11,1.9
AL,Alabama,1982,72.89,25.57,1.54
AL,Alabama,1983,73.29,25.68,1.02
AL,Alabama,1984,72.41,26.07,1.52
AL,Alabama,1985,73.18,25.45,1.37
AL,Alabama,1986,73.52,25.22,1.26
AL,Alabama,1987,73.57,25.04,1.39
AL,Alabama,1988,73.42,24.67,1.91
AL,Alabama,1989,73.47,24.42,2.11
AL,Alabama,1990,74.56,23.65,1.79
AL,Alabama,1991,74.77,22.99,2.24
AL,Alabama,1992,75.05,23.08,1.86
AL,Alabama,1993,75.48,22.71,1.81
AL,Alabama,1994,75.74,22.45,1.8
AL,Alabama,1995,76.66,22.06,1.28
AL,Alabama,1996,77.31,21.27,1.42
AL,Alabama,1997,77.64,20.95,1.41
AL,Alabama,1998,78.46,20.05,1.49
AL,Alabama,1999,78.79,19.56,1.65
AL,Alabama,2000,79.72,19.05,1.23
AL,Alabama,2001,80.55,17.72,1.73
AL,Alabama,2002,81.87,16.94,1.19
AL,Alabama,2003,82.35,16.13,1.52
AL,Alabama,2004,81.99,16.04,1.97
AL,Alabama,2005,82.39,15.88,1.73
AL,Alabama,2006,83.17,15.84,0.99
AL,Alabama,2007,83.66,15.55,0.78
AL,Alabama,2008,83.95,15.23,0.81
AL,Alabama,2009,85.31,13.82,0.88
AL,Alabama,2010,85.7,13.57,0.73
AL,Alabama,2011,86.13,13.53,0.35
AL,Alabama,2012,85.61,13.78,0.62
AL,Alabama,2013,84.38,13.91,1.71
AL,Alabama,2014,84.39,14.32,1.29
AL,Alabama,2015,84.37,14.37,1.26
AL,Alabama,2016,84.91,14.41,0.68
AL,Alabama,2017,84.76,14.27,0.97
AL,Alabama,2018,84.98,14.27,0.75
AL,Alabama,2019,85.31,14.17,0.53
AL,Alabama,2020,85.98,13.8,0.22
AL,Alabama,2021,85.26,13.83,0.9
AL,Alabama,2022,84.25,14.35,1.4
AL,Alabama,2023,84.81,14.36,0.82
AL,Alabama,2024,84.76,14.44,0.8
AL,Alabama,2025,84.63,14.4,0.97
AR,Arkansas,1929,54.01,10.97,35.01
AR,Arkansas,1930,68.27,11.9,19.83
AR,Arkansas,1931,60.29,8.33,31.38
AR,Arkansas,1932,65.44,8.56,26.0
AR,Arkansas,1933,60.52,8.81,30.67
AR,Arkansas,1934,60.55,9.38,30.07
AR,Arkansas,1935,57.04,8.58,34.38
AR,Arkansas,1936,57.75,8.78,33.47
AR,Arkansas,1937,55.34,9.35,35.3
AR,Arkansas,1938,59.41,9.12,31.47
AR,Arkansas,1939,59.22,9.68,31.1
AR,Arkansas,1940,58.59,10.52,30.89
AR,Arkansas,1941,56.41,10.17,33.42
AR,Arkansas,1942,60.28,10.37,29.35
AR,Arkansas,1943,63.71,11.72,24.57
AR,Arkansas,1944,61.35,11.14,27.5
AR,Arkansas,1945,67.94,10.14,21.93
AR,Arkansas,1946,57.61,10.53,31.86
AR,Arkansas,1947,55.99,12.83,31.18
AR,Arkansas,1948,51.31,11.95,36.74
AR,Arkansas,1949,59.13,12.44,28.42
AR,Arkansas,1950,58.79,13.99,27.22
AR,Arkansas,1951,60.89,13.78,25.33
AR,Arkansas,1952,62.94,14.44,22.61
AR,Arkansas,1953,64.21,15.57,20.22
AR,Arkansas,1954,64.76,16.18,19.06
AR,Arkansas,1955,61.93,16.34,21.72
AR,Arkansas,1956,64.34,17.6,18.07
AR,Arkansas,1957,67.79,17.44,14.77
AR,Arkansas,1958,67.45,17.73,14.82
AR,Arkansas,1959,64.11,18.66,17.23
AR,Arkansas,1960,65.79,19.45,14.76
AR,Arkansas,1961,65.03,18.87,16.1
AR,Arkansas,1962,66.8,19.9,13.3
AR,Arkansas,1963,66.7,20.78,12.51
AR,Arkansas,1964,66.25,20.88,12.87
AR,Arkansas,1965,67.94,22.18,9.89
AR,Arkansas,1966,65.33,22.64,12.03
AR,Arkansas,1967,67.6,23.62,8.79
AR,Arkansas,1968,66.75,24.32,8.93
AR,Arkansas,1969,66.35,25.26,8.39
AR,Arkansas,1970,65.86,24.79,9.35
AR,Arkansas,1971,67.31,24.4,8.29
AR,Arkansas,1972,66.83,24.57,8.6
AR,Arkansas,1973,62.43,23.91,13.66
AR,Arkansas,1974,64.34,24.24,11.41
AR,Arkansas,1975,67.3,22.42,10.28
AR,Arkansas,1976,68.47,24.11,7.42
AR,Arkansas,1977,67.09,25.43,7.48
AR,Arkansas,1978,65.03,24.64,10.33
AR,Arkansas,1979,66.73,25.19,8.08
AR,Arkansas,1980,70.86,26.2,2.94
AR,Arkansas,1981,67.89,26.06,6.06
AR,Arkansas,1982,70.0,25.5,4.49
AR,Arkansas,1983,71.13,26.14,2.74
AR,Arkansas,1984,69.29,25.61,5.1
AR,Arkansas,1985,70.5,24.78,4.72
AR,Arkansas,1986,70.97,24.87,4.16
AR,Arkansas,1987,70.35,25.1,4.55
AR,Arkansas,1988,69.29,24.67,6.04
AR,Arkansas,1989,70.06,24.67,5.27
AR,Arkansas,1990,71.24,24.54,4.22
AR,Arkansas,1991,71.55,24.18,4.28
AR,Arkansas,1992,71.45,23.62,4.93
AR,Arkansas,1993,71.75,23.86,4.39
AR,Arkansas,1994,71.53,23.97,4.51
AR,Arkansas,1995,72.28,23.4,4.32
AR,Arkansas,1996,72.32,22.37,5.31
AR,Arkansas,1997,73.05,22.17,4.78
AR,Arkansas,1998,74.37,21.68,3.95
AR,Arkansas,1999,74.49,21.28,4.24
AR,Arkansas,2000,75.42,20.77,3.81
AR,Arkansas,2001,76.42,19.29,4.3
AR,Arkansas,2002,78.65,18.7,2.66
AR,Arkansas,2003,77.78,17.51,4.71
AR,Arkansas,2004,78.27,16.64,5.09
AR,Arkansas,2005,80.51,16.17,3.32
AR,Arkansas,2006,81.69,15.73,2.58
AR,Arkansas,2007,81.79,15.07,3.14
AR,Arkansas,2008,82.52,14.82,2.65
AR,Arkansas,2009,84.92,13.49,1.59
AR,Arkansas,2010,85.37,13.52,1.11
AR,Arkansas,2011,85.56,13.3,1.14
AR,Arkansas,2012,85.41,12.9,1.69
AR,Arkansas,2013,83.88,12.46,3.66
AR,Arkansas,2014,83.96,12.81,3.22
AR,Arkansas,2015,85.15,12.99,1.86
AR,Arkansas,2016,85.86,12.82,1.32
AR,Arkansas,2017,85.13,12.75,2.13
AR,Arkansas,2018,85.2,13.05,1.75
AR,Arkansas,2019,86.27,12.82,0.91
AR,Arkansas,2020,86.84,12.37,0.79
AR,Arkansas,2021,85.42,12.18,2.4
AR,Arkansas,2022,84.53,12.07,3.41
AR,Arkansas,2023,85.38,12.07,2.55
AR,Arkansas,2024,85.72,11.93,2.35
AR,Arkansas,2025,86.3,11.72,1.98
AZ,Arizona,1929,75.48,7.97,16.55
AZ,Arizona,1930,76.42,7.15,16.43
AZ,Arizona,1931,82.8,6.37,10.83
AZ,Arizona,1932,83.72,5.41,10.87
AZ,Arizona,1933,80.66,4.58,14.76
AZ,Arizona,1934,79.6,4.88,15.52
AZ,Arizona,1935,73.16,5.33,21.51
AZ,Arizona,1936,77.72,6.2,16.08
AZ,Arizona,1937,79.57,6.56,13.87
AZ,Arizona,1938,80.52,5.73,13.74
AZ,Arizona,1939,80.57,5.82,13.62
AZ,Arizona,1940,80.4,6.01,13.6
AZ,Arizona,1941,79.81,5.72,14.47
AZ,Arizona,1942,79.73,5.69,14.58
AZ,Arizona,1943,80.1,7.38,12.52
AZ,Arizona,1944,76.54,10.51,12.95
AZ,Arizona,1945,76.67,9.55,13.78
AZ,Arizona,1946,77.79,5.88,16.33
AZ,Arizona,1947,77.09,6.48,16.43
AZ,Arizona,1948,76.26,7.09,16.65
AZ,Arizona,1949,75.84,6.67,17.49
AZ,Arizona,1950,75.97,7.03,17.0
AZ,Arizona,1951,71.11,7.35,21.54
AZ,Arizona,1952,72.52,8.65,18.83
AZ,Arizona,1953,73.52,10.67,15.81
AZ,Arizona,1954,75.38,9.96,14.65
AZ,Arizona,1955,77.56,11.13,11.3
AZ,Arizona,1956,77.06,12.37,10.57
AZ,Arizona,1957,77.78,12.8,9.42
AZ,Arizona,1958,80.71,12.6,6.69
AZ,Arizona,1959,80.79,13.42,5.8
AZ,Arizona,1960,81.1,13.4,5.51
AZ,Arizona,1961,81.1,13.5,5.4
AZ,Arizona,1962,81.01,13.9,5.09
AZ,Arizona,1963,81.46,14.56,3.98
AZ,Arizona,1964,81.36,14.34,4.3
AZ,Arizona,1965,80.81,15.17,4.03
AZ,Arizona,1966,79.57,17.0,3.42
AZ,Arizona,1967,79.27,16.84,3.89
AZ,Arizona,1968,78.78,16.8,4.42
AZ,Arizona,1969,79.0,16.92,4.09
AZ,Arizona,1970,81.07,15.69,3.24
AZ,Arizona,1971,82.61,14.22,3.17
AZ,Arizona,1972,82.93,14.27,2.8
AZ,Arizona,1973,82.78,14.4,2.82
AZ,Arizona,1974,81.6,14.34,4.06
AZ,Arizona,1975,83.63,14.12,2.25
AZ,Arizona,1976,83.02,13.95,3.03
AZ,Arizona,1977,83.0,14.85,2.15
AZ,Arizona,1978,83.02,14.82,2.16
AZ,Arizona,1979,81.99,15.73,2.29
AZ,Arizona,1980,80.71,16.85,2.43
AZ,Arizona,1981,80.84,17.25,1.9
AZ,Arizona,1982,81.01,17.23,1.75
AZ,Arizona,1983,81.83,16.85,1.33
AZ,Arizona,1984,81.21,16.93,1.86
AZ,Arizona,1985,81.85,16.59,1.56
AZ,Arizona,1986,82.25,16.38,1.36
AZ,Arizona,1987,82.03,16.28,1.69
AZ,Arizona,1988,82.1,16.04,1.86
AZ,Arizona,1989,82.44,15.93,1.64
AZ,Arizona,1990,83.16,15.4,1.45
AZ,Arizona,1991,83.71,14.73,1.57
AZ,Arizona,1992,84.49,14.18,1.33
AZ,Arizona,1993,84.66,13.9,1.44
AZ,Arizona,1994,85.09,13.95,0.96
AZ,Arizona,1995,85.15,13.59,1.26
AZ,Arizona,1996,85.77,13.2,1.03
AZ,Arizona,1997,85.73,13.31,0.95
AZ,Arizona,1998,85.74,13.25,1.01
AZ,Arizona,1999,86.45,12.63,0.92
AZ,Arizona,2000,86.44,12.76,0.8
AZ,Arizona,2001,87.85,11.44,0.71
AZ,Arizona,2002,88.81,10.49,0.7
AZ,Arizona,2003,89.43,9.93,0.63
AZ,Arizona,2004,89.46,9.72,0.82
AZ,Arizona,2005,90.3,8.99,0.72
AZ,Arizona,2006,90.77,8.76,0.47
AZ,Arizona,2007,90.77,8.69,0.54
AZ,Arizona,2008,90.95,8.65,0.4
AZ,Arizona,2009,91.4,8.27,0.34
AZ,Arizona,2010,91.27,8.27,0.46
AZ,Arizona,2011,91.04,8.19,0.77
AZ,Arizona,2012,91.03,8.42,0.55
AZ,Arizona,2013,91.08,8.11,0.8
AZ,Arizona,2014,91.49,7.94,0.56
AZ,Arizona,2015,91.52,7.82,0.66
AZ,Arizona,2016,91.53,7.76,0.71
AZ,Arizona,2017,91.67,7.7,0.63
AZ,Arizona,2018,91.88,7.66,0.46
AZ,Arizona,2019,91.7,7.79,0.51
AZ,Arizona,2020,91.91,7.72,0.37
AZ,Arizona,2021,92.01,7.69,0.29
AZ,Arizona,2022,92.01,7.48,0.51
AZ,Arizona,2023,92.2,7.38,0.42
AZ,Arizona,2024,92.18,7.41,0.41
AZ,Arizona,2025,92.31,7.23,0.45
CA,California,1929,73.2,16.72,10.07
CA,California,1930,73.56,16.21,10.23
CA,California,1931,76.67,14.93,8.39
CA,California,1932,79.76,13.61,6.63
CA,California,1933,76.81,14.12,9.07
CA,California,1934,74.69,15.32,9.99
CA,California,1935,74.4,15.07,10.53
CA,California,1936,74.53,15.37,10.1
CA,California,1937,74.07,16.62,9.3
CA,California,1938,76.6,15.58,7.81
CA,California,1939,76.64,16.52,6.84
CA,California,1940,75.79,16.72,7.49
CA,California,1941,71.48,20.21,8.32
CA,California,1942,65.44,25.48,9.08
CA,California,1943,62.24,28.29,9.46
CA,California,1944,64.52,26.44,9.04
CA,California,1945,70.19,20.79,9.02
CA,California,1946,73.51,16.31,10.18
CA,California,1947,73.73,17.45,8.82
CA,California,1948,73.89,18.74,7.37
CA,California,1949,74.64,18.54,6.82
CA,California,1950,73.68,19.6,6.72
CA,California,1951,71.79,21.12,7.09
CA,California,1952,71.05,22.25,6.7
CA,California,1953,71.07,23.16,5.77
CA,California,1954,71.15,23.42,5.43
CA,California,1955,70.78,23.93,5.29
CA,California,1956,70.22,24.72,5.06
CA,California,1957,70.25,25.28,4.47
CA,California,1958,71.48,24.4,4.12
CA,California,1959,71.01,25.06,3.93
CA,California,1960,71.46,24.75,3.79
CA,California,1961,72.29,24.28,3.42
CA,California,1962,72.04,24.66,3.3
CA,California,1963,72.76,24.29,2.95
CA,California,1964,73.49,23.48,3.03
CA,California,1965,74.13,23.1,2.76
CA,California,1966,73.52,23.77,2.71
CA,California,1967,73.62,23.98,2.4
CA,California,1968,73.93,23.56,2.51
CA,California,1969,74.6,23.11,2.29
CA,California,1970,76.32,21.5,2.18
CA,California,1971,77.8,20.13,2.07
CA,California,1972,77.58,20.04,2.38
CA,California,1973,76.78,20.32,2.91
CA,California,1974,76.32,20.4,3.28
CA,California,1975,77.63,19.65,2.72
CA,California,1976,77.92,19.5,2.58
CA,California,1977,77.61,20.04,2.35
CA,California,1978,77.81,20.18,2.01
CA,California,1979,76.97,20.71,2.32
CA,California,1980,76.88,20.58,2.54
CA,California,1981,77.33,20.87,1.81
CA,California,1982,77.45,20.75,1.8
CA,California,1983,77.99,20.48,1.53
CA,California,1984,78.23,20.18,1.59
CA,California,1985,78.7,19.82,1.48
CA,California,1986,79.4,19.12,1.48
CA,California,1987,79.72,18.63,1.65
CA,California,1988,80.23,18.18,1.59
CA,California,1989,80.47,18.05,1.48
CA,California,1990,81.23,17.32,1.46
CA,California,1991,81.87,16.89,1.23
CA,California,1992,82.6,16.13,1.27
CA,California,1993,82.86,15.71,1.42
CA,California,1994,83.3,15.36,1.34
CA,California,1995,83.65,15.12,1.23
CA,California,1996,83.73,14.97,1.31
CA,California,1997,83.49,15.21,1.3
CA,California,1998,83.9,14.97,1.12
CA,California,1999,83.86,15.01,1.13
CA,California,2000,83.42,15.58,1.0
CA,California,2001,86.49,12.59,0.92
CA,California,2002,87.58,11.46,0.96
CA,California,2003,87.93,11.03,1.04
CA,California,2004,87.94,10.88,1.18
CA,California,2005,88.14,10.72,1.13
CA,California,2006,88.46,10.64,0.89
CA,California,2007,88.4,10.52,1.08
CA,California,2008,88.66,10.4,0.94
CA,California,2009,88.95,9.96,1.09
CA,California,2010,89.15,9.74,1.11
CA,California,2011,89.19,9.59,1.22
CA,California,2012,89.24,9.44,1.32
CA,California,2013,89.27,9.22,1.5
CA,California,2014,89.18,9.25,1.57
CA,California,2015,89.5,9.11,1.39
CA,California,2016,89.72,9.11,1.17
CA,California,2017,89.68,9.13,1.19
CA,California,2018,90.11,9.0,0.89
CA,California,2019,90.43,8.7,0.87
CA,California,2020,90.04,8.96,1.01
CA,California,2021,90.5,8.72,0.78
CA,California,2022,90.62,8.54,0.84
CA,California,2023,90.78,8.43,0.79
CA,California,2024,90.93,8.08,0.99
CA,California,2025,90.91,8.09,1.0
CO,Colorado,1929,71.09,12.05,16.86
CO,Colorado,1930,69.94,12.0,18.06
CO,Colorado,1931,76.3,12.26,11.44
CO,Colorado,1932,83.26,11.41,5.34
CO,Colorado,1933,75.11,11.03,13.86
CO,Colorado,1934,82.94,11.95,5.11
CO,Colorado,1935,74.22,10.38,15.4
CO,Colorado,1936,73.15,10.28,16.57
CO,Colorado,1937,75.07,11.67,13.26
CO,Colorado,1938,76.15,10.16,13.68
CO,Colorado,1939,77.39,11.41,11.2
CO,Colorado,1940,76.19,11.3,12.5
CO,Colorado,1941,72.32,12.46,15.22
CO,Colorado,1942,70.07,13.67,16.25
CO,Colorado,1943,68.56,13.91,17.53
CO,Colorado,1944,71.43,11.84,16.72
CO,Colorado,1945,71.21,11.77,17.01
CO,Colorado,1946,72.08,10.98,16.94
CO,Colorado,1947,67.03,11.55,21.42
CO,Colorado,1948,69.3,12.74,17.96
CO,Colorado,1949,71.75,12.44,15.81
CO,Colorado,1950,74.75,13.48,11.77
CO,Colorado,1951,74.06,13.3,12.64
CO,Colorado,1952,75.44,13.35,11.22
CO,Colorado,1953,77.45,14.55,8.0
CO,Colorado,1954,80.63,14.04,5.33
CO,Colorado,1955,81.47,14.08,4.45
CO,Colorado,1956,81.67,14.17,4.17
CO,Colorado,1957,79.04,14.4,6.56
CO,Colorado,1958,79.44,14.61,5.95
CO,Colorado,1959,79.79,15.33,4.88
CO,Colorado,1960,79.0,15.97,5.04
CO,Colorado,1961,79.06,16.24,4.71
CO,Colorado,1962,79.66,16.35,3.99
CO,Colorado,1963,80.29,16.29,3.42
CO,Colorado,1964,81.13,15.71,3.17
CO,Colorado,1965,80.67,14.72,4.61
CO,Colorado,1966,80.4,15.78,3.82
CO,Colorado,1967,80.81,15.72,3.46
CO,Colorado,1968,80.71,15.23,4.06
CO,Colorado,1969,80.67,15.59,3.74
CO,Colorado,1970,80.97,15.16,3.86
CO,Colorado,1971,81.86,14.57,3.57
CO,Colorado,1972,81.69,14.87,3.44
CO,Colorado,1973,81.52,14.53,3.96
CO,Colorado,1974,81.02,14.64,4.34
CO,Colorado,1975,82.27,14.26,3.47
CO,Colorado,1976,83.23,14.5,2.27
CO,Colorado,1977,82.99,15.41,1.6
CO,Colorado,1978,83.25,15.67,1.08
CO,Colorado,1979,82.98,16.05,0.97
CO,Colorado,1980,83.38,15.47,1.15
CO,Colorado,1981,83.29,15.64,1.06
CO,Colorado,1982,84.02,15.39,0.59
CO,Colorado,1983,84.0,14.91,1.08
CO,Colorado,1984,83.65,15.18,1.17
CO,Colorado,1985,83.86,15.11,1.03
CO,Colorado,1986,83.89,15.12,1.0
CO,Colorado,1987,83.65,15.2,1.15
CO,Colorado,1988,84.11,14.58,1.31
CO,Colorado,1989,84.1,14.56,1.33
CO,Colorado,1990,84.49,14.08,1.43
CO,Colorado,1991,85.03,13.77,1.2
CO,Colorado,1992,85.67,13.16,1.17
CO,Colorado,1993,86.29,12.43,1.29
CO,Colorado,1994,87.22,11.92,0.86
CO,Colorado,1995,87.47,11.78,0.75
CO,Colorado,1996,87.57,11.57,0.85
CO,Colorado,1997,87.8,11.41,0.79
CO,Colorado,1998,88.19,10.96,0.85
CO,Colorado,1999,88.63,10.48,0.89
CO,Colorado,2000,89.06,10.28,0.66
CO,Colorado,2001,90.27,8.86,0.87
CO,Colorado,2002,90.98,8.44,0.58
CO,Colorado,2003,91.43,7.96,0.6
CO,Colorado,2004,91.43,7.84,0.74
CO,Colorado,2005,91.6,7.59,0.81
CO,Colorado,2006,92.14,7.3,0.55
CO,Colorado,2007,92.23,7.05,0.72
CO,Colorado,2008,92.51,6.91,0.58
CO,Colorado,2009,92.89,6.59,0.52
CO,Colorado,2010,92.98,6.35,0.67
CO,Colorado,2011,92.9,6.27,0.82
CO,Colorado,2012,92.95,6.31,0.74
CO,Colorado,2013,93.25,6.0,0.75
CO,Colorado,2014,93.38,5.89,0.73
CO,Colorado,2015,93.12,6.07,0.81
CO,Colorado,2016,93.28,6.06,0.66
CO,Colorado,2017,93.54,6.0,0.46
CO,Colorado,2018,93.85,5.75,0.4
CO,Colorado,2019,93.68,5.88,0.44
CO,Colorado,2020,93.77,5.84,0.4
CO,Colorado,2021,93.94,5.58,0.48
CO,Colorado,2022,94.31,5.25,0.44
CO,Colorado,2023,94.49,5.09,0.41
CO,Colorado,2024,94.59,5.07,0.34
CO,Colorado,2025,94.62,5.03,0.35
CT,Connecticut,1929,56.99,39.98,3.03
CT,Connecticut,1930,59.7,36.65,3.65
CT,Connecticut,1931,62.12,34.5,3.38
CT,Connecticut,1932,64.63,31.87,3.5
CT,Connecticut,1933,59.92,36.48,3.61
CT,Connecticut,1934,58.95,37.83,3.22
CT,Connecticut,1935,57.32,38.93,3.75
CT,Connecticut,1936,57.24,39.36,3.4
CT,Connecticut,1937,54.8,42.01,3.2
CT,Connecticut,1938,60.79,36.29,2.92
CT,Connecticut,1939,57.56,39.54,2.9
CT,Connecticut,1940,54.4,43.26,2.34
CT,Connecticut,1941,46.88,50.74,2.38
CT,Connecticut,1942,41.04,56.78,2.18
CT,Connecticut,1943,39.16,58.31,2.53
CT,Connecticut,1944,41.78,55.87,2.35
CT,Connecticut,1945,46.52,50.37,3.11
CT,Connecticut,1946,50.7,46.08,3.22
CT,Connecticut,1947,49.68,47.3,3.02
CT,Connecticut,1948,50.13,46.97,2.9
CT,Connecticut,1949,54.37,42.89,2.74
CT,Connecticut,1950,52.18,45.58,2.24
CT,Connecticut,1951,49.33,48.59,2.08
CT,Connecticut,1952,49.64,48.39,1.97
CT,Connecticut,1953,48.56,49.49,1.95
CT,Connecticut,1954,52.31,45.97,1.72
CT,Connecticut,1955,52.97,45.4,1.63
CT,Connecticut,1956,53.23,45.51,1.26
CT,Connecticut,1957,54.43,44.37,1.2
CT,Connecticut,1958,56.9,41.81,1.29
CT,Connecticut,1959,56.05,42.92,1.03
CT,Connecticut,1960,56.35,42.58,1.07
CT,Connecticut,1961,56.91,42.14,0.95
CT,Connecticut,1962,56.51,42.58,0.9
CT,Connecticut,1963,56.79,42.29,0.92
CT,Connecticut,1964,57.64,41.52,0.83
CT,Connecticut,1965,57.4,41.7,0.9
CT,Connecticut,1966,56.43,42.74,0.83
CT,Connecticut,1967,57.51,41.89,0.61
CT,Connecticut,1968,58.47,40.87,0.66
CT,Connecticut,1969,59.42,39.99,0.6
CT,Connecticut,1970,61.93,37.46,0.61
CT,Connecticut,1971,64.99,34.44,0.57
CT,Connecticut,1972,65.15,34.33,0.51
CT,Connecticut,1973,64.54,34.91,0.55
CT,Connecticut,1974,63.72,35.75,0.53
CT,Connecticut,1975,65.1,34.45,0.46
CT,Connecticut,1976,64.9,34.64,0.46
CT,Connecticut,1977,64.55,35.04,0.42
CT,Connecticut,1978,64.93,34.72,0.36
CT,Connecticut,1979,64.5,35.19,0.31
CT,Connecticut,1980,64.36,35.35,0.3
CT,Connecticut,1981,64.38,35.35,0.26
CT,Connecticut,1982,65.26,34.41,0.33
CT,Connecticut,1983,66.88,32.82,0.3
CT,Connecticut,1984,67.78,31.9,0.32
CT,Connecticut,1985,69.04,30.67,0.29
CT,Connecticut,1986,70.43,29.27,0.29
CT,Connecticut,1987,72.5,27.23,0.27
CT,Connecticut,1988,74.36,25.38,0.27
CT,Connecticut,1989,75.35,24.42,0.23
CT,Connecticut,1990,75.75,23.96,0.29
CT,Connecticut,1991,75.89,23.85,0.26
CT,Connecticut,1992,76.78,22.94,0.28
CT,Connecticut,1993,77.69,22.01,0.3
CT,Connecticut,1994,78.38,21.36,0.26
CT,Connecticut,1995,78.88,20.89,0.23
CT,Connecticut,1996,79.29,20.51,0.2
CT,Connecticut,1997,79.59,20.22,0.18
CT,Connecticut,1998,80.14,19.67,0.19
CT,Connecticut,1999,80.92,18.88,0.19
CT,Connecticut,2000,81.82,17.97,0.2
CT,Connecticut,2001,85.43,14.4,0.17
CT,Connecticut,2002,85.97,13.87,0.16
CT,Connecticut,2003,86.58,13.27,0.16
CT,Connecticut,2004,86.92,12.92,0.16
CT,Connecticut,2005,87.14,12.71,0.15
CT,Connecticut,2006,86.73,13.14,0.13
CT,Connecticut,2007,86.54,13.32,0.14
CT,Connecticut,2008,83.22,16.64,0.14
CT,Connecticut,2009,83.88,15.98,0.13
CT,Connecticut,2010,85.11,14.75,0.13
CT,Connecticut,2011,83.81,16.07,0.12
CT,Connecticut,2012,86.07,13.77,0.16
CT,Connecticut,2013,86.76,13.05,0.2
CT,Connecticut,2014,87.32,12.54,0.15
CT,Connecticut,2015,88.34,11.5,0.15
CT,Connecticut,2016,88.77,11.12,0.11
CT,Connecticut,2017,88.83,11.03,0.14
CT,Connecticut,2018,89.2,10.69,0.11
CT,Connecticut,2019,89.21,10.73,0.06
CT,Connecticut,2020,89.74,10.19,0.07
CT,Connecticut,2021,89.63,10.3,0.07
CT,Connecticut,2022,89.94,9.93,0.13
CT,Connecticut,2023,90.22,9.68,0.1
CT,Connecticut,2024,90.7,9.2,0.1
CT,Connecticut,2025,90.9,9.0,0.09
DC,District of Columbia,1929,95.19,4.8,0.0
DC,District of Columbia,1930,94.77,5.23,0.0
DC,District of Columbia,1931,95.04,4.96,0.0
DC,District of Columbia,1932,94.86,5.14,0.0
DC,District of Columbia,1933,95.3,4.69,0.0
DC,District of Columbia,1934,95.53,4.47,0.0
DC,District of Columbia,1935,95.53,4.47,0.0
DC,District of Columbia,1936,95.8,4.2,0.0
DC,District of Columbia,1937,95.96,4.04,0.0
DC,District of Columbia,1938,96.17,3.82,0.0
DC,District of Columbia,1939,96.17,3.83,0.0
DC,District of Columbia,1940,96.19,3.8,0.0
DC,District of Columbia,1941,96.45,3.55,0.0
DC,District of Columbia,1942,97.19,2.81,0.0
DC,District of Columbia,1943,97.21,2.79,0.0
DC,District of Columbia,1944,97.07,2.93,0.0
DC,District of Columbia,1945,97.09,2.91,0.0
DC,District of Columbia,1946,97.17,2.83,0.0
DC,District of Columbia,1947,96.81,3.19,0.0
DC,District of Columbia,1948,95.76,4.2,0.04
DC,District of Columbia,1949,95.83,4.14,0.03
DC,District of Columbia,1950,95.8,4.17,0.02
DC,District of Columbia,1951,95.94,4.04,0.02
DC,District of Columbia,1952,96.11,3.87,0.02
DC,District of Columbia,1953,95.99,4.0,0.01
DC,District of Columbia,1954,96.03,3.96,0.01
DC,District of Columbia,1955,95.99,4.01,0.01
DC,District of Columbia,1956,96.28,3.71,0.01
DC,District of Columbia,1957,96.23,3.77,0.0
DC,District of Columbia,1958,95.77,4.23,0.0
DC,District of Columbia,1959,95.75,4.25,0.0
DC,District of Columbia,1960,95.8,4.2,0.0
DC,District of Columbia,1961,95.95,4.05,0.0
DC,District of Columbia,1962,96.08,3.92,0.0
DC,District of Columbia,1963,96.19,3.81,0.0
DC,District of Columbia,1964,96.3,3.7,0.0
DC,District of Columbia,1965,96.37,3.63,0.0
DC,District of Columbia,1966,96.36,3.64,0.0
DC,District of Columbia,1967,96.59,3.41,0.0
DC,District of Columbia,1968,96.73,3.27,0.0
DC,District of Columbia,1969,96.76,3.24,0.0
DC,District of Columbia,1970,97.09,2.91,0.0
DC,District of Columbia,1971,97.24,2.76,0.0
DC,District of Columbia,1972,97.32,2.68,0.0
DC,District of Columbia,1973,97.36,2.64,0.0
DC,District of Columbia,1974,97.28,2.72,0.0
DC,District of Columbia,1975,97.38,2.62,0.0
DC,District of Columbia,1976,97.42,2.58,0.0
DC,District of Columbia,1977,97.53,2.47,0.0
DC,District of Columbia,1978,97.52,2.48,0.0
DC,District of Columbia,1979,97.41,2.59,0.0
DC,District of Columbia,1980,97.35,2.65,0.0
DC,District of Columbia,1981,97.38,2.62,0.0
DC,District of Columbia,1982,97.54,2.46,0.0
DC,District of Columbia,1983,97.46,2.54,0.0
DC,District of Columbia,1984,97.39,2.61,0.0
DC,District of Columbia,1985,97.24,2.76,0.0
DC,District of Columbia,1986,97.06,2.94,0.0
DC,District of Columbia,1987,97.0,3.0,0.0
DC,District of Columbia,1988,97.03,2.97,0.0
DC,District of Columbia,1989,97.13,2.87,0.0
DC,District of Columbia,1990,97.27,2.73,0.0
DC,District of Columbia,1991,97.46,2.54,0.0
DC,District of Columbia,1992,97.58,2.42,0.0
DC,District of Columbia,1993,97.61,2.39,0.0
DC,District of Columbia,1994,97.75,2.25,0.0
DC,District of Columbia,1995,97.72,2.28,0.0
DC,District of Columbia,1996,97.66,2.34,0.0
DC,District of Columbia,1997,97.64,2.36,0.0
DC,District of Columbia,1998,97.69,2.31,0.0
DC,District of Columbia,1999,97.64,2.36,0.0
DC,District of Columbia,2000,97.84,2.16,0.0
DC,District of Columbia,2001,99.94,0.06,0.0
DC,District of Columbia,2002,99.92,0.08,0.0
DC,District of Columbia,2003,99.9,0.1,0.0
DC,District of Columbia,2004,99.82,0.18,0.0
DC,District of Columbia,2005,99.97,0.03,0.0
DC,District of Columbia,2006,99.98,0.02,0.0
DC,District of Columbia,2007,100.0,0.0,0.0
DC,District of Columbia,2008,99.88,0.12,0.0
DC,District of Columbia,2009,99.87,0.13,0.0
DC,District of Columbia,2010,99.82,0.18,0.0
DC,District of Columbia,2011,99.83,0.17,0.0
DC,District of Columbia,2012,99.84,0.16,0.0
DC,District of Columbia,2013,99.83,0.17,0.0
DC,District of Columbia,2014,99.84,0.16,0.0
DC,District of Columbia,2015,99.83,0.17,0.0
DC,District of Columbia,2016,99.83,0.17,0.0
DC,District of Columbia,2017,99.84,0.16,0.0
DC,District of Columbia,2018,99.84,0.16,0.0
DC,District of Columbia,2019,99.85,0.15,0.0
DC,District of Columbia,2020,99.85,0.15,0.0
DC,District of Columbia,2021,99.85,0.15,0.0
DC,District of Columbia,2022,99.85,0.15,0.0
DC,District of Columbia,2023,99.85,0.15,0.0
DC,District of Columbia,2024,99.85,0.15,0.0
DC,District of Columbia,2025,99.85,0.15,0.0
DE,Delaware,1929,53.27,36.95,9.79
DE,Delaware,1930,55.45,37.25,7.3
DE,Delaware,1931,56.99,34.7,8.31
DE,Delaware,1932,61.65,31.02,7.34
DE,Delaware,1933,59.61,32.84,7.55
DE,Delaware,1934,58.52,32.26,9.21
DE,Delaware,1935,57.52,31.74,10.74
DE,Delaware,1936,58.89,31.8,9.31
DE,Delaware,1937,57.01,33.6,9.39
DE,Delaware,1938,58.8,30.98,10.22
DE,Delaware,1939,59.21,32.64,8.15
DE,Delaware,1940,56.59,36.1,7.31
DE,Delaware,1941,52.55,39.38,8.07
DE,Delaware,1942,49.47,40.65,9.89
DE,Delaware,1943,46.75,44.41,8.84
DE,Delaware,1944,49.82,43.09,7.09
DE,Delaware,1945,53.95,37.21,8.84
DE,Delaware,1946,55.08,36.76,8.16
DE,Delaware,1947,55.01,38.63,6.36
DE,Delaware,1948,53.48,39.94,6.59
DE,Delaware,1949,52.17,40.51,7.32
DE,Delaware,1950,50.88,41.26,7.86
DE,Delaware,1951,50.68,42.66,6.66
DE,Delaware,1952,49.94,44.06,6.0
DE,Delaware,1953,50.49,44.64,4.87
DE,Delaware,1954,53.76,42.71,3.52
DE,Delaware,1955,53.74,42.24,4.02
DE,Delaware,1956,55.32,40.64,4.04
DE,Delaware,1957,53.98,43.21,2.82
DE,Delaware,1958,54.15,42.21,3.64
DE,Delaware,1959,54.94,42.1,2.96
DE,Delaware,1960,54.34,42.44,3.22
DE,Delaware,1961,56.51,40.77,2.73
DE,Delaware,1962,56.2,40.97,2.83
DE,Delaware,1963,56.65,41.27,2.08
DE,Delaware,1964,57.01,41.06,1.92
DE,Delaware,1965,56.37,41.29,2.33
DE,Delaware,1966,56.97,41.42,1.61
DE,Delaware,1967,57.6,40.54,1.87
DE,Delaware,1968,58.55,39.9,1.55
DE,Delaware,1969,58.3,39.0,2.7
DE,Delaware,1970,60.95,37.45,1.6
DE,Delaware,1971,61.72,36.69,1.59
DE,Delaware,1972,62.72,35.44,1.84
DE,Delaware,1973,61.74,35.07,3.19
DE,Delaware,1974,62.11,35.33,2.56
DE,Delaware,1975,62.55,34.76,2.69
DE,Delaware,1976,63.1,34.65,2.25
DE,Delaware,1977,62.71,35.89,1.4
DE,Delaware,1978,63.05,35.57,1.37
DE,Delaware,1979,62.85,36.03,1.12
DE,Delaware,1980,62.13,37.63,0.24
DE,Delaware,1981,61.44,37.82,0.74
DE,Delaware,1982,62.23,36.72,1.05
DE,Delaware,1983,61.97,36.86,1.17
DE,Delaware,1984,61.74,36.95,1.3
DE,Delaware,1985,62.0,36.71,1.29
DE,Delaware,1986,64.27,34.06,1.68
DE,Delaware,1987,66.24,32.55,1.21
DE,Delaware,1988,67.76,30.49,1.76
DE,Delaware,1989,67.28,31.02,1.7
DE,Delaware,1990,68.82,29.99,1.19
DE,Delaware,1991,69.59,29.33,1.07
DE,Delaware,1992,71.19,27.92,0.9
DE,Delaware,1993,72.04,27.15,0.81
DE,Delaware,1994,73.01,26.12,0.87
DE,Delaware,1995,74.3,25.11,0.59
DE,Delaware,1996,75.74,23.49,0.77
DE,Delaware,1997,77.13,22.3,0.57
DE,Delaware,1998,78.18,21.06,0.76
DE,Delaware,1999,79.58,19.74,0.68
DE,Delaware,2000,81.43,17.91,0.65
DE,Delaware,2001,87.22,11.94,0.84
DE,Delaware,2002,86.42,13.24,0.34
DE,Delaware,2003,85.7,13.64,0.67
DE,Delaware,2004,84.77,14.3,0.94
DE,Delaware,2005,87.65,11.3,1.05
DE,Delaware,2006,89.91,9.38,0.71
DE,Delaware,2007,89.6,9.69,0.71
DE,Delaware,2008,90.36,8.84,0.8
DE,Delaware,2009,91.47,7.49,1.05
DE,Delaware,2010,92.42,6.66,0.92
DE,Delaware,2011,93.58,5.66,0.76
DE,Delaware,2012,92.71,6.34,0.95
DE,Delaware,2013,92.47,6.11,1.42
DE,Delaware,2014,92.37,6.05,1.58
DE,Delaware,2015,92.33,6.5,1.17
DE,Delaware,2016,93.2,5.87,0.93
DE,Delaware,2017,92.61,5.96,1.43
DE,Delaware,2018,93.38,5.56,1.07
DE,Delaware,2019,93.34,5.54,1.12
DE,Delaware,2020,93.75,5.67,0.57
DE,Delaware,2021,93.99,5.02,0.98
DE,Delaware,2022,93.28,5.06,1.66
DE,Delaware,2023,92.33,6.55,1.11
DE,Delaware,2024,89.3,9.23,1.47
DE,Delaware,2025,89.56,9.31,1.13
FL,Florida,1929,76.57,12.43,11.0
FL,Florida,1930,73.74,13.76,12.5
FL,Florida,1931,76.08,11.18,12.73
FL,Florida,1932,76.32,11.75,11.93
FL,Florida,1933,79.03,10.72,10.25
FL,Florida,1934,76.39,11.58,12.02
FL,Florida,1935,76.56,11.29,12.15
FL,Florida,1936,77.91,11.15,10.95
FL,Florida,1937,76.51,11.01,12.48
FL,Florida,1938,80.08,10.52,9.4
FL,Florida,1939,78.56,10.85,10.59
FL,Florida,1940,81.12,10.89,7.99
FL,Florida,1941,80.49,10.83,8.69
FL,Florida,1942,80.34,11.56,8.1
FL,Florida,1943,75.47,14.16,10.37
FL,Florida,1944,76.05,14.1,9.85
FL,Florida,1945,78.51,11.13,10.36
FL,Florida,1946,78.33,9.8,11.87
FL,Florida,1947,80.84,9.98,9.17
FL,Florida,1948,82.2,11.07,6.74
FL,Florida,1949,80.71,10.08,9.21
FL,Florida,1950,80.53,10.34,9.13
FL,Florida,1951,81.02,10.61,8.37
FL,Florida,1952,82.45,10.65,6.9
FL,Florida,1953,82.71,10.69,6.6
FL,Florida,1954,82.7,11.28,6.02
FL,Florida,1955,82.36,10.98,6.66
FL,Florida,1956,82.86,11.08,6.06
FL,Florida,1957,83.12,11.61,5.27
FL,Florida,1958,82.9,11.83,5.28
FL,Florida,1959,81.5,12.8,5.7
FL,Florida,1960,81.87,13.39,4.74
FL,Florida,1961,80.8,13.96,5.24
FL,Florida,1962,80.8,14.18,5.02
FL,Florida,1963,81.44,14.06,4.5
FL,Florida,1964,81.51,13.88,4.61
FL,Florida,1965,82.13,13.87,4.0
FL,Florida,1966,81.87,14.44,3.69
FL,Florida,1967,81.69,14.67,3.64
FL,Florida,1968,82.08,14.63,3.29
FL,Florida,1969,82.29,14.27,3.44
FL,Florida,1970,84.11,13.22,2.67
FL,Florida,1971,84.87,12.33,2.81
FL,Florida,1972,85.11,12.09,2.8
FL,Florida,1973,85.2,12.09,2.71
FL,Florida,1974,85.49,11.83,2.68
FL,Florida,1975,85.66,11.52,2.82
FL,Florida,1976,85.72,11.6,2.68
FL,Florida,1977,85.46,12.14,2.4
FL,Florida,1978,85.01,12.52,2.47
FL,Florida,1979,84.96,12.75,2.3
FL,Florida,1980,84.82,12.64,2.54
FL,Florida,1981,85.29,12.81,1.9
FL,Florida,1982,85.0,12.74,2.25
FL,Florida,1983,84.76,12.43,2.81
FL,Florida,1984,85.36,12.77,1.87
FL,Florida,1985,85.61,12.68,1.71
FL,Florida,1986,85.91,12.4,1.69
FL,Florida,1987,86.36,11.98,1.66
FL,Florida,1988,86.46,11.64,1.9
FL,Florida,1989,87.04,11.32,1.64
FL,Florida,1990,87.88,10.83,1.29
FL,Florida,1991,88.06,10.48,1.46
FL,Florida,1992,88.44,10.19,1.37
FL,Florida,1993,88.9,9.78,1.32
FL,Florida,1994,89.41,9.53,1.07
FL,Florida,1995,89.91,9.07,1.02
FL,Florida,1996,90.37,8.78,0.85
FL,Florida,1997,90.55,8.56,0.89
FL,Florida,1998,90.77,8.24,0.99
FL,Florida,1999,91.09,7.96,0.95
FL,Florida,2000,91.5,7.66,0.84
FL,Florida,2001,92.62,6.59,0.79
FL,Florida,2002,92.93,6.33,0.73
FL,Florida,2003,93.32,6.07,0.61
FL,Florida,2004,93.57,5.85,0.58
FL,Florida,2005,93.74,5.63,0.63
FL,Florida,2006,93.85,5.57,0.58
FL,Florida,2007,94.01,5.5,0.49
FL,Florida,2008,94.0,5.53,0.46
FL,Florida,2009,94.27,5.21,0.52
FL,Florida,2010,94.46,4.98,0.56
FL,Florida,2011,94.59,4.93,0.48
FL,Florida,2012,94.51,4.9,0.6
FL,Florida,2013,94.57,4.85,0.58
FL,Florida,2014,94.64,4.79,0.57
FL,Florida,2015,94.49,4.84,0.67
FL,Florida,2016,94.71,4.8,0.49
FL,Florida,2017,94.67,4.82,0.52
FL,Florida,2018,94.84,4.79,0.37
FL,Florida,2019,94.78,4.82,0.4
FL,Florida,2020,94.66,4.94,0.4
FL,Florida,2021,94.8,4.83,0.38
FL,Florida,2022,94.81,4.88,0.31
FL,Florida,2023,94.7,4.92,0.37
FL,Florida,2024,94.65,5.0,0.35
FL,Florida,2025,94.6,5.01,0.39
GA,Georgia,1929,58.78,18.08,23.14
GA,Georgia,1930,61.36,19.76,18.88
GA,Georgia,1931,66.63,18.2,15.16
GA,Georgia,1932,68.67,17.78,13.55
GA,Georgia,1933,61.21,19.6,19.19
GA,Georgia,1934,59.79,19.54,20.67
GA,Georgia,1935,59.15,18.05,22.8
GA,Georgia,1936,60.54,19.36,20.1
GA,Georgia,1937,58.98,20.61,20.4
GA,Georgia,1938,63.4,18.3,18.31
GA,Georgia,1939,63.33,20.15,16.52
GA,Georgia,1940,64.71,19.48,15.8
GA,Georgia,1941,67.39,20.43,12.18
GA,Georgia,1942,66.24,19.46,14.31
GA,Georgia,1943,64.76,21.55,13.69
GA,Georgia,1944,65.08,22.4,12.52
GA,Georgia,1945,66.23,20.28,13.5
GA,Georgia,1946,65.14,20.5,14.36
GA,Georgia,1947,62.76,22.31,14.93
GA,Georgia,1948,63.31,23.29,13.4
GA,Georgia,1949,66.64,22.57,10.79
GA,Georgia,1950,65.01,23.9,11.09
GA,Georgia,1951,65.26,22.83,11.91
GA,Georgia,1952,68.5,22.4,9.11
GA,Georgia,1953,67.23,23.47,9.3
GA,Georgia,1954,70.19,24.02,5.78
GA,Georgia,1955,68.25,24.66,7.09
GA,Georgia,1956,69.28,25.13,5.59
GA,Georgia,1957,70.17,24.77,5.06
GA,Georgia,1958,70.07,23.15,6.78
GA,Georgia,1959,69.99,24.56,5.46
GA,Georgia,1960,70.52,23.98,5.5
GA,Georgia,1961,70.79,23.53,5.68
GA,Georgia,1962,71.02,24.25,4.73
GA,Georgia,1963,70.2,24.24,5.55
GA,Georgia,1964,70.84,24.87,4.29
GA,Georgia,1965,70.25,25.36,4.39
GA,Georgia,1966,70.32,25.62,4.05
GA,Georgia,1967,71.19,25.1,3.71
GA,Georgia,1968,71.78,25.24,2.97
GA,Georgia,1969,71.37,25.38,3.25
GA,Georgia,1970,72.97,24.13,2.9
GA,Georgia,1971,73.91,23.06,3.03
GA,Georgia,1972,74.16,23.07,2.78
GA,Georgia,1973,73.5,22.41,4.09
GA,Georgia,1974,75.02,21.73,3.25
GA,Georgia,1975,76.26,20.79,2.95
GA,Georgia,1976,75.33,22.09,2.58
GA,Georgia,1977,75.89,22.78,1.34
GA,Georgia,1978,75.61,22.56,1.83
GA,Georgia,1979,75.36,22.93,1.72
GA,Georgia,1980,77.32,22.57,0.11
GA,Georgia,1981,76.43,22.32,1.24
GA,Georgia,1982,77.07,21.41,1.51
GA,Georgia,1983,77.66,21.38,0.96
GA,Georgia,1984,77.24,21.07,1.68
GA,Georgia,1985,78.16,20.59,1.26
GA,Georgia,1986,78.44,20.36,1.2
GA,Georgia,1987,78.75,20.05,1.2
GA,Georgia,1988,79.27,19.31,1.42
GA,Georgia,1989,79.72,18.7,1.58
GA,Georgia,1990,80.72,17.9,1.38
GA,Georgia,1991,80.79,17.57,1.65
GA,Georgia,1992,80.9,17.52,1.58
GA,Georgia,1993,81.52,17.15,1.34
GA,Georgia,1994,81.31,17.05,1.64
GA,Georgia,1995,81.86,16.75,1.39
GA,Georgia,1996,82.5,16.14,1.35
GA,Georgia,1997,82.88,15.89,1.24
GA,Georgia,1998,83.61,15.28,1.11
GA,Georgia,1999,84.09,14.81,1.1
GA,Georgia,2000,84.83,14.2,0.97
GA,Georgia,2001,86.77,12.12,1.11
GA,Georgia,2002,87.52,11.68,0.81
GA,Georgia,2003,87.92,11.11,0.97
GA,Georgia,2004,88.05,10.98,0.97
GA,Georgia,2005,88.31,10.64,1.05
GA,Georgia,2006,88.88,10.49,0.64
GA,Georgia,2007,89.12,10.14,0.74
GA,Georgia,2008,89.21,9.91,0.88
GA,Georgia,2009,89.98,9.23,0.8
GA,Georgia,2010,90.26,9.18,0.56
GA,Georgia,2011,90.14,9.23,0.63
GA,Georgia,2012,89.83,9.24,0.93
GA,Georgia,2013,89.76,9.29,0.95
GA,Georgia,2014,89.95,9.23,0.81
GA,Georgia,2015,90.01,9.13,0.86
GA,Georgia,2016,90.39,9.01,0.6
GA,Georgia,2017,90.42,8.86,0.72
GA,Georgia,2018,90.59,8.93,0.49
GA,Georgia,2019,90.69,8.8,0.5
GA,Georgia,2020,90.83,8.83,0.35
GA,Georgia,2021,91.04,8.51,0.45
GA,Georgia,2022,90.62,8.64,0.74
GA,Georgia,2023,90.86,8.71,0.43
GA,Georgia,2024,90.75,8.67,0.58
GA,Georgia,2025,90.87,8.66,0.47
HI,Hawaii,1950,79.16,9.43,11.41
HI,Hawaii,1951,81.04,8.56,10.4
HI,Hawaii,1952,82.42,8.02,9.56
HI,Hawaii,1953,82.47,8.15,9.38
HI,Hawaii,1954,82.0,8.2,9.79
HI,Hawaii,1955,82.28,8.25,9.48
HI,Hawaii,1956,82.77,7.99,9.24
HI,Hawaii,1957,83.38,7.92,8.71
HI,Hawaii,1958,84.83,9.37,5.8
HI,Hawaii,1959,84.32,9.69,5.98
HI,Hawaii,1960,85.0,9.0,6.0
HI,Hawaii,1961,86.08,8.77,5.15
HI,Hawaii,1962,86.54,8.38,5.08
HI,Hawaii,1963,86.61,8.14,5.26
HI,Hawaii,1964,87.37,7.74,4.89
HI,Hawaii,1965,87.95,7.44,4.61
HI,Hawaii,1966,88.36,7.26,4.38
HI,Hawaii,1967,88.71,7.08,4.21
HI,Hawaii,1968,88.98,6.6,4.42
HI,Hawaii,1969,89.64,6.44,3.92
HI,Hawaii,1970,90.03,6.13,3.83
HI,Hawaii,1971,90.41,6.07,3.52
HI,Hawaii,1972,91.02,5.76,3.22
HI,Hawaii,1973,91.71,5.23,3.06
HI,Hawaii,1974,88.22,5.14,6.64
HI,Hawaii,1975,91.0,5.33,3.67
HI,Hawaii,1976,91.85,5.22,2.93
HI,Hawaii,1977,91.66,5.46,2.88
HI,Hawaii,1978,92.09,5.53,2.38
HI,Hawaii,1979,91.42,6.14,2.44
HI,Hawaii,1980,90.37,5.47,4.16
HI,Hawaii,1981,92.13,5.78,2.09
HI,Hawaii,1982,92.16,5.53,2.31
HI,Hawaii,1983,91.44,5.49,3.08
HI,Hawaii,1984,92.85,5.11,2.05
HI,Hawaii,1985,93.06,5.16,1.78
HI,Hawaii,1986,93.13,4.96,1.92
HI,Hawaii,1987,93.48,4.87,1.66
HI,Hawaii,1988,93.77,4.6,1.63
HI,Hawaii,1989,94.06,4.55,1.39
HI,Hawaii,1990,94.65,4.03,1.32
HI,Hawaii,1991,95.09,3.8,1.1
HI,Hawaii,1992,95.41,3.62,0.98
HI,Hawaii,1993,95.53,3.53,0.94
HI,Hawaii,1994,95.6,3.49,0.91
HI,Hawaii,1995,95.75,3.39,0.86
HI,Hawaii,1996,95.91,3.25,0.85
HI,Hawaii,1997,95.9,3.24,0.86
HI,Hawaii,1998,96.0,3.1,0.9
HI,Hawaii,1999,95.97,3.05,0.98
HI,Hawaii,2000,96.1,3.0,0.9
HI,Hawaii,2001,96.68,2.48,0.84
HI,Hawaii,2002,96.9,2.26,0.84
HI,Hawaii,2003,97.02,2.2,0.79
HI,Hawaii,2004,97.04,2.23,0.74
HI,Hawaii,2005,97.21,2.08,0.71
HI,Hawaii,2006,97.3,2.03,0.67
HI,Hawaii,2007,97.39,1.99,0.62
HI,Hawaii,2008,97.37,2.01,0.62
HI,Hawaii,2009,97.39,1.88,0.73
HI,Hawaii,2010,97.55,1.77,0.68
HI,Hawaii,2011,97.49,1.78,0.72
HI,Hawaii,2012,97.43,1.78,0.78
HI,Hawaii,2013,97.44,1.82,0.74
HI,Hawaii,2014,97.5,1.85,0.64
HI,Hawaii,2015,97.55,1.77,0.68
HI,Hawaii,2016,97.66,1.79,0.55
HI,Hawaii,2017,97.69,1.77,0.54
HI,Hawaii,2018,97.81,1.78,0.42
HI,Hawaii,2019,97.91,1.72,0.37
HI,Hawaii,2020,97.85,1.71,0.44
HI,Hawaii,2021,97.89,1.65,0.46
HI,Hawaii,2022,97.93,1.58,0.49
HI,Hawaii,2023,97.93,1.6,0.47
HI,Hawaii,2024,97.8,1.6,0.59
HI,Hawaii,2025,97.92,1.6,0.47
IA,Iowa,1929,55.22,11.77,33.02
IA,Iowa,1930,59.62,12.31,28.07
IA,Iowa,1931,68.35,12.91,18.74
IA,Iowa,1932,69.65,12.72,17.62
IA,Iowa,1933,70.72,13.53,15.75
IA,Iowa,1934,77.28,15.37,7.35
IA,Iowa,1935,50.29,10.0,39.72
IA,Iowa,1936,64.94,13.28,21.78
IA,Iowa,1937,48.4,10.94,40.66
IA,Iowa,1938,56.71,11.7,31.59
IA,Iowa,1939,57.12,12.76,30.12
IA,Iowa,1940,55.75,13.16,31.09
IA,Iowa,1941,53.24,13.74,33.02
IA,Iowa,1942,42.63,14.56,42.81
IA,Iowa,1943,42.38,15.92,41.69
IA,Iowa,1944,48.81,18.02,33.17
IA,Iowa,1945,51.1,16.03,32.86
IA,Iowa,1946,47.44,13.0,39.56
IA,Iowa,1947,51.8,16.03,32.17
IA,Iowa,1948,43.21,13.67,43.12
IA,Iowa,1949,54.96,16.93,28.11
IA,Iowa,1950,50.08,16.02,33.9
IA,Iowa,1951,51.18,18.35,30.47
IA,Iowa,1952,50.64,18.49,30.87
IA,Iowa,1953,55.1,20.49,24.41
IA,Iowa,1954,52.51,18.32,29.17
IA,Iowa,1955,60.16,21.57,18.27
IA,Iowa,1956,60.0,21.79,18.21
IA,Iowa,1957,56.56,20.26,23.17
IA,Iowa,1958,57.18,20.2,22.62
IA,Iowa,1959,60.57,23.03,16.4
IA,Iowa,1960,61.62,22.6,15.77
IA,Iowa,1961,60.92,21.6,17.48
IA,Iowa,1962,60.84,21.79,17.37
IA,Iowa,1963,59.8,21.75,18.45
IA,Iowa,1964,61.28,22.46,16.27
IA,Iowa,1965,58.54,21.71,19.74
IA,Iowa,1966,58.17,22.56,19.27
IA,Iowa,1967,61.05,23.75,15.2
IA,Iowa,1968,62.14,24.27,13.59
IA,Iowa,1969,61.42,23.75,14.82
IA,Iowa,1970,62.79,23.33,13.88
IA,Iowa,1971,65.48,23.35,11.17
IA,Iowa,1972,62.18,23.34,14.48
IA,Iowa,1973,56.45,21.8,21.75
IA,Iowa,1974,61.65,24.82,13.53
IA,Iowa,1975,62.84,23.04,14.12
IA,Iowa,1976,67.55,24.15,8.3
IA,Iowa,1977,67.09,25.4,7.51
IA,Iowa,1978,63.13,24.1,12.76
IA,Iowa,1979,65.79,26.43,7.77
IA,Iowa,1980,69.28,27.21,3.5
IA,Iowa,1981,66.34,26.4,7.26
IA,Iowa,1982,70.67,25.58,3.75
IA,Iowa,1983,74.21,25.76,0.03
IA,Iowa,1984,69.88,24.27,5.85
IA,Iowa,1985,69.9,23.35,6.75
IA,Iowa,1986,69.5,22.65,7.85
IA,Iowa,1987,68.54,23.06,8.4
IA,Iowa,1988,70.88,23.72,5.4
IA,Iowa,1989,69.7,23.08,7.21
IA,Iowa,1990,70.19,22.69,7.12
IA,Iowa,1991,72.6,22.45,4.96
IA,Iowa,1992,71.29,21.81,6.9
IA,Iowa,1993,74.91,22.81,2.27
IA,Iowa,1994,71.49,21.95,6.56
IA,Iowa,1995,74.05,21.87,4.08
IA,Iowa,1996,72.1,20.24,7.66
IA,Iowa,1997,72.89,20.44,6.66
IA,Iowa,1998,75.34,20.62,4.04
IA,Iowa,1999,76.83,20.29,2.88
IA,Iowa,2000,75.94,19.9,4.16
IA,Iowa,2001,77.45,18.8,3.75
IA,Iowa,2002,78.55,18.02,3.44
IA,Iowa,2003,78.66,17.83,3.51
IA,Iowa,2004,75.47,17.76,6.77
IA,Iowa,2005,76.23,18.46,5.3
IA,Iowa,2006,77.07,19.2,3.72
IA,Iowa,2007,76.28,18.9,4.82
IA,Iowa,2008,76.11,18.2,5.69
IA,Iowa,2009,80.19,15.82,3.99
IA,Iowa,2010,80.38,15.26,4.36
IA,Iowa,2011,76.53,15.19,8.28
IA,Iowa,2012,77.03,15.75,7.22
IA,Iowa,2013,75.64,15.63,8.73
IA,Iowa,2014,77.68,16.44,5.87
IA,Iowa,2015,78.63,16.39,4.98
IA,Iowa,2016,81.14,16.12,2.74
IA,Iowa,2017,80.45,16.2,3.36
IA,Iowa,2018,79.76,16.53,3.71
IA,Iowa,2019,81.05,16.32,2.63
IA,Iowa,2020,81.66,16.0,2.34
IA,Iowa,2021,78.18,15.69,6.13
IA,Iowa,2022,74.55,17.2,8.25
IA,Iowa,2023,78.07,16.76,5.17
IA,Iowa,2024,80.19,15.81,4.0
IA,Iowa,2025,79.61,15.32,5.07
ID,Idaho,1929,53.22,13.3,33.48
ID,Idaho,1930,51.95,10.32,37.74
ID,Idaho,1931,62.54,9.62,27.84
ID,Idaho,1932,69.21,8.26,22.53
ID,Idaho,1933,74.89,9.74,15.37
ID,Idaho,1934,52.1,7.71,40.2
ID,Idaho,1935,57.93,8.63,33.44
ID,Idaho,1936,57.09,8.64,34.27
ID,Idaho,1937,65.42,11.33,23.25
ID,Idaho,1938,64.43,10.1,25.47
ID,Idaho,1939,62.8,9.56,27.64
ID,Idaho,1940,64.49,9.73,25.78
ID,Idaho,1941,61.05,8.79,30.16
ID,Idaho,1942,63.55,7.18,29.27
ID,Idaho,1943,61.25,6.83,31.92
ID,Idaho,1944,62.36,7.22,30.43
ID,Idaho,1945,61.28,7.9,30.82
ID,Idaho,1946,59.32,8.82,31.86
ID,Idaho,1947,58.24,9.68,32.08
ID,Idaho,1948,57.66,10.85,31.49
ID,Idaho,1949,62.44,11.3,26.26
ID,Idaho,1950,62.77,12.47,24.77
ID,Idaho,1951,62.61,13.02,24.37
ID,Idaho,1952,61.07,12.61,26.32
ID,Idaho,1953,65.01,13.3,21.69
ID,Idaho,1954,65.15,13.78,21.07
ID,Idaho,1955,66.46,14.66,18.88
ID,Idaho,1956,65.82,14.93,19.25
ID,Idaho,1957,66.9,14.56,18.53
ID,Idaho,1958,68.98,14.51,16.51
ID,Idaho,1959,68.67,15.84,15.49
ID,Idaho,1960,69.58,15.77,14.65
ID,Idaho,1961,70.57,15.56,13.88
ID,Idaho,1962,70.98,15.37,13.65
ID,Idaho,1963,70.08,15.93,13.99
ID,Idaho,1964,74.48,15.05,10.47
ID,Idaho,1965,70.07,14.34,15.59
ID,Idaho,1966,72.41,15.67,11.92
ID,Idaho,1967,71.5,15.59,12.91
ID,Idaho,1968,72.47,16.65,10.88
ID,Idaho,1969,70.51,16.48,13.01
ID,Idaho,1970,71.54,15.83,12.63
ID,Idaho,1971,72.97,16.05,10.97
ID,Idaho,1972,71.73,16.05,12.22
ID,Idaho,1973,69.31,15.86,14.83
ID,Idaho,1974,67.49,15.04,17.47
ID,Idaho,1975,73.8,15.9,10.3
ID,Idaho,1976,75.11,16.81,8.08
ID,Idaho,1977,76.79,18.02,5.19
ID,Idaho,1978,75.82,18.45,5.73
ID,Idaho,1979,77.2,18.81,3.99
ID,Idaho,1980,75.87,17.74,6.39
ID,Idaho,1981,76.06,17.72,6.22
ID,Idaho,1982,77.37,16.88,5.75
ID,Idaho,1983,75.5,16.77,7.74
ID,Idaho,1984,76.29,17.48,6.22
ID,Idaho,1985,77.09,17.45,5.46
ID,Idaho,1986,77.16,17.23,5.61
ID,Idaho,1987,76.11,17.37,6.52
ID,Idaho,1988,75.79,17.52,6.69
ID,Idaho,1989,74.39,17.6,8.01
ID,Idaho,1990,74.88,16.84,8.29
ID,Idaho,1991,76.51,16.95,6.54
ID,Idaho,1992,76.91,16.85,6.24
ID,Idaho,1993,75.9,17.06,7.03
ID,Idaho,1994,77.53,17.74,4.73
ID,Idaho,1995,77.72,17.43,4.85
ID,Idaho,1996,78.1,16.71,5.2
ID,Idaho,1997,79.12,16.9,3.98
ID,Idaho,1998,79.27,16.1,4.63
ID,Idaho,1999,79.07,16.42,4.51
ID,Idaho,2000,78.4,17.43,4.17
ID,Idaho,2001,82.88,12.62,4.5
ID,Idaho,2002,83.36,12.41,4.24
ID,Idaho,2003,84.85,11.9,3.25
ID,Idaho,2004,83.55,11.64,4.81
ID,Idaho,2005,84.53,11.55,3.92
ID,Idaho,2006,85.18,11.52,3.3
ID,Idaho,2007,83.77,11.51,4.71
ID,Idaho,2008,84.11,11.13,4.77
ID,Idaho,2009,86.61,10.35,3.04
ID,Idaho,2010,85.6,10.2,4.21
ID,Idaho,2011,83.95,10.2,5.85
ID,Idaho,2012,83.78,10.51,5.71
ID,Idaho,2013,82.68,11.25,6.07
ID,Idaho,2014,82.03,11.89,6.08
ID,Idaho,2015,83.2,11.39,5.41
ID,Idaho,2016,83.99,11.31,4.7
ID,Idaho,2017,84.27,12.17,3.56
ID,Idaho,2018,84.81,11.77,3.42
ID,Idaho,2019,85.54,10.58,3.88
ID,Idaho,2020,85.23,10.34,4.42
ID,Idaho,2021,87.23,9.78,2.99
ID,Idaho,2022,86.43,9.37,4.21
ID,Idaho,2023,87.23,9.13,3.64
ID,Idaho,2024,87.18,9.49,3.33
ID,Idaho,2025,86.43,9.72,3.86
IL,Illinois,1929,65.25,28.8,5.95
IL,Illinois,1930,67.41,27.67,4.92
IL,Illinois,1931,68.31,25.84,5.85
IL,Illinois,1932,71.44,24.07,4.48
IL,Illinois,1933,70.48,26.1,3.42
IL,Illinois,1934,68.59,27.69,3.72
IL,Illinois,1935,64.04,26.93,9.03
IL,Illinois,1936,66.19,28.63,5.18
IL,Illinois,1937,60.37,29.87,9.76
IL,Illinois,1938,66.98,27.42,5.6
IL,Illinois,1939,66.12,28.12,5.76
IL,Illinois,1940,66.01,29.42,4.57
IL,Illinois,1941,61.12,32.24,6.64
IL,Illinois,1942,58.26,34.42,7.33
IL,Illinois,1943,55.87,36.72,7.42
IL,Illinois,1944,56.06,37.75,6.18
IL,Illinois,1945,58.66,34.91,6.43
IL,Illinois,1946,60.38,31.85,7.77
IL,Illinois,1947,58.99,34.51,6.51
IL,Illinois,1948,57.45,33.02,9.53
IL,Illinois,1949,61.73,32.6,5.67
IL,Illinois,1950,60.08,33.94,5.99
IL,Illinois,1951,59.08,34.56,6.37
IL,Illinois,1952,59.49,35.0,5.5
IL,Illinois,1953,58.89,36.62,4.49
IL,Illinois,1954,60.55,34.57,4.88
IL,Illinois,1955,60.8,35.57,3.63
IL,Illinois,1956,60.41,35.54,4.05
IL,Illinois,1957,61.35,35.03,3.61
IL,Illinois,1958,63.21,32.71,4.07
IL,Illinois,1959,63.12,33.95,2.92
IL,Illinois,1960,63.85,33.37,2.78
IL,Illinois,1961,64.29,32.3,3.41
IL,Illinois,1962,63.91,32.91,3.17
IL,Illinois,1963,64.2,32.65,3.15
IL,Illinois,1964,64.53,33.07,2.4
IL,Illinois,1965,64.0,33.0,3.01
IL,Illinois,1966,63.5,33.54,2.96
IL,Illinois,1967,64.72,32.6,2.68
IL,Illinois,1968,65.83,32.32,1.85
IL,Illinois,1969,65.57,32.2,2.23
IL,Illinois,1970,67.16,31.16,1.68
IL,Illinois,1971,68.44,29.62,1.93
IL,Illinois,1972,68.27,29.72,2.01
IL,Illinois,1973,66.77,29.92,3.31
IL,Illinois,1974,67.06,30.17,2.78
IL,Illinois,1975,68.2,27.96,3.84
IL,Illinois,1976,69.28,28.27,2.45
IL,Illinois,1977,69.0,28.78,2.22
IL,Illinois,1978,69.37,28.88,1.76
IL,Illinois,1979,69.47,28.58,1.95
IL,Illinois,1980,71.57,28.04,0.39
IL,Illinois,1981,71.28,27.28,1.44
IL,Illinois,1982,73.57,25.59,0.85
IL,Illinois,1983,75.6,24.4,0.0
IL,Illinois,1984,74.84,24.18,0.98
IL,Illinois,1985,75.48,23.22,1.3
IL,Illinois,1986,76.72,22.26,1.02
IL,Illinois,1987,77.48,21.57,0.95
IL,Illinois,1988,77.81,21.67,0.52
IL,Illinois,1989,77.64,21.11,1.24
IL,Illinois,1990,78.44,20.6,0.95
IL,Illinois,1991,79.19,20.29,0.52
IL,Illinois,1992,79.24,19.76,1.01
IL,Illinois,1993,79.31,19.88,0.81
IL,Illinois,1994,79.01,19.96,1.03
IL,Illinois,1995,80.24,19.5,0.26
IL,Illinois,1996,80.08,18.91,1.0
IL,Illinois,1997,80.23,18.96,0.81
IL,Illinois,1998,81.28,18.17,0.55
IL,Illinois,1999,82.03,17.61,0.36
IL,Illinois,2000,82.54,16.89,0.57
IL,Illinois,2001,85.66,13.83,0.51
IL,Illinois,2002,86.47,13.24,0.29
IL,Illinois,2003,86.68,12.78,0.54
IL,Illinois,2004,86.4,12.59,1.01
IL,Illinois,2005,87.0,12.53,0.47
IL,Illinois,2006,87.35,12.16,0.49
IL,Illinois,2007,87.23,12.0,0.77
IL,Illinois,2008,87.12,11.77,1.11
IL,Illinois,2009,88.22,11.1,0.68
IL,Illinois,2010,88.25,11.09,0.67
IL,Illinois,2011,87.23,11.46,1.31
IL,Illinois,2012,87.38,11.9,0.72
IL,Illinois,2013,87.05,11.19,1.76
IL,Illinois,2014,88.16,11.05,0.79
IL,Illinois,2015,88.95,10.97,0.08
IL,Illinois,2016,88.76,10.69,0.55
IL,Illinois,2017,88.77,10.75,0.47
IL,Illinois,2018,88.59,10.82,0.59
IL,Illinois,2019,88.95,10.65,0.4
IL,Illinois,2020,88.72,10.51,0.76
IL,Illinois,2021,88.67,10.01,1.33
IL,Illinois,2022,87.59,10.97,1.44
IL,Illinois,2023,88.65,10.32,1.03
IL,Illinois,2024,89.13,10.25,0.62
IL,Illinois,2025,89.32,10.12,0.56
IN,Indiana,1929,53.12,35.0,11.88
IN,Indiana,1930,56.91,33.06,10.03
IN,Indiana,1931,57.61,29.9,12.49
IN,Indiana,1932,63.27,28.02,8.7
IN,Indiana,1933,58.72,31.42,9.87
IN,Indiana,1934,56.54,33.05,10.42
IN,Indiana,1935,51.29,31.64,17.07
IN,Indiana,1936,54.24,34.78,10.98
IN,Indiana,1937,48.67,35.7,15.63
IN,Indiana,1938,57.52,31.21,11.27
IN,Indiana,1939,54.61,34.6,10.79
IN,Indiana,1940,54.17,37.89,7.94
IN,Indiana,1941,48.88,40.09,11.04
IN,Indiana,1942,45.38,41.61,13.01
IN,Indiana,1943,42.96,45.55,11.49
IN,Indiana,1944,44.98,45.66,9.35
IN,Indiana,1945,49.22,38.67,12.11
IN,Indiana,1946,52.32,34.85,12.83
IN,Indiana,1947,49.33,38.76,11.92
IN,Indiana,1948,47.65,38.19,14.16
IN,Indiana,1949,51.39,38.82,9.8
IN,Indiana,1950,50.06,41.21,8.73
IN,Indiana,1951,49.78,41.17,9.05
IN,Indiana,1952,50.82,41.85,7.33
IN,Indiana,1953,49.01,43.96,7.02
IN,Indiana,1954,50.91,41.31,7.78
IN,Indiana,1955,51.07,43.79,5.13
IN,Indiana,1956,52.82,42.49,4.69
IN,Indiana,1957,52.67,42.68,4.65
IN,Indiana,1958,54.12,40.54,5.34
IN,Indiana,1959,53.58,42.95,3.47
IN,Indiana,1960,53.68,42.22,4.09
IN,Indiana,1961,54.15,40.75,5.1
IN,Indiana,1962,53.33,42.05,4.62
IN,Indiana,1963,53.56,41.87,4.57
IN,Indiana,1964,55.03,42.22,2.75
IN,Indiana,1965,53.44,42.01,4.55
IN,Indiana,1966,53.59,42.8,3.6
IN,Indiana,1967,55.02,41.87,3.1
IN,Indiana,1968,55.55,41.93,2.52
IN,Indiana,1969,54.96,41.72,3.32
IN,Indiana,1970,57.11,40.63,2.26
IN,Indiana,1971,57.37,39.33,3.3
IN,Indiana,1972,57.1,40.35,2.55
IN,Indiana,1973,54.77,39.88,5.35
IN,Indiana,1974,56.85,40.1,3.05
IN,Indiana,1975,58.34,37.3,4.37
IN,Indiana,1976,57.91,38.29,3.79
IN,Indiana,1977,58.1,39.61,2.29
IN,Indiana,1978,58.27,39.67,2.06
IN,Indiana,1979,58.72,39.56,1.73
IN,Indiana,1980,60.95,38.1,0.96
IN,Indiana,1981,60.55,38.73,0.72
IN,Indiana,1982,62.56,36.72,0.72
IN,Indiana,1983,63.36,36.64,0.0
IN,Indiana,1984,62.14,36.36,1.51
IN,Indiana,1985,63.24,35.47,1.29
IN,Indiana,1986,64.52,34.45,1.03
IN,Indiana,1987,65.05,33.69,1.26
IN,Indiana,1988,65.73,33.84,0.44
IN,Indiana,1989,65.7,32.93,1.38
IN,Indiana,1990,67.14,31.7,1.17
IN,Indiana,1991,68.46,31.22,0.32
IN,Indiana,1992,67.84,31.13,1.03
IN,Indiana,1993,67.79,31.22,0.99
IN,Indiana,1994,67.91,31.21,0.89
IN,Indiana,1995,68.59,31.05,0.36
IN,Indiana,1996,68.97,29.86,1.17
IN,Indiana,1997,69.47,29.45,1.08
IN,Indiana,1998,70.47,28.87,0.66
IN,Indiana,1999,70.84,28.77,0.39
IN,Indiana,2000,71.47,27.86,0.67
IN,Indiana,2001,74.05,25.14,0.81
IN,Indiana,2002,74.75,24.9,0.35
IN,Indiana,2003,74.52,24.58,0.9
IN,Indiana,2004,74.17,24.42,1.41
IN,Indiana,2005,74.94,24.18,0.88
IN,Indiana,2006,75.52,23.77,0.71
IN,Indiana,2007,75.9,23.13,0.97
IN,Indiana,2008,76.45,22.13,1.42
IN,Indiana,2009,79.37,19.63,1.0
IN,Indiana,2010,79.4,19.6,1.0
IN,Indiana,2011,78.95,19.43,1.62
IN,Indiana,2012,78.92,19.81,1.27
IN,Indiana,2013,77.46,19.67,2.86
IN,Indiana,2014,77.94,20.44,1.61
IN,Indiana,2015,78.54,20.78,0.68
IN,Indiana,2016,78.94,20.25,0.8
IN,Indiana,2017,78.83,20.41,0.76
IN,Indiana,2018,78.91,20.37,0.71
IN,Indiana,2019,79.77,19.7,0.53
IN,Indiana,2020,80.36,18.48,1.16
IN,Indiana,2021,79.99,18.49,1.52
IN,Indiana,2022,79.84,18.56,1.6
IN,Indiana,2023,80.39,18.18,1.43
IN,Indiana,2024,81.09,18.08,0.84
IN,Indiana,2025,80.6,18.17,1.23
KS,Kansas,1929,63.49,10.36,26.15
KS,Kansas,1930,66.24,10.51,23.25
KS,Kansas,1931,67.28,10.09,22.63
KS,Kansas,1932,79.1,12.46,8.44
KS,Kansas,1933,74.61,11.63,13.76
KS,Kansas,1934,74.43,12.79,12.78
KS,Kansas,1935,63.87,9.4,26.73
KS,Kansas,1936,69.29,10.24,20.47
KS,Kansas,1937,65.02,10.28,24.71
KS,Kansas,1938,70.96,10.44,18.59
KS,Kansas,1939,71.9,11.12,16.98
KS,Kansas,1940,68.58,11.63,19.79
KS,Kansas,1941,63.41,12.56,24.02
KS,Kansas,1942,56.36,15.78,27.86
KS,Kansas,1943,56.44,19.8,23.76
KS,Kansas,1944,54.28,21.38,24.34
KS,Kansas,1945,59.78,17.23,22.99
KS,Kansas,1946,61.14,11.48,27.37
KS,Kansas,1947,53.19,11.29,35.52
KS,Kansas,1948,60.73,12.72,26.55
KS,Kansas,1949,65.2,13.92,20.88
KS,Kansas,1950,62.13,14.53,23.34
KS,Kansas,1951,64.08,18.7,17.23
KS,Kansas,1952,60.92,19.61,19.47
KS,Kansas,1953,67.85,22.25,9.9
KS,Kansas,1954,65.66,21.22,13.11
KS,Kansas,1955,70.81,21.37,7.82
KS,Kansas,1956,71.61,21.15,7.24
KS,Kansas,1957,70.2,21.96,7.83
KS,Kansas,1958,66.27,19.12,14.61
KS,Kansas,1959,69.99,19.84,10.17
KS,Kansas,1960,69.19,18.97,11.84
KS,Kansas,1961,69.51,18.94,11.55
KS,Kansas,1962,70.0,19.59,10.41
KS,Kansas,1963,70.9,19.34,9.75
KS,Kansas,1964,71.56,19.96,8.47
KS,Kansas,1965,70.73,19.26,10.01
KS,Kansas,1966,69.61,20.87,9.51
KS,Kansas,1967,70.74,21.5,7.76
KS,Kansas,1968,71.89,21.1,7.01
KS,Kansas,1969,72.54,20.02,7.45
KS,Kansas,1970,72.92,18.02,9.06
KS,Kansas,1971,73.23,17.05,9.72
KS,Kansas,1972,70.94,17.35,11.72
KS,Kansas,1973,67.68,17.7,14.62
KS,Kansas,1974,70.78,18.72,10.51
KS,Kansas,1975,73.13,19.41,7.46
KS,Kansas,1976,75.47,19.61,4.93
KS,Kansas,1977,75.72,20.42,3.86
KS,Kansas,1978,76.7,21.31,1.99
KS,Kansas,1979,73.83,21.91,4.26
KS,Kansas,1980,77.11,22.31,0.57
KS,Kansas,1981,76.15,22.07,1.78
KS,Kansas,1982,76.61,20.56,2.84
KS,Kansas,1983,78.08,20.1,1.81
KS,Kansas,1984,76.6,20.2,3.2
KS,Kansas,1985,76.82,19.89,3.29
KS,Kansas,1986,76.44,19.97,3.59
KS,Kansas,1987,76.28,19.48,4.24
KS,Kansas,1988,76.55,19.55,3.9
KS,Kansas,1989,77.83,19.47,2.7
KS,Kansas,1990,76.86,18.94,4.19
KS,Kansas,1991,77.86,19.1,3.04
KS,Kansas,1992,77.63,18.56,3.81
KS,Kansas,1993,78.26,18.27,3.48
KS,Kansas,1994,78.2,18.26,3.53
KS,Kansas,1995,79.65,18.46,1.89
KS,Kansas,1996,78.26,18.39,3.35
KS,Kansas,1997,78.3,18.75,2.96
KS,Kansas,1998,78.81,18.63,2.55
KS,Kansas,1999,78.8,18.59,2.61
KS,Kansas,2000,80.13,18.06,1.81
KS,Kansas,2001,80.91,17.08,2.0
KS,Kansas,2002,82.77,16.39,0.84
KS,Kansas,2003,81.78,15.51,2.71
KS,Kansas,2004,81.31,16.2,2.49
KS,Kansas,2005,80.91,16.12,2.97
KS,Kansas,2006,82.06,16.36,1.58
KS,Kansas,2007,81.59,16.26,2.14
KS,Kansas,2008,82.56,14.9,2.54
KS,Kansas,2009,84.06,13.43,2.51
KS,Kansas,2010,83.21,13.68,3.1
KS,Kansas,2011,80.89,14.94,4.17
KS,Kansas,2012,79.64,17.06,3.3
KS,Kansas,2013,79.34,15.64,5.02
KS,Kansas,2014,82.51,14.67,2.82
KS,Kansas,2015,83.95,14.31,1.74
KS,Kansas,2016,85.51,12.3,2.2
KS,Kansas,2017,86.55,12.08,1.37
KS,Kansas,2018,86.15,12.25,1.6
KS,Kansas,2019,86.05,12.39,1.55
KS,Kansas,2020,84.34,12.48,3.18
KS,Kansas,2021,84.91,12.17,2.92
KS,Kansas,2022,86.05,12.02,1.93
KS,Kansas,2023,84.03,12.97,3.0
KS,Kansas,2024,84.53,13.13,2.33
KS,Kansas,2025,83.98,13.09,2.93
KY,Kentucky,1929,61.69,13.86,24.45
KY,Kentucky,1930,68.98,14.32,16.7
KY,Kentucky,1931,65.32,12.25,22.43
KY,Kentucky,1932,70.81,12.06,17.13
KY,Kentucky,1933,67.96,14.0,18.04
KY,Kentucky,1934,67.66,14.33,18.01
KY,Kentucky,1935,63.7,14.62,21.68
KY,Kentucky,1936,67.15,14.57,18.28
KY,Kentucky,1937,59.03,13.22,27.75
KY,Kentucky,1938,67.14,12.83,20.03
KY,Kentucky,1939,67.32,14.26,18.41
KY,Kentucky,1940,68.35,14.77,16.88
KY,Kentucky,1941,66.91,16.2,16.88
KY,Kentucky,1942,65.06,16.04,18.9
KY,Kentucky,1943,64.55,16.79,18.66
KY,Kentucky,1944,63.06,18.16,18.78
KY,Kentucky,1945,64.02,16.56,19.42
KY,Kentucky,1946,62.47,15.9,21.63
KY,Kentucky,1947,62.4,18.2,19.4
KY,Kentucky,1948,62.59,16.42,20.99
KY,Kentucky,1949,65.21,17.18,17.61
KY,Kentucky,1950,67.44,18.69,13.87
KY,Kentucky,1951,67.21,18.14,14.65
KY,Kentucky,1952,70.43,17.54,12.03
KY,Kentucky,1953,69.96,19.44,10.6
KY,Kentucky,1954,68.55,19.76,11.7
KY,Kentucky,1955,68.38,22.38,9.24
KY,Kentucky,1956,67.08,23.0,9.92
KY,Kentucky,1957,68.95,23.16,7.89
KY,Kentucky,1958,68.36,22.02,9.62
KY,Kentucky,1959,68.63,22.91,8.47
KY,Kentucky,1960,69.0,23.05,7.95
KY,Kentucky,1961,68.37,22.27,9.36
KY,Kentucky,1962,68.76,22.59,8.65
KY,Kentucky,1963,68.79,22.86,8.35
KY,Kentucky,1964,70.07,24.02,5.91
KY,Kentucky,1965,69.04,24.29,6.67
KY,Kentucky,1966,69.19,24.54,6.28
KY,Kentucky,1967,70.23,23.96,5.81
KY,Kentucky,1968,70.42,24.43,5.15
KY,Kentucky,1969,69.99,24.61,5.4
KY,Kentucky,1970,70.6,24.75,4.65
KY,Kentucky,1971,71.21,24.35,4.44
KY,Kentucky,1972,69.99,25.05,4.96
KY,Kentucky,1973,69.34,25.64,5.02
KY,Kentucky,1974,69.4,25.43,5.17
KY,Kentucky,1975,72.99,23.46,3.55
KY,Kentucky,1976,72.26,24.12,3.62
KY,Kentucky,1977,71.52,24.56,3.92
KY,Kentucky,1978,72.49,24.42,3.09
KY,Kentucky,1979,72.39,24.51,3.11
KY,Kentucky,1980,73.34,24.2,2.47
KY,Kentucky,1981,72.12,24.1,3.78
KY,Kentucky,1982,73.76,22.72,3.51
KY,Kentucky,1983,75.5,23.62,0.88
KY,Kentucky,1984,72.67,23.58,3.75
KY,Kentucky,1985,73.64,23.54,2.82
KY,Kentucky,1986,74.27,23.7,2.03
KY,Kentucky,1987,74.35,23.51,2.14
KY,Kentucky,1988,74.97,22.96,2.07
KY,Kentucky,1989,74.32,22.83,2.85
KY,Kentucky,1990,74.57,22.79,2.65
KY,Kentucky,1991,75.58,21.88,2.54
KY,Kentucky,1992,75.46,21.82,2.71
KY,Kentucky,1993,75.89,21.9,2.21
KY,Kentucky,1994,75.72,22.08,2.2
KY,Kentucky,1995,76.72,21.99,1.29
KY,Kentucky,1996,76.74,21.3,1.96
KY,Kentucky,1997,76.95,21.2,1.85
KY,Kentucky,1998,77.76,20.7,1.55
KY,Kentucky,1999,78.17,20.7,1.13
KY,Kentucky,2000,77.77,20.22,2.01
KY,Kentucky,2001,79.8,18.79,1.42
KY,Kentucky,2002,80.89,18.25,0.86
KY,Kentucky,2003,81.49,17.65,0.86
KY,Kentucky,2004,81.15,17.41,1.44
KY,Kentucky,2005,81.4,16.9,1.7
KY,Kentucky,2006,82.24,16.43,1.33
KY,Kentucky,2007,83.13,16.03,0.84
KY,Kentucky,2008,83.99,15.66,0.35
KY,Kentucky,2009,85.71,13.59,0.7
KY,Kentucky,2010,86.19,13.47,0.35
KY,Kentucky,2011,85.7,13.49,0.81
KY,Kentucky,2012,85.02,14.12,0.86
KY,Kentucky,2013,83.48,14.12,2.4
KY,Kentucky,2014,84.01,14.49,1.5
KY,Kentucky,2015,83.98,14.84,1.18
KY,Kentucky,2016,84.34,14.93,0.73
KY,Kentucky,2017,83.98,14.92,1.1
KY,Kentucky,2018,84.45,14.78,0.76
KY,Kentucky,2019,84.32,14.72,0.96
KY,Kentucky,2020,85.15,14.09,0.76
KY,Kentucky,2021,84.9,13.73,1.37
KY,Kentucky,2022,84.08,14.33,1.59
KY,Kentucky,2023,84.63,14.25,1.12
KY,Kentucky,2024,84.97,14.42,0.61
KY,Kentucky,2025,84.88,14.22,0.9
LA,Louisiana,1929,62.66,17.41,19.93
LA,Louisiana,1930,70.11,17.75,12.14
LA,Louisiana,1931,71.1,14.76,14.14
LA,Louisiana,1932,74.19,13.18,12.64
LA,Louisiana,1933,71.46,14.8,13.74
LA,Louisiana,1934,69.44,14.72,15.84
LA,Louisiana,1935,66.37,14.3,19.34
LA,Louisiana,1936,66.97,14.61,18.41
LA,Louisiana,1937,67.34,15.49,17.18
LA,Louisiana,1938,70.17,15.31,14.52
LA,Louisiana,1939,70.77,15.01,14.22
LA,Louisiana,1940,73.3,15.88,10.81
LA,Louisiana,1941,75.24,14.79,9.97
LA,Louisiana,1942,70.85,17.44,11.72
LA,Louisiana,1943,70.28,18.28,11.44
LA,Louisiana,1944,69.93,20.07,10.01
LA,Louisiana,1945,71.21,17.96,10.83
LA,Louisiana,1946,71.96,16.17,11.87
LA,Louisiana,1947,68.53,18.39,13.09
LA,Louisiana,1948,68.01,18.52,13.47
LA,Louisiana,1949,71.89,17.01,11.1
LA,Louisiana,1950,72.49,17.73,9.78
LA,Louisiana,1951,72.19,17.31,10.5
LA,Louisiana,1952,72.59,17.63,9.78
LA,Louisiana,1953,73.08,18.6,8.31
LA,Louisiana,1954,74.52,18.63,6.85
LA,Louisiana,1955,75.05,18.34,6.61
LA,Louisiana,1956,76.88,17.98,5.14
LA,Louisiana,1957,78.41,17.49,4.1
LA,Louisiana,1958,78.26,17.41,4.33
LA,Louisiana,1959,78.16,17.32,4.52
LA,Louisiana,1960,78.53,17.4,4.06
LA,Louisiana,1961,78.45,16.93,4.62
LA,Louisiana,1962,78.83,17.07,4.09
LA,Louisiana,1963,77.6,17.52,4.88
LA,Louisiana,1964,78.28,17.79,3.93
LA,Louisiana,1965,79.25,17.58,3.16
LA,Louisiana,1966,79.38,17.23,3.4
LA,Louisiana,1967,79.52,17.01,3.46
LA,Louisiana,1968,79.54,16.94,3.52
LA,Louisiana,1969,79.98,17.32,2.7
LA,Louisiana,1970,80.38,16.63,2.99
LA,Louisiana,1971,80.62,16.27,3.11
LA,Louisiana,1972,80.73,16.19,3.08
LA,Louisiana,1973,79.46,15.98,4.56
LA,Louisiana,1974,79.81,15.88,4.3
LA,Louisiana,1975,81.39,15.97,2.64
LA,Louisiana,1976,81.44,16.05,2.51
LA,Louisiana,1977,81.04,16.74,2.23
LA,Louisiana,1978,82.03,16.39,1.58
LA,Louisiana,1979,81.73,16.39,1.87
LA,Louisiana,1980,83.32,16.1,0.58
LA,Louisiana,1981,82.86,16.37,0.77
LA,Louisiana,1982,83.85,15.42,0.73
LA,Louisiana,1983,85.03,14.33,0.63
LA,Louisiana,1984,85.12,14.05,0.83
LA,Louisiana,1985,85.42,14.0,0.58
LA,Louisiana,1986,85.45,13.95,0.6
LA,Louisiana,1987,84.94,14.05,1.01
LA,Louisiana,1988,84.35,14.14,1.51
LA,Louisiana,1989,84.46,14.47,1.07
LA,Louisiana,1990,84.79,14.36,0.86
LA,Louisiana,1991,84.75,14.31,0.95
LA,Louisiana,1992,84.78,14.13,1.09
LA,Louisiana,1993,84.94,13.99,1.07
LA,Louisiana,1994,84.82,14.01,1.17
LA,Louisiana,1995,85.05,13.85,1.1
LA,Louisiana,1996,85.1,13.52,1.38
LA,Louisiana,1997,85.69,13.36,0.95
LA,Louisiana,1998,86.42,12.93,0.65
LA,Louisiana,1999,86.32,12.82,0.86
LA,Louisiana,2000,87.07,12.13,0.8
LA,Louisiana,2001,87.73,11.48,0.79
LA,Louisiana,2002,88.47,11.04,0.49
LA,Louisiana,2003,88.08,11.05,0.88
LA,Louisiana,2004,87.78,11.37,0.85
LA,Louisiana,2005,88.48,10.83,0.69
LA,Louisiana,2006,88.84,10.46,0.69
LA,Louisiana,2007,88.85,10.46,0.69
LA,Louisiana,2008,89.49,10.04,0.46
LA,Louisiana,2009,89.57,9.78,0.64
LA,Louisiana,2010,89.82,9.52,0.66
LA,Louisiana,2011,89.63,9.68,0.69
LA,Louisiana,2012,89.37,9.7,0.93
LA,Louisiana,2013,89.23,9.63,1.13
LA,Louisiana,2014,89.65,9.67,0.68
LA,Louisiana,2015,89.83,9.73,0.44
LA,Louisiana,2016,90.04,9.51,0.45
LA,Louisiana,2017,89.97,9.48,0.55
LA,Louisiana,2018,90.01,9.55,0.44
LA,Louisiana,2019,89.78,9.77,0.45
LA,Louisiana,2020,89.65,9.73,0.62
LA,Louisiana,2021,90.22,9.13,0.64
LA,Louisiana,2022,90.07,9.45,0.48
LA,Louisiana,2023,89.89,9.65,0.46
LA,Louisiana,2024,89.81,9.73,0.46
LA,Louisiana,2025,89.6,9.73,0.68
MA,Massachusetts,1929,62.43,35.83,1.74
MA,Massachusetts,1930,64.7,33.55,1.76
MA,Massachusetts,1931,66.18,32.14,1.68
MA,Massachusetts,1932,68.95,29.41,1.65
MA,Massachusetts,1933,66.07,32.02,1.92
MA,Massachusetts,1934,67.54,30.96,1.5
MA,Massachusetts,1935,66.28,31.67,2.06
MA,Massachusetts,1936,66.46,31.87,1.67
MA,Massachusetts,1937,64.42,33.93,1.64
MA,Massachusetts,1938,68.7,29.65,1.65
MA,Massachusetts,1939,66.43,32.15,1.42
MA,Massachusetts,1940,65.78,32.97,1.26
MA,Massachusetts,1941,61.66,37.0,1.34
MA,Massachusetts,1942,58.46,39.94,1.6
MA,Massachusetts,1943,55.83,42.38,1.79
MA,Massachusetts,1944,57.77,40.72,1.51
MA,Massachusetts,1945,60.23,37.95,1.82
MA,Massachusetts,1946,60.86,37.26,1.88
MA,Massachusetts,1947,59.16,39.14,1.71
MA,Massachusetts,1948,59.39,38.76,1.85
MA,Massachusetts,1949,62.46,35.97,1.57
MA,Massachusetts,1950,61.61,37.12,1.26
MA,Massachusetts,1951,60.71,37.99,1.3
MA,Massachusetts,1952,61.14,37.73,1.13
MA,Massachusetts,1953,60.52,38.36,1.12
MA,Massachusetts,1954,62.91,36.19,0.9
MA,Massachusetts,1955,62.9,36.21,0.89
MA,Massachusetts,1956,62.61,36.65,0.74
MA,Massachusetts,1957,63.43,35.84,0.72
MA,Massachusetts,1958,64.81,34.49,0.7
MA,Massachusetts,1959,63.87,35.56,0.57
MA,Massachusetts,1960,64.22,35.15,0.63
MA,Massachusetts,1961,65.23,34.24,0.53
MA,Massachusetts,1962,65.42,34.08,0.5
MA,Massachusetts,1963,66.77,32.74,0.49
MA,Massachusetts,1964,67.58,31.95,0.48
MA,Massachusetts,1965,67.6,31.9,0.49
MA,Massachusetts,1966,67.19,32.34,0.47
MA,Massachusetts,1967,68.07,31.59,0.34
MA,Massachusetts,1968,69.11,30.53,0.36
MA,Massachusetts,1969,70.01,29.65,0.34
MA,Massachusetts,1970,71.57,28.1,0.33
MA,Massachusetts,1971,73.54,26.17,0.29
MA,Massachusetts,1972,73.79,25.95,0.26
MA,Massachusetts,1973,73.33,26.4,0.27
MA,Massachusetts,1974,72.61,27.13,0.25
MA,Massachusetts,1975,73.58,26.18,0.24
MA,Massachusetts,1976,73.13,26.62,0.24
MA,Massachusetts,1977,72.31,27.46,0.23
MA,Massachusetts,1978,71.87,27.86,0.27
MA,Massachusetts,1979,71.75,28.04,0.21
MA,Massachusetts,1980,71.56,28.22,0.22
MA,Massachusetts,1981,71.57,28.21,0.22
MA,Massachusetts,1982,72.0,27.77,0.23
MA,Massachusetts,1983,72.72,27.01,0.26
MA,Massachusetts,1984,72.46,27.28,0.26
MA,Massachusetts,1985,73.55,26.24,0.21
MA,Massachusetts,1986,75.4,24.39,0.21
MA,Massachusetts,1987,77.19,22.64,0.17
MA,Massachusetts,1988,78.3,21.53,0.17
MA,Massachusetts,1989,78.94,20.92,0.14
MA,Massachusetts,1990,79.65,20.21,0.14
MA,Massachusetts,1991,79.83,20.01,0.16
MA,Massachusetts,1992,80.49,19.36,0.15
MA,Massachusetts,1993,81.33,18.53,0.14
MA,Massachusetts,1994,81.99,17.89,0.12
MA,Massachusetts,1995,82.51,17.38,0.11
MA,Massachusetts,1996,83.08,16.8,0.12
MA,Massachusetts,1997,83.42,16.47,0.11
MA,Massachusetts,1998,83.95,15.99,0.07
MA,Massachusetts,1999,84.47,15.47,0.06
MA,Massachusetts,2000,84.5,15.43,0.07
MA,Massachusetts,2001,87.24,12.71,0.05
MA,Massachusetts,2002,88.26,11.67,0.07
MA,Massachusetts,2003,88.5,11.44,0.06
MA,Massachusetts,2004,88.59,11.35,0.07
MA,Massachusetts,2005,88.94,11.0,0.06
MA,Massachusetts,2006,89.3,10.64,0.06
MA,Massachusetts,2007,89.25,10.69,0.05
MA,Massachusetts,2008,89.8,10.13,0.08
MA,Massachusetts,2009,90.4,9.54,0.07
MA,Massachusetts,2010,90.6,9.34,0.06
MA,Massachusetts,2011,90.58,9.36,0.06
MA,Massachusetts,2012,90.63,9.28,0.08
MA,Massachusetts,2013,91.11,8.81,0.07
MA,Massachusetts,2014,91.29,8.66,0.06
MA,Massachusetts,2015,91.53,8.43,0.04
MA,Massachusetts,2016,91.91,8.05,0.04
MA,Massachusetts,2017,92.09,7.87,0.04
MA,Massachusetts,2018,92.24,7.72,0.03
MA,Massachusetts,2019,92.65,7.3,0.05
MA,Massachusetts,2020,92.69,7.27,0.04
MA,Massachusetts,2021,93.12,6.85,0.04
MA,Massachusetts,2022,92.75,7.18,0.07
MA,Massachusetts,2023,93.14,6.82,0.04
MA,Massachusetts,2024,93.31,6.66,0.04
MA,Massachusetts,2025,93.34,6.62,0.03
MD,Maryland,1929,70.73,22.23,7.04
MD,Maryland,1930,73.03,22.35,4.62
MD,Maryland,1931,72.64,20.72,6.65
MD,Maryland,1932,76.49,19.16,4.35
MD,Maryland,1933,73.6,20.87,5.53
MD,Maryland,1934,72.3,21.88,5.82
MD,Maryland,1935,71.41,22.38,6.21
MD,Maryland,1936,71.28,22.83,5.9
MD,Maryland,1937,69.1,24.9,5.99
MD,Maryland,1938,71.46,23.38,5.16
MD,Maryland,1939,70.53,24.9,4.58
MD,Maryland,1940,68.52,27.22,4.25
MD,Maryland,1941,66.88,29.08,4.04
MD,Maryland,1942,62.62,33.57,3.81
MD,Maryland,1943,59.61,36.77,3.62
MD,Maryland,1944,63.01,33.16,3.83
MD,Maryland,1945,67.19,29.21,3.6
MD,Maryland,1946,70.65,24.59,4.76
MD,Maryland,1947,69.69,25.97,4.34
MD,Maryland,1948,68.07,27.52,4.41
MD,Maryland,1949,70.29,26.02,3.69
MD,Maryland,1950,70.73,26.09,3.18
MD,Maryland,1951,70.03,26.77,3.2
MD,Maryland,1952,70.94,26.3,2.76
MD,Maryland,1953,69.73,27.68,2.59
MD,Maryland,1954,70.95,26.83,2.22
MD,Maryland,1955,70.92,27.42,1.66
MD,Maryland,1956,70.32,27.9,1.78
MD,Maryland,1957,70.83,27.94,1.23
MD,Maryland,1958,71.51,26.52,1.97
MD,Maryland,1959,72.08,26.4,1.52
MD,Maryland,1960,72.08,26.31,1.61
MD,Maryland,1961,73.02,25.53,1.45
MD,Maryland,1962,73.73,24.99,1.28
MD,Maryland,1963,74.74,24.31,0.95
MD,Maryland,1964,75.63,23.25,1.12
MD,Maryland,1965,76.04,22.78,1.18
MD,Maryland,1966,76.74,22.41,0.85
MD,Maryland,1967,77.01,22.03,0.96
MD,Maryland,1968,78.17,21.04,0.8
MD,Maryland,1969,78.79,20.12,1.08
MD,Maryland,1970,80.39,18.7,0.91
MD,Maryland,1971,82.33,17.02,0.65
MD,Maryland,1972,82.62,16.58,0.8
MD,Maryland,1973,82.29,16.54,1.18
MD,Maryland,1974,82.52,16.63,0.85
MD,Maryland,1975,83.3,15.7,1.0
MD,Maryland,1976,83.68,15.55,0.78
MD,Maryland,1977,83.38,16.09,0.53
MD,Maryland,1978,83.29,16.03,0.68
MD,Maryland,1979,83.21,16.25,0.54
MD,Maryland,1980,84.19,15.63,0.18
MD,Maryland,1981,84.15,15.49,0.36
MD,Maryland,1982,85.19,14.43,0.38
MD,Maryland,1983,85.79,13.99,0.22
MD,Maryland,1984,85.8,13.62,0.58
MD,Maryland,1985,86.4,13.04,0.55
MD,Maryland,1986,87.27,12.2,0.53
MD,Maryland,1987,88.0,11.49,0.5
MD,Maryland,1988,88.42,11.03,0.55
MD,Maryland,1989,88.72,10.76,0.52
MD,Maryland,1990,89.05,10.47,0.48
MD,Maryland,1991,89.49,10.1,0.41
MD,Maryland,1992,89.77,9.8,0.43
MD,Maryland,1993,90.18,9.43,0.39
MD,Maryland,1994,90.34,9.3,0.36
MD,Maryland,1995,90.79,8.98,0.24
MD,Maryland,1996,90.85,8.73,0.42
MD,Maryland,1997,91.12,8.6,0.28
MD,Maryland,1998,91.32,8.38,0.3
MD,Maryland,1999,91.53,8.18,0.3
MD,Maryland,2000,91.57,8.1,0.33
MD,Maryland,2001,92.15,7.54,0.31
MD,Maryland,2002,92.92,6.92,0.16
MD,Maryland,2003,93.26,6.53,0.21
MD,Maryland,2004,93.34,6.38,0.28
MD,Maryland,2005,93.89,5.89,0.23
MD,Maryland,2006,94.31,5.51,0.18
MD,Maryland,2007,94.26,5.57,0.17
MD,Maryland,2008,94.4,5.38,0.23
MD,Maryland,2009,94.67,5.1,0.23
MD,Maryland,2010,94.8,5.01,0.2
MD,Maryland,2011,95.03,4.74,0.23
MD,Maryland,2012,95.15,4.55,0.3
MD,Maryland,2013,95.19,4.44,0.37
MD,Maryland,2014,95.4,4.31,0.29
MD,Maryland,2015,95.45,4.33,0.22
MD,Maryland,2016,95.64,4.19,0.17
MD,Maryland,2017,95.37,4.38,0.25
MD,Maryland,2018,95.44,4.41,0.15
MD,Maryland,2019,95.36,4.42,0.22
MD,Maryland,2020,95.29,4.6,0.11
MD,Maryland,2021,95.21,4.54,0.25
MD,Maryland,2022,95.14,4.48,0.38
MD,Maryland,2023,95.27,4.54,0.19
MD,Maryland,2024,95.44,4.43,0.13
MD,Maryland,2025,95.34,4.43,0.23
ME,Maine,1929,58.09,27.84,14.07
ME,Maine,1930,59.14,25.82,15.04
ME,Maine,1931,62.47,27.67,9.86
ME,Maine,1932,67.62,25.59,6.79
ME,Maine,1933,60.93,29.04,10.04
ME,Maine,1934,60.29,29.49,10.22
ME,Maine,1935,62.61,29.71,7.69
ME,Maine,1936,58.98,27.67,13.35
ME,Maine,1937,58.54,30.06,11.4
ME,Maine,1938,63.58,27.19,9.23
ME,Maine,1939,60.99,29.78,9.23
ME,Maine,1940,60.28,30.8,8.92
ME,Maine,1941,57.74,34.77,7.49
ME,Maine,1942,49.79,40.72,9.49
ME,Maine,1943,48.27,41.21,10.52
ME,Maine,1944,50.61,39.64,9.75
ME,Maine,1945,55.5,34.64,9.85
ME,Maine,1946,54.77,32.56,12.67
ME,Maine,1947,54.78,34.22,11.0
ME,Maine,1948,53.05,34.49,12.46
ME,Maine,1949,54.83,32.34,12.82
ME,Maine,1950,55.32,35.42,9.26
ME,Maine,1951,56.7,35.37,7.93
ME,Maine,1952,55.53,33.95,10.52
ME,Maine,1953,58.93,34.35,6.71
ME,Maine,1954,64.39,32.28,3.33
ME,Maine,1955,61.67,31.03,7.3
ME,Maine,1956,61.39,32.2,6.41
ME,Maine,1957,63.1,31.53,5.38
ME,Maine,1958,64.24,28.7,7.06
ME,Maine,1959,66.51,29.55,3.94
ME,Maine,1960,64.74,28.88,6.38
ME,Maine,1961,66.78,29.07,4.15
ME,Maine,1962,66.38,29.68,3.94
ME,Maine,1963,67.0,29.55,3.46
ME,Maine,1964,66.11,29.06,4.83
ME,Maine,1965,65.03,28.66,6.31
ME,Maine,1966,65.12,29.86,5.02
ME,Maine,1967,66.99,30.56,2.45
ME,Maine,1968,67.09,30.63,2.28
ME,Maine,1969,67.56,29.59,2.85
ME,Maine,1970,69.36,27.88,2.76
ME,Maine,1971,71.8,25.96,2.24
ME,Maine,1972,72.29,25.71,2.0
ME,Maine,1973,70.93,25.02,4.04
ME,Maine,1974,70.1,25.0,4.9
ME,Maine,1975,73.88,24.15,1.97
ME,Maine,1976,72.44,24.21,3.35
ME,Maine,1977,71.97,25.59,2.44
ME,Maine,1978,71.83,26.64,1.54
ME,Maine,1979,71.29,27.55,1.16
ME,Maine,1980,71.34,27.97,0.69
ME,Maine,1981,70.19,28.29,1.53
ME,Maine,1982,70.9,27.82,1.28
ME,Maine,1983,71.81,27.37,0.82
ME,Maine,1984,72.29,26.5,1.2
ME,Maine,1985,74.64,24.39,0.97
ME,Maine,1986,75.58,23.62,0.81
ME,Maine,1987,76.27,22.67,1.06
ME,Maine,1988,77.11,22.06,0.83
ME,Maine,1989,77.61,21.56,0.82
ME,Maine,1990,78.01,20.9,1.09
ME,Maine,1991,78.71,20.49,0.81
ME,Maine,1992,78.91,20.01,1.08
ME,Maine,1993,79.12,19.96,0.92
ME,Maine,1994,79.51,19.65,0.84
ME,Maine,1995,79.77,19.55,0.68
ME,Maine,1996,80.59,18.61,0.8
ME,Maine,1997,81.15,18.33,0.53
ME,Maine,1998,81.92,17.25,0.83
ME,Maine,1999,82.56,16.59,0.84
ME,Maine,2000,83.35,15.81,0.84
ME,Maine,2001,85.77,13.49,0.74
ME,Maine,2002,86.94,12.48,0.58
ME,Maine,2003,87.45,11.97,0.57
ME,Maine,2004,87.81,11.59,0.6
ME,Maine,2005,88.12,11.31,0.57
ME,Maine,2006,88.59,10.88,0.53
ME,Maine,2007,88.48,10.95,0.57
ME,Maine,2008,88.44,10.98,0.58
ME,Maine,2009,89.2,10.24,0.56
ME,Maine,2010,89.28,9.94,0.78
ME,Maine,2011,89.3,10.06,0.64
ME,Maine,2012,89.33,9.89,0.77
ME,Maine,2013,89.37,9.85,0.77
ME,Maine,2014,89.74,9.65,0.61
ME,Maine,2015,89.83,9.58,0.6
ME,Maine,2016,90.29,9.29,0.42
ME,Maine,2017,90.23,9.29,0.48
ME,Maine,2018,90.39,9.25,0.37
ME,Maine,2019,90.21,9.29,0.5
ME,Maine,2020,90.08,9.44,0.48
ME,Maine,2021,90.44,9.1,0.46
ME,Maine,2022,90.24,9.2,0.56
ME,Maine,2023,90.9,8.71,0.39
ME,Maine,2024,91.1,8.42,0.48
ME,Maine,2025,91.02,8.42,0.56
MI,Michigan,1929,55.63,38.89,5.48
MI,Michigan,1930,58.66,35.74,5.6
MI,Michigan,1931,60.82,33.06,6.12
MI,Michigan,1932,60.33,34.83,4.85
MI,Michigan,1933,57.95,35.75,6.31
MI,Michigan,1934,54.56,40.62,4.83
MI,Michigan,1935,50.36,41.97,7.67
MI,Michigan,1936,52.28,41.6,6.12
MI,Michigan,1937,49.36,44.55,6.09
MI,Michigan,1938,57.84,36.27,5.89
MI,Michigan,1939,53.7,41.19,5.11
MI,Michigan,1940,50.09,45.07,4.84
MI,Michigan,1941,46.49,48.93,4.58
MI,Michigan,1942,42.12,52.03,5.86
MI,Michigan,1943,39.26,56.09,4.64
MI,Michigan,1944,40.42,54.59,4.99
MI,Michigan,1945,47.14,47.17,5.68
MI,Michigan,1946,50.83,42.95,6.22
MI,Michigan,1947,48.58,46.02,5.4
MI,Michigan,1948,48.28,45.92,5.8
MI,Michigan,1949,49.84,45.97,4.19
MI,Michigan,1950,48.52,48.14,3.34
MI,Michigan,1951,48.52,47.79,3.69
MI,Michigan,1952,48.96,47.72,3.32
MI,Michigan,1953,47.03,50.39,2.58
MI,Michigan,1954,50.74,47.12,2.13
MI,Michigan,1955,49.74,48.62,1.64
MI,Michigan,1956,52.07,46.22,1.71
MI,Michigan,1957,52.63,45.92,1.45
MI,Michigan,1958,54.55,43.37,2.09
MI,Michigan,1959,53.9,44.66,1.44
MI,Michigan,1960,53.52,44.99,1.49
MI,Michigan,1961,55.73,42.37,1.9
MI,Michigan,1962,54.07,44.32,1.62
MI,Michigan,1963,53.81,44.56,1.63
MI,Michigan,1964,53.72,44.82,1.47
MI,Michigan,1965,53.4,45.38,1.22
MI,Michigan,1966,53.32,45.27,1.41
MI,Michigan,1967,55.21,43.71,1.09
MI,Michigan,1968,54.73,44.19,1.08
MI,Michigan,1969,55.29,43.58,1.13
MI,Michigan,1970,58.6,40.31,1.09
MI,Michigan,1971,59.09,39.99,0.92
MI,Michigan,1972,58.34,40.53,1.13
MI,Michigan,1973,56.83,41.86,1.31
MI,Michigan,1974,58.77,39.77,1.46
MI,Michigan,1975,60.99,37.74,1.27
MI,Michigan,1976,58.64,40.44,0.92
MI,Michigan,1977,57.12,41.94,0.94
MI,Michigan,1978,57.66,41.58,0.76
MI,Michigan,1979,58.3,40.96,0.75
MI,Michigan,1980,60.73,38.54,0.73
MI,Michigan,1981,60.34,39.0,0.66
MI,Michigan,1982,62.22,37.25,0.53
MI,Michigan,1983,62.12,37.61,0.27
MI,Michigan,1984,60.55,38.85,0.6
MI,Michigan,1985,60.06,39.29,0.65
MI,Michigan,1986,61.06,38.49,0.45
MI,Michigan,1987,63.56,35.85,0.59
MI,Michigan,1988,63.74,35.78,0.48
MI,Michigan,1989,64.78,34.47,0.75
MI,Michigan,1990,66.58,32.85,0.57
MI,Michigan,1991,67.62,31.9,0.48
MI,Michigan,1992,67.6,31.88,0.52
MI,Michigan,1993,67.64,31.88,0.48
MI,Michigan,1994,67.01,32.65,0.34
MI,Michigan,1995,67.56,32.05,0.39
MI,Michigan,1996,68.93,30.74,0.34
MI,Michigan,1997,69.74,29.95,0.31
MI,Michigan,1998,70.39,29.31,0.3
MI,Michigan,1999,70.85,28.77,0.37
MI,Michigan,2000,71.63,28.11,0.26
MI,Michigan,2001,77.28,22.49,0.24
MI,Michigan,2002,78.77,20.98,0.25
MI,Michigan,2003,78.79,20.92,0.29
MI,Michigan,2004,79.32,20.21,0.46
MI,Michigan,2005,79.92,19.67,0.42
MI,Michigan,2006,80.49,19.06,0.45
MI,Michigan,2007,80.91,18.6,0.49
MI,Michigan,2008,82.05,17.4,0.55
MI,Michigan,2009,84.7,14.93,0.37
MI,Michigan,2010,84.59,14.82,0.59
MI,Michigan,2011,83.21,15.74,1.05
MI,Michigan,2012,83.04,16.33,0.63
MI,Michigan,2013,82.87,16.32,0.81
MI,Michigan,2014,83.13,16.37,0.49
MI,Michigan,2015,82.94,16.69,0.37
MI,Michigan,2016,83.13,16.56,0.31
MI,Michigan,2017,82.96,16.7,0.33
MI,Michigan,2018,82.88,16.8,0.32
MI,Michigan,2019,83.02,16.71,0.26
MI,Michigan,2020,84.07,15.33,0.59
MI,Michigan,2021,84.15,15.16,0.69
MI,Michigan,2022,83.68,15.65,0.67
MI,Michigan,2023,83.75,15.58,0.67
MI,Michigan,2024,84.12,15.5,0.39
MI,Michigan,2025,84.12,15.16,0.72
MN,Minnesota,1929,64.21,15.81,19.98
MN,Minnesota,1930,65.82,16.18,18.0
MN,Minnesota,1931,72.89,16.6,10.51
MN,Minnesota,1932,72.83,15.88,11.29
MN,Minnesota,1933,75.07,16.4,8.53
MN,Minnesota,1934,75.58,16.63,7.79
MN,Minnesota,1935,63.04,13.93,23.03
MN,Minnesota,1936,71.53,15.53,12.93
MN,Minnesota,1937,63.84,14.94,21.22
MN,Minnesota,1938,70.34,13.92,15.74
MN,Minnesota,1939,69.63,14.67,15.71
MN,Minnesota,1940,68.63,15.49,15.89
MN,Minnesota,1941,64.58,16.97,18.45
MN,Minnesota,1942,54.82,20.43,24.75
MN,Minnesota,1943,53.13,24.07,22.8
MN,Minnesota,1944,55.75,24.6,19.65
MN,Minnesota,1945,56.65,22.0,21.35
MN,Minnesota,1946,59.26,17.99,22.75
MN,Minnesota,1947,59.6,19.01,21.38
MN,Minnesota,1948,57.18,18.08,24.75
MN,Minnesota,1949,64.12,19.32,16.56
MN,Minnesota,1950,64.14,20.23,15.62
MN,Minnesota,1951,62.02,20.58,17.4
MN,Minnesota,1952,63.5,21.87,14.63
MN,Minnesota,1953,64.83,22.83,12.34
MN,Minnesota,1954,66.0,21.84,12.16
MN,Minnesota,1955,68.2,21.94,9.86
MN,Minnesota,1956,66.72,22.88,10.4
MN,Minnesota,1957,68.14,23.26,8.59
MN,Minnesota,1958,66.96,22.18,10.86
MN,Minnesota,1959,69.42,23.39,7.19
MN,Minnesota,1960,68.58,23.0,8.42
MN,Minnesota,1961,68.75,22.78,8.47
MN,Minnesota,1962,69.61,23.48,6.91
MN,Minnesota,1963,68.37,22.95,8.68
MN,Minnesota,1964,70.95,23.62,5.43
MN,Minnesota,1965,68.81,23.23,7.96
MN,Minnesota,1966,67.8,24.11,8.1
MN,Minnesota,1967,68.63,24.72,6.65
MN,Minnesota,1968,68.71,24.92,6.38
MN,Minnesota,1969,68.79,25.15,6.06
MN,Minnesota,1970,69.21,23.95,6.84
MN,Minnesota,1971,71.57,22.55,5.89
MN,Minnesota,1972,70.6,22.9,6.5
MN,Minnesota,1973,65.64,21.93,12.42
MN,Minnesota,1974,68.35,22.79,8.87
MN,Minnesota,1975,71.29,22.25,6.46
MN,Minnesota,1976,73.3,23.02,3.68
MN,Minnesota,1977,70.64,23.14,6.22
MN,Minnesota,1978,70.72,23.36,5.92
MN,Minnesota,1979,71.74,24.19,4.07
MN,Minnesota,1980,72.8,24.29,2.91
MN,Minnesota,1981,72.59,24.5,2.92
MN,Minnesota,1982,72.97,24.82,2.21
MN,Minnesota,1983,74.5,25.2,0.31
MN,Minnesota,1984,72.04,24.74,3.22
MN,Minnesota,1985,72.58,24.62,2.8
MN,Minnesota,1986,72.71,24.08,3.21
MN,Minnesota,1987,72.54,23.6,3.86
MN,Minnesota,1988,73.63,24.24,2.13
MN,Minnesota,1989,73.55,23.24,3.22
MN,Minnesota,1990,74.54,22.58,2.89
MN,Minnesota,1991,75.69,22.59,1.72
MN,Minnesota,1992,76.04,22.12,1.84
MN,Minnesota,1993,77.46,22.3,0.24
MN,Minnesota,1994,76.67,21.73,1.6
MN,Minnesota,1995,77.84,21.57,0.59
MN,Minnesota,1996,77.29,20.7,2.02
MN,Minnesota,1997,78.52,20.59,0.89
MN,Minnesota,1998,78.89,19.84,1.27
MN,Minnesota,1999,79.39,19.53,1.08
MN,Minnesota,2000,79.76,19.1,1.15
MN,Minnesota,2001,83.63,15.59,0.78
MN,Minnesota,2002,83.89,15.36,0.75
MN,Minnesota,2003,83.7,15.01,1.29
MN,Minnesota,2004,83.18,15.2,1.62
MN,Minnesota,2005,83.6,14.53,1.87
MN,Minnesota,2006,84.28,14.14,1.58
MN,Minnesota,2007,84.68,13.78,1.54
MN,Minnesota,2008,84.18,13.49,2.33
MN,Minnesota,2009,85.83,12.84,1.33
MN,Minnesota,2010,85.69,12.43,1.88
MN,Minnesota,2011,85.09,12.48,2.43
MN,Minnesota,2012,84.48,12.35,3.17
MN,Minnesota,2013,84.86,12.25,2.89
MN,Minnesota,2014,85.64,12.51,1.85
MN,Minnesota,2015,85.85,12.65,1.5
MN,Minnesota,2016,86.81,12.5,0.69
MN,Minnesota,2017,86.74,12.34,0.92
MN,Minnesota,2018,86.97,12.28,0.75
MN,Minnesota,2019,87.44,12.11,0.44
MN,Minnesota,2020,86.75,11.8,1.46
MN,Minnesota,2021,86.61,11.71,1.68
MN,Minnesota,2022,85.66,11.94,2.41
MN,Minnesota,2023,86.45,12.19,1.35
MN,Minnesota,2024,87.34,12.28,0.38
MN,Minnesota,2025,86.71,12.03,1.26
MO,Missouri,1929,67.02,20.58,12.4
MO,Missouri,1930,69.93,20.91,9.15
MO,Missouri,1931,69.84,19.04,11.11
MO,Missouri,1932,72.47,19.53,8.01
MO,Missouri,1933,70.35,20.09,9.57
MO,Missouri,1934,71.9,21.22,6.88
MO,Missouri,1935,65.21,19.5,15.28
MO,Missouri,1936,69.26,20.68,10.06
MO,Missouri,1937,64.51,20.86,14.63
MO,Missouri,1938,69.17,19.48,11.35
MO,Missouri,1939,67.24,20.48,12.28
MO,Missouri,1940,68.27,21.38,10.35
MO,Missouri,1941,66.23,21.68,12.09
MO,Missouri,1942,59.56,24.45,16.0
MO,Missouri,1943,58.2,27.5,14.3
MO,Missouri,1944,59.64,27.2,13.16
MO,Missouri,1945,62.94,25.58,11.48
MO,Missouri,1946,62.74,21.22,16.03
MO,Missouri,1947,63.31,23.91,12.79
MO,Missouri,1948,60.05,23.33,16.62
MO,Missouri,1949,63.81,24.01,12.18
MO,Missouri,1950,62.67,24.61,12.72
MO,Missouri,1951,63.72,25.09,11.19
MO,Missouri,1952,64.29,26.8,8.91
MO,Missouri,1953,63.91,28.87,7.22
MO,Missouri,1954,65.56,27.03,7.41
MO,Missouri,1955,65.79,26.66,7.55
MO,Missouri,1956,66.38,27.03,6.59
MO,Missouri,1957,66.21,27.77,6.02
MO,Missouri,1958,66.14,26.33,7.53
MO,Missouri,1959,66.71,27.36,5.93
MO,Missouri,1960,66.97,27.58,5.45
MO,Missouri,1961,67.73,26.48,5.79
MO,Missouri,1962,67.44,27.06,5.5
MO,Missouri,1963,67.91,27.35,4.74
MO,Missouri,1964,68.74,27.85,3.41
MO,Missouri,1965,67.76,27.25,4.98
MO,Missouri,1966,68.13,28.27,3.59
MO,Missouri,1967,68.57,28.16,3.27
MO,Missouri,1968,68.6,27.88,3.51
MO,Missouri,1969,69.87,27.08,3.06
MO,Missouri,1970,70.55,26.1,3.34
MO,Missouri,1971,71.83,24.76,3.41
MO,Missouri,1972,71.33,24.76,3.91
MO,Missouri,1973,69.46,24.56,5.99
MO,Missouri,1974,72.11,24.87,3.02
MO,Missouri,1975,73.43,23.47,3.09
MO,Missouri,1976,73.88,24.24,1.89
MO,Missouri,1977,72.52,24.91,2.57
MO,Missouri,1978,72.21,24.85,2.94
MO,Missouri,1979,72.03,24.59,3.38
MO,Missouri,1980,74.78,24.55,0.67
MO,Missouri,1981,74.11,23.94,1.95
MO,Missouri,1982,75.47,23.68,0.85
MO,Missouri,1983,76.32,23.68,0.0
MO,Missouri,1984,75.28,23.85,0.87
MO,Missouri,1985,75.11,23.38,1.52
MO,Missouri,1986,75.94,23.01,1.05
MO,Missouri,1987,76.79,21.96,1.24
MO,Missouri,1988,76.97,21.99,1.04
MO,Missouri,1989,76.82,21.83,1.35
MO,Missouri,1990,77.67,21.32,1.01
MO,Missouri,1991,78.41,20.78,0.82
MO,Missouri,1992,78.39,20.49,1.12
MO,Missouri,1993,79.25,20.13,0.62
MO,Missouri,1994,79.48,19.67,0.85
MO,Missouri,1995,80.15,19.61,0.24
MO,Missouri,1996,80.19,18.71,1.1
MO,Missouri,1997,80.52,18.44,1.04
MO,Missouri,1998,81.72,17.77,0.51
MO,Missouri,1999,82.67,17.12,0.21
MO,Missouri,2000,82.92,16.43,0.65
MO,Missouri,2001,85.29,14.03,0.67
MO,Missouri,2002,86.01,13.68,0.31
MO,Missouri,2003,85.89,13.32,0.78
MO,Missouri,2004,85.14,13.23,1.63
MO,Missouri,2005,85.96,13.04,0.99
MO,Missouri,2006,86.56,12.61,0.83
MO,Missouri,2007,86.77,12.33,0.9
MO,Missouri,2008,86.77,11.97,1.26
MO,Missouri,2009,88.0,10.97,1.03
MO,Missouri,2010,88.6,10.49,0.92
MO,Missouri,2011,88.17,10.51,1.32
MO,Missouri,2012,88.4,10.78,0.82
MO,Missouri,2013,87.85,10.52,1.64
MO,Missouri,2014,87.39,10.8,1.81
MO,Missouri,2015,88.4,11.18,0.42
MO,Missouri,2016,88.53,10.9,0.57
MO,Missouri,2017,88.59,10.86,0.55
MO,Missouri,2018,88.67,11.03,0.3
MO,Missouri,2019,88.68,10.75,0.57
MO,Missouri,2020,88.73,10.43,0.84
MO,Missouri,2021,88.86,10.14,1.0
MO,Missouri,2022,87.93,10.71,1.36
MO,Missouri,2023,88.28,10.55,1.17
MO,Missouri,2024,88.98,10.38,0.64
MO,Missouri,2025,88.8,10.3,0.9
MS,Mississippi,1929,44.78,12.44,42.78
MS,Mississippi,1930,59.03,13.39,27.58
MS,Mississippi,1931,57.64,10.1,32.26
MS,Mississippi,1932,62.31,11.08,26.61
MS,Mississippi,1933,55.08,9.99,34.94
MS,Mississippi,1934,49.57,10.19,40.24
MS,Mississippi,1935,49.55,10.24,40.21
MS,Mississippi,1936,46.87,9.68,43.45
MS,Mississippi,1937,47.17,10.62,42.21
MS,Mississippi,1938,53.79,10.08,36.14
MS,Mississippi,1939,56.54,11.53,31.93
MS,Mississippi,1940,59.55,12.38,28.07
MS,Mississippi,1941,58.94,11.94,29.13
MS,Mississippi,1942,58.58,11.28,30.14
MS,Mississippi,1943,63.83,11.6,24.57
MS,Mississippi,1944,61.72,12.11,26.16
MS,Mississippi,1945,63.2,12.19,24.61
MS,Mississippi,1946,59.99,14.56,25.45
MS,Mississippi,1947,52.93,14.51,32.56
MS,Mississippi,1948,49.21,12.86,37.92
MS,Mississippi,1949,61.66,13.38,24.95
MS,Mississippi,1950,58.4,14.63,26.97
MS,Mississippi,1951,59.94,14.86,25.2
MS,Mississippi,1952,58.56,15.21,26.23
MS,Mississippi,1953,59.86,16.36,23.78
MS,Mississippi,1954,64.64,17.55,17.81
MS,Mississippi,1955,61.02,17.35,21.63
MS,Mississippi,1956,65.12,19.12,15.76
MS,Mississippi,1957,67.07,20.12,12.81
MS,Mississippi,1958,66.52,20.3,13.18
MS,Mississippi,1959,65.56,19.9,14.54
MS,Mississippi,1960,67.87,19.98,12.15
MS,Mississippi,1961,66.7,19.02,14.28
MS,Mississippi,1962,67.69,20.76,11.55
MS,Mississippi,1963,64.42,20.43,15.15
MS,Mississippi,1964,65.77,21.73,12.5
MS,Mississippi,1965,66.44,22.66,10.9
MS,Mississippi,1966,66.53,23.75,9.73
MS,Mississippi,1967,66.29,23.63,10.08
MS,Mississippi,1968,66.53,24.78,8.69
MS,Mississippi,1969,67.69,24.68,7.63
MS,Mississippi,1970,67.81,24.12,8.08
MS,Mississippi,1971,67.84,24.02,8.14
MS,Mississippi,1972,67.04,24.93,8.03
MS,Mississippi,1973,65.59,24.59,9.82
MS,Mississippi,1974,68.37,24.8,6.83
MS,Mississippi,1975,70.54,24.69,4.77
MS,Mississippi,1976,68.58,25.1,6.32
MS,Mississippi,1977,68.29,25.74,5.97
MS,Mississippi,1978,70.14,25.85,4.01
MS,Mississippi,1979,69.33,25.15,5.52
MS,Mississippi,1980,73.31,25.29,1.41
MS,Mississippi,1981,72.5,25.21,2.29
MS,Mississippi,1982,72.61,24.57,2.83
MS,Mississippi,1983,73.88,25.46,0.66
MS,Mississippi,1984,71.73,25.47,2.8
MS,Mississippi,1985,72.05,25.52,2.43
MS,Mississippi,1986,72.91,26.01,1.09
MS,Mississippi,1987,71.43,25.63,2.93
MS,Mississippi,1988,70.91,25.68,3.41
MS,Mississippi,1989,72.06,25.45,2.5
MS,Mississippi,1990,72.82,25.14,2.04
MS,Mississippi,1991,72.61,25.06,2.32
MS,Mississippi,1992,72.46,25.09,2.45
MS,Mississippi,1993,73.41,24.6,1.99
MS,Mississippi,1994,73.6,23.77,2.63
MS,Mississippi,1995,75.0,22.97,2.03
MS,Mississippi,1996,75.54,21.4,3.06
MS,Mississippi,1997,76.57,20.76,2.67
MS,Mississippi,1998,77.05,20.51,2.44
MS,Mississippi,1999,77.33,20.38,2.29
MS,Mississippi,2000,78.62,19.53,1.84
MS,Mississippi,2001,79.31,17.15,3.54
MS,Mississippi,2002,82.08,16.52,1.41
MS,Mississippi,2003,81.63,15.88,2.48
MS,Mississippi,2004,80.69,15.75,3.55
MS,Mississippi,2005,81.07,15.6,3.32
MS,Mississippi,2006,83.29,15.22,1.49
MS,Mississippi,2007,83.24,14.73,2.03
MS,Mississippi,2008,84.78,13.95,1.27
MS,Mississippi,2009,85.48,13.02,1.5
MS,Mississippi,2010,85.86,12.61,1.53
MS,Mississippi,2011,86.43,12.59,0.97
MS,Mississippi,2012,85.96,12.72,1.31
MS,Mississippi,2013,84.17,12.38,3.46
MS,Mississippi,2014,84.48,13.04,2.48
MS,Mississippi,2015,85.28,13.41,1.31
MS,Mississippi,2016,85.44,13.56,1.0
MS,Mississippi,2017,84.32,13.55,2.12
MS,Mississippi,2018,84.79,13.56,1.65
MS,Mississippi,2019,84.95,13.64,1.4
MS,Mississippi,2020,85.85,13.29,0.86
MS,Mississippi,2021,84.76,13.28,1.97
MS,Mississippi,2022,84.02,13.5,2.48
MS,Mississippi,2023,85.17,13.07,1.76
MS,Mississippi,2024,85.56,12.93,1.51
MS,Mississippi,2025,85.53,12.77,1.7
MT,Montana,1929,71.92,10.83,17.25
MT,Montana,1930,72.63,9.78,17.59
MT,Montana,1931,84.31,9.27,6.42
MT,Montana,1932,72.6,7.15,20.25
MT,Montana,1933,77.62,8.43,13.95
MT,Montana,1934,80.61,7.52,11.87
MT,Montana,1935,67.25,7.68,25.08
MT,Montana,1936,81.87,9.33,8.8
MT,Montana,1937,76.75,10.19,13.06
MT,Montana,1938,70.97,7.72,21.31
MT,Montana,1939,70.89,8.53,20.58
MT,Montana,1940,69.28,8.44,22.28
MT,Montana,1941,60.06,7.9,32.04
MT,Montana,1942,57.31,7.82,34.88
MT,Montana,1943,53.96,7.93,38.11
MT,Montana,1944,57.65,7.84,34.5
MT,Montana,1945,60.8,7.44,31.76
MT,Montana,1946,59.97,7.37,32.66
MT,Montana,1947,56.37,7.71,35.92
MT,Montana,1948,58.37,8.08,33.55
MT,Montana,1949,71.97,9.34,18.69
MT,Montana,1950,61.15,8.32,30.53
MT,Montana,1951,62.4,8.1,29.51
MT,Montana,1952,67.61,8.9,23.49
MT,Montana,1953,67.77,9.18,23.05
MT,Montana,1954,69.95,9.36,20.69
MT,Montana,1955,69.05,10.18,20.78
MT,Montana,1956,71.26,10.73,18.01
MT,Montana,1957,71.42,9.88,18.7
MT,Montana,1958,69.52,9.99,20.49
MT,Montana,1959,76.18,10.67,13.15
MT,Montana,1960,75.38,10.78,13.84
MT,Montana,1961,79.53,11.06,9.4
MT,Montana,1962,70.15,10.04,19.81
MT,Montana,1963,74.01,10.63,15.36
MT,Montana,1964,77.14,10.73,12.13
MT,Montana,1965,76.49,10.76,12.75
MT,Montana,1966,75.28,10.7,14.03
MT,Montana,1967,77.61,10.62,11.77
MT,Montana,1968,77.44,11.05,11.5
MT,Montana,1969,76.1,11.0,12.9
MT,Montana,1970,75.44,10.32,14.24
MT,Montana,1971,78.08,10.37,11.56
MT,Montana,1972,74.73,9.59,15.68
MT,Montana,1973,71.68,9.01,19.31
MT,Montana,1974,75.96,9.36,14.69
MT,Montana,1975,79.18,9.09,11.74
MT,Montana,1976,84.12,9.7,6.18
MT,Montana,1977,87.26,10.94,1.81
MT,Montana,1978,82.86,10.65,6.49
MT,Montana,1979,86.27,11.32,2.41
MT,Montana,1980,87.52,10.17,2.3
MT,Montana,1981,86.4,9.67,3.92
MT,Montana,1982,88.41,8.67,2.92
MT,Montana,1983,88.69,9.25,2.06
MT,Montana,1984,89.94,9.37,0.69
MT,Montana,1985,90.67,9.33,0.0
MT,Montana,1986,87.58,8.9,3.52
MT,Montana,1987,86.84,8.65,4.51
MT,Montana,1988,89.8,8.69,1.52
MT,Montana,1989,86.12,8.62,5.26
MT,Montana,1990,86.99,8.31,4.7
MT,Montana,1991,86.33,7.66,6.01
MT,Montana,1992,87.28,7.75,4.97
MT,Montana,1993,85.35,7.51,7.14
MT,Montana,1994,89.11,7.35,3.54
MT,Montana,1995,89.85,7.17,2.98
MT,Montana,1996,90.22,7.15,2.63
MT,Montana,1997,90.84,7.2,1.96
MT,Montana,1998,90.37,7.34,2.29
MT,Montana,1999,90.28,6.85,2.87
MT,Montana,2000,91.27,6.9,1.83
MT,Montana,2001,91.44,6.2,2.36
MT,Montana,2002,92.93,5.8,1.27
MT,Montana,2003,92.51,5.33,2.16
MT,Montana,2004,91.97,4.96,3.07
MT,Montana,2005,92.16,4.84,3.0
MT,Montana,2006,94.39,4.84,0.78
MT,Montana,2007,93.28,4.8,1.91
MT,Montana,2008,93.08,4.65,2.27
MT,Montana,2009,94.0,4.25,1.76
MT,Montana,2010,93.54,4.06,2.4
MT,Montana,2011,93.3,3.98,2.72
MT,Montana,2012,93.12,4.02,2.86
MT,Montana,2013,92.29,4.08,3.63
MT,Montana,2014,93.17,4.22,2.61
MT,Montana,2015,93.15,4.26,2.59
MT,Montana,2016,93.8,4.31,1.89
MT,Montana,2017,94.68,4.38,0.94
MT,Montana,2018,93.88,4.4,1.72
MT,Montana,2019,93.43,4.4,2.17
MT,Montana,2020,92.86,4.42,2.72
MT,Montana,2021,94.62,4.39,0.99
MT,Montana,2022,92.83,4.31,2.85
MT,Montana,2023,93.25,4.27,2.48
MT,Montana,2024,94.18,4.31,1.51
MT,Montana,2025,93.82,4.18,2.0
NC,North Carolina,1929,49.33,26.57,24.1
NC,North Carolina,1930,51.59,27.66,20.75
NC,North Carolina,1931,53.75,27.73,18.53
NC,North Carolina,1932,55.16,27.89,16.95
NC,North Carolina,1933,45.61,28.33,26.06
NC,North Carolina,1934,44.99,26.62,28.39
NC,North Carolina,1935,44.26,26.32,29.41
NC,North Carolina,1936,48.06,27.55,24.4
NC,North Carolina,1937,46.13,27.32,26.55
NC,North Carolina,1938,50.36,27.29,22.35
NC,North Carolina,1939,49.56,28.88,21.57
NC,North Carolina,1940,52.57,29.81,17.62
NC,North Carolina,1941,53.59,28.19,18.22
NC,North Carolina,1942,53.2,26.04,20.77
NC,North Carolina,1943,57.16,24.97,17.87
NC,North Carolina,1944,55.09,24.29,20.63
NC,North Carolina,1945,56.03,23.9,20.06
NC,North Carolina,1946,51.57,25.25,23.18
NC,North Carolina,1947,50.63,28.71,20.65
NC,North Carolina,1948,50.28,30.3,19.41
NC,North Carolina,1949,54.13,29.23,16.64
NC,North Carolina,1950,53.44,29.93,16.63
NC,North Carolina,1951,53.77,28.69,17.54
NC,North Carolina,1952,56.3,29.06,14.64
NC,North Carolina,1953,57.02,29.58,13.4
NC,North Carolina,1954,58.13,28.63,13.24
NC,North Carolina,1955,57.64,29.77,12.59
NC,North Carolina,1956,58.18,30.2,11.61
NC,North Carolina,1957,60.29,31.12,8.59
NC,North Carolina,1958,59.84,29.34,10.82
NC,North Carolina,1959,60.48,31.2,8.32
NC,North Carolina,1960,59.88,30.94,9.18
NC,North Carolina,1961,60.58,30.07,9.35
NC,North Carolina,1962,60.74,30.77,8.49
NC,North Carolina,1963,61.32,30.9,7.78
NC,North Carolina,1964,61.28,31.2,7.52
NC,North Carolina,1965,62.01,32.15,5.84
NC,North Carolina,1966,61.62,32.36,6.01
NC,North Carolina,1967,62.48,32.06,5.46
NC,North Carolina,1968,62.7,33.09,4.21
NC,North Carolina,1969,62.37,32.71,4.91
NC,North Carolina,1970,63.22,32.19,4.58
NC,North Carolina,1971,64.31,31.74,3.94
NC,North Carolina,1972,64.13,31.73,4.14
NC,North Carolina,1973,63.14,31.23,5.62
NC,North Carolina,1974,64.11,30.93,4.96
NC,North Carolina,1975,66.34,29.1,4.56
NC,North Carolina,1976,65.37,30.25,4.38
NC,North Carolina,1977,65.8,31.22,2.98
NC,North Carolina,1978,65.49,31.01,3.5
NC,North Carolina,1979,66.19,31.71,2.1
NC,North Carolina,1980,66.23,32.11,1.66
NC,North Carolina,1981,65.49,32.09,2.41
NC,North Carolina,1982,66.59,31.07,2.33
NC,North Carolina,1983,66.85,31.88,1.27
NC,North Carolina,1984,66.73,30.99,2.28
NC,North Carolina,1985,68.19,29.93,1.89
NC,North Carolina,1986,68.65,29.63,1.72
NC,North Carolina,1987,69.14,29.3,1.57
NC,North Carolina,1988,69.64,28.5,1.86
NC,North Carolina,1989,69.99,28.0,2.01
NC,North Carolina,1990,70.65,26.99,2.36
NC,North Carolina,1991,70.78,26.66,2.55
NC,North Carolina,1992,71.27,26.45,2.28
NC,North Carolina,1993,71.64,25.96,2.4
NC,North Carolina,1994,72.04,25.53,2.43
NC,North Carolina,1995,73.1,24.7,2.2
NC,North Carolina,1996,74.06,23.65,2.3
NC,North Carolina,1997,74.86,22.96,2.18
NC,North Carolina,1998,76.38,22.02,1.6
NC,North Carolina,1999,77.11,21.49,1.4
NC,North Carolina,2000,77.28,20.98,1.74
NC,North Carolina,2001,79.29,18.92,1.79
NC,North Carolina,2002,81.19,17.95,0.86
NC,North Carolina,2003,82.22,16.92,0.87
NC,North Carolina,2004,82.83,15.98,1.2
NC,North Carolina,2005,83.33,15.16,1.52
NC,North Carolina,2006,84.69,14.17,1.14
NC,North Carolina,2007,85.47,13.59,0.94
NC,North Carolina,2008,86.62,12.52,0.87
NC,North Carolina,2009,87.21,11.86,0.93
NC,North Carolina,2010,87.05,11.97,0.98
NC,North Carolina,2011,87.11,12.05,0.83
NC,North Carolina,2012,87.41,11.5,1.09
NC,North Carolina,2013,86.9,11.81,1.29
NC,North Carolina,2014,86.95,11.69,1.36
NC,North Carolina,2015,87.3,11.59,1.11
NC,North Carolina,2016,87.78,11.37,0.85
NC,North Carolina,2017,87.8,11.19,1.01
NC,North Carolina,2018,88.59,10.97,0.45
NC,North Carolina,2019,88.81,10.64,0.55
NC,North Carolina,2020,89.35,10.19,0.46
NC,North Carolina,2021,89.27,9.92,0.81
NC,North Carolina,2022,89.55,9.45,1.01
NC,North Carolina,2023,90.0,9.29,0.72
NC,North Carolina,2024,90.11,9.18,0.71
NC,North Carolina,2025,90.25,9.15,0.61
ND,North Dakota,1929,55.27,3.07,41.66
ND,North Dakota,1930,61.77,3.85,34.38
ND,North Dakota,1931,93.62,6.38,0.0
ND,North Dakota,1932,78.11,5.35,16.54
ND,North Dakota,1933,87.95,5.26,6.79
ND,North Dakota,1934,90.42,5.02,4.56
ND,North Dakota,1935,61.87,3.37,34.76
ND,North Dakota,1936,89.24,4.48,6.28
ND,North Dakota,1937,62.03,3.55,34.43
ND,North Dakota,1938,72.3,3.85,23.84
ND,North Dakota,1939,63.15,3.31,33.54
ND,North Dakota,1940,60.67,3.21,36.12
ND,North Dakota,1941,45.37,2.56,52.08
ND,North Dakota,1942,40.82,2.42,56.76
ND,North Dakota,1943,36.56,2.12,61.32
ND,North Dakota,1944,37.54,2.42,60.04
ND,North Dakota,1945,42.29,2.45,55.26
ND,North Dakota,1946,46.43,2.48,51.09
ND,North Dakota,1947,35.89,2.01,62.1
ND,North Dakota,1948,46.63,2.86,50.51
ND,North Dakota,1949,60.18,3.46,36.36
ND,North Dakota,1950,53.41,3.04,43.55
ND,North Dakota,1951,56.19,3.23,40.58
ND,North Dakota,1952,65.06,3.82,31.12
ND,North Dakota,1953,66.77,3.82,29.42
ND,North Dakota,1954,70.11,4.02,25.88
ND,North Dakota,1955,63.2,3.75,33.05
ND,North Dakota,1956,64.88,3.62,31.49
ND,North Dakota,1957,68.18,4.01,27.8
ND,North Dakota,1958,62.49,3.58,33.93
ND,North Dakota,1959,74.57,4.16,21.28
ND,North Dakota,1960,68.82,3.55,27.63
ND,North Dakota,1961,79.98,3.86,16.16
ND,North Dakota,1962,60.18,2.76,37.06
ND,North Dakota,1963,68.77,3.76,27.47
ND,North Dakota,1964,75.55,3.91,20.54
ND,North Dakota,1965,68.54,3.7,27.76
ND,North Dakota,1966,70.79,4.21,25.0
ND,North Dakota,1967,73.52,4.11,22.37
ND,North Dakota,1968,75.78,4.34,19.88
ND,North Dakota,1969,72.32,4.16,23.53
ND,North Dakota,1970,77.37,4.62,18.01
ND,North Dakota,1971,73.52,4.35,22.13
ND,North Dakota,1972,67.95,3.92,28.13
ND,North Dakota,1973,52.37,3.31,44.32
ND,North Dakota,1974,60.69,4.34,34.98
ND,North Dakota,1975,66.43,5.65,27.92
ND,North Dakota,1976,78.99,6.31,14.7
ND,North Dakota,1977,85.31,6.34,8.35
ND,North Dakota,1978,74.42,5.38,20.2
ND,North Dakota,1979,82.25,6.15,11.61
ND,North Dakota,1980,92.78,7.22,0.0
ND,North Dakota,1981,86.68,5.9,7.42
ND,North Dakota,1982,88.29,5.84,5.87
ND,North Dakota,1983,87.68,5.69,6.62
ND,North Dakota,1984,84.17,5.59,10.24
ND,North Dakota,1985,83.01,5.63,11.36
ND,North Dakota,1986,83.17,5.66,11.17
ND,North Dakota,1987,82.18,5.73,12.09
ND,North Dakota,1988,93.27,6.73,0.0
ND,North Dakota,1989,87.05,6.32,6.63
ND,North Dakota,1990,83.4,6.11,10.49
ND,North Dakota,1991,85.39,6.47,8.14
ND,North Dakota,1992,81.14,6.14,12.71
ND,North Dakota,1993,85.82,6.84,7.34
ND,North Dakota,1994,81.86,6.9,11.24
ND,North Dakota,1995,87.87,7.47,4.65
ND,North Dakota,1996,80.8,6.84,12.35
ND,North Dakota,1997,89.1,7.88,3.02
ND,North Dakota,1998,83.76,7.63,8.61
ND,North Dakota,1999,86.34,7.67,5.99
ND,North Dakota,2000,83.66,7.61,8.73
ND,North Dakota,2001,86.08,7.7,6.23
ND,North Dakota,2002,87.8,7.68,4.52
ND,North Dakota,2003,82.87,7.16,9.96
ND,North Dakota,2004,86.14,7.61,6.25
ND,North Dakota,2005,85.12,7.78,7.1
ND,North Dakota,2006,87.93,7.69,4.38
ND,North Dakota,2007,83.57,7.51,8.92
ND,North Dakota,2008,81.01,7.21,11.78
ND,North Dakota,2009,85.7,6.77,7.54
ND,North Dakota,2010,84.92,5.85,9.23
ND,North Dakota,2011,86.73,5.56,7.71
ND,North Dakota,2012,83.88,4.75,11.37
ND,North Dakota,2013,89.06,4.99,5.95
ND,North Dakota,2014,92.26,5.13,2.61
ND,North Dakota,2015,93.79,5.45,0.76
ND,North Dakota,2016,91.93,5.6,2.48
ND,North Dakota,2017,91.58,5.44,2.98
ND,North Dakota,2018,90.15,5.99,3.86
ND,North Dakota,2019,90.28,6.34,3.38
ND,North Dakota,2020,86.63,6.31,7.07
ND,North Dakota,2021,85.69,6.3,8.02
ND,North Dakota,2022,81.67,5.98,12.35
ND,North Dakota,2023,85.97,6.19,7.84
ND,North Dakota,2024,91.08,6.24,2.68
ND,North Dakota,2025,88.21,6.02,5.77
NE,Nebraska,1929,54.78,8.23,36.99
NE,Nebraska,1930,59.43,9.15,31.42
NE,Nebraska,1931,68.73,10.17,21.1
NE,Nebraska,1932,71.67,10.03,18.3
NE,Nebraska,1933,72.03,10.1,17.87
NE,Nebraska,1934,86.67,13.33,0.0
NE,Nebraska,1935,58.29,7.36,34.35
NE,Nebraska,1936,70.2,8.95,20.85
NE,Nebraska,1937,67.76,8.91,23.32
NE,Nebraska,1938,69.32,8.62,22.07
NE,Nebraska,1939,72.53,9.33,18.14
NE,Nebraska,1940,68.33,8.88,22.78
NE,Nebraska,1941,61.69,8.7,29.6
NE,Nebraska,1942,55.18,9.4,35.41
NE,Nebraska,1943,55.08,11.92,32.99
NE,Nebraska,1944,57.97,12.83,29.21
NE,Nebraska,1945,58.87,11.02,30.11
NE,Nebraska,1946,57.97,8.77,33.27
NE,Nebraska,1947,56.41,9.88,33.71
NE,Nebraska,1948,52.38,9.3,38.33
NE,Nebraska,1949,61.92,10.61,27.47
NE,Nebraska,1950,56.63,10.0,33.37
NE,Nebraska,1951,60.2,11.58,28.22
NE,Nebraska,1952,59.4,12.22,28.38
NE,Nebraska,1953,64.75,13.79,21.46
NE,Nebraska,1954,64.02,13.01,22.97
NE,Nebraska,1955,72.65,14.5,12.85
NE,Nebraska,1956,72.03,14.89,13.07
NE,Nebraska,1957,63.91,13.11,22.98
NE,Nebraska,1958,64.87,13.03,22.1
NE,Nebraska,1959,70.33,14.56,15.11
NE,Nebraska,1960,70.08,14.54,15.38
NE,Nebraska,1961,72.58,15.05,12.37
NE,Nebraska,1962,70.04,14.47,15.48
NE,Nebraska,1963,71.99,14.27,13.74
NE,Nebraska,1964,74.41,14.93,10.65
NE,Nebraska,1965,70.64,13.95,15.4
NE,Nebraska,1966,68.79,14.41,16.79
NE,Nebraska,1967,71.1,15.53,13.36
NE,Nebraska,1968,72.62,16.0,11.38
NE,Nebraska,1969,70.94,15.44,13.62
NE,Nebraska,1970,73.38,15.07,11.55
NE,Nebraska,1971,72.45,14.21,13.34
NE,Nebraska,1972,71.55,14.3,14.15
NE,Nebraska,1973,68.15,13.53,18.32
NE,Nebraska,1974,73.93,14.79,11.28
NE,Nebraska,1975,72.16,13.46,14.37
NE,Nebraska,1976,77.94,14.76,7.3
NE,Nebraska,1977,78.76,15.11,6.13
NE,Nebraska,1978,74.9,14.45,10.65
NE,Nebraska,1979,77.45,15.64,6.91
NE,Nebraska,1980,82.46,16.58,0.96
NE,Nebraska,1981,77.53,15.91,6.57
NE,Nebraska,1982,79.09,15.06,5.85
NE,Nebraska,1983,80.99,14.95,4.07
NE,Nebraska,1984,77.68,14.75,7.57
NE,Nebraska,1985,76.91,14.21,8.87
NE,Nebraska,1986,77.64,14.0,8.36
NE,Nebraska,1987,77.22,13.72,9.06
NE,Nebraska,1988,75.8,13.82,10.38
NE,Nebraska,1989,77.22,13.79,8.99
NE,Nebraska,1990,76.66,13.43,9.91
NE,Nebraska,1991,77.78,13.53,8.69
NE,Nebraska,1992,77.45,13.93,8.62
NE,Nebraska,1993,79.09,14.01,6.9
NE,Nebraska,1994,78.73,14.43,6.84
NE,Nebraska,1995,80.87,14.44,4.69
NE,Nebraska,1996,78.07,13.57,8.37
NE,Nebraska,1997,80.51,13.96,5.53
NE,Nebraska,1998,81.32,13.81,4.88
NE,Nebraska,1999,81.88,13.71,4.41
NE,Nebraska,2000,82.6,13.54,3.86
NE,Nebraska,2001,83.15,12.25,4.6
NE,Nebraska,2002,85.27,12.1,2.63
NE,Nebraska,2003,82.5,11.3,6.2
NE,Nebraska,2004,83.01,10.93,6.06
NE,Nebraska,2005,82.94,10.72,6.35
NE,Nebraska,2006,85.6,11.11,3.29
NE,Nebraska,2007,83.77,10.9,5.33
NE,Nebraska,2008,83.83,10.47,5.7
NE,Nebraska,2009,85.33,9.62,5.05
NE,Nebraska,2010,85.19,9.24,5.57
NE,Nebraska,2011,81.25,8.59,10.16
NE,Nebraska,2012,84.03,8.8,7.17
NE,Nebraska,2013,80.85,8.92,10.22
NE,Nebraska,2014,82.39,9.46,8.14
NE,Nebraska,2015,83.16,9.68,7.17
NE,Nebraska,2016,85.55,8.96,5.49
NE,Nebraska,2017,87.62,9.35,3.03
NE,Nebraska,2018,87.71,9.57,2.72
NE,Nebraska,2019,86.07,9.81,4.12
NE,Nebraska,2020,84.84,9.72,5.45
NE,Nebraska,2021,82.72,10.4,6.88
NE,Nebraska,2022,81.72,13.06,5.22
NE,Nebraska,2023,81.56,11.69,6.75
NE,Nebraska,2024,84.49,10.44,5.07
NE,Nebraska,2025,83.91,10.22,5.87
NH,New Hampshire,1929,55.85,38.35,5.8
NH,New Hampshire,1930,57.35,35.33,7.32
NH,New Hampshire,1931,58.39,36.17,5.44
NH,New Hampshire,1932,62.22,31.91,5.87
NH,New Hampshire,1933,58.23,35.29,6.48
NH,New Hampshire,1934,58.98,35.66,5.36
NH,New Hampshire,1935,58.41,34.72,6.88
NH,New Hampshire,1936,60.41,32.98,6.61
NH,New Hampshire,1937,57.75,36.14,6.11
NH,New Hampshire,1938,61.12,32.41,6.47
NH,New Hampshire,1939,60.06,34.24,5.7
NH,New Hampshire,1940,61.17,34.71,4.12
NH,New Hampshire,1941,58.36,37.09,4.55
NH,New Hampshire,1942,56.09,37.71,6.2
NH,New Hampshire,1943,56.27,36.68,7.05
NH,New Hampshire,1944,59.57,35.18,5.25
NH,New Hampshire,1945,58.72,35.07,6.21
NH,New Hampshire,1946,55.32,39.43,5.25
NH,New Hampshire,1947,53.86,40.78,5.36
NH,New Hampshire,1948,53.84,41.49,4.67
NH,New Hampshire,1949,56.95,38.45,4.61
NH,New Hampshire,1950,54.68,41.77,3.55
NH,New Hampshire,1951,53.5,42.51,3.98
NH,New Hampshire,1952,55.19,41.38,3.43
NH,New Hampshire,1953,55.26,40.93,3.81
NH,New Hampshire,1954,58.71,38.65,2.64
NH,New Hampshire,1955,58.12,38.73,3.16
NH,New Hampshire,1956,58.54,39.29,2.17
NH,New Hampshire,1957,59.68,38.15,2.17
NH,New Hampshire,1958,60.98,36.75,2.27
NH,New Hampshire,1959,60.21,38.18,1.61
NH,New Hampshire,1960,60.49,37.65,1.87
NH,New Hampshire,1961,61.26,36.88,1.86
NH,New Hampshire,1962,61.15,37.21,1.64
NH,New Hampshire,1963,62.68,35.88,1.45
NH,New Hampshire,1964,63.24,35.37,1.39
NH,New Hampshire,1965,62.93,35.55,1.51
NH,New Hampshire,1966,62.16,36.29,1.55
NH,New Hampshire,1967,63.08,35.89,1.03
NH,New Hampshire,1968,63.25,35.69,1.06
NH,New Hampshire,1969,64.73,34.23,1.04
NH,New Hampshire,1970,67.13,32.09,0.77
NH,New Hampshire,1971,69.2,30.16,0.64
NH,New Hampshire,1972,68.88,30.49,0.63
NH,New Hampshire,1973,69.06,30.23,0.71
NH,New Hampshire,1974,69.46,30.11,0.44
NH,New Hampshire,1975,71.08,28.39,0.52
NH,New Hampshire,1976,70.06,29.45,0.5
NH,New Hampshire,1977,69.2,30.38,0.42
NH,New Hampshire,1978,68.82,30.8,0.38
NH,New Hampshire,1979,67.74,31.88,0.38
NH,New Hampshire,1980,67.4,32.38,0.22
NH,New Hampshire,1981,67.61,32.07,0.33
NH,New Hampshire,1982,68.53,31.23,0.25
NH,New Hampshire,1983,69.39,30.4,0.2
NH,New Hampshire,1984,68.83,30.94,0.23
NH,New Hampshire,1985,70.22,29.55,0.23
NH,New Hampshire,1986,72.14,27.66,0.2
NH,New Hampshire,1987,73.68,26.0,0.31
NH,New Hampshire,1988,74.6,25.1,0.3
NH,New Hampshire,1989,74.97,24.81,0.22
NH,New Hampshire,1990,75.04,24.67,0.28
NH,New Hampshire,1991,75.57,24.15,0.29
NH,New Hampshire,1992,75.49,24.2,0.31
NH,New Hampshire,1993,76.47,23.29,0.24
NH,New Hampshire,1994,76.56,23.23,0.21
NH,New Hampshire,1995,77.24,22.58,0.18
NH,New Hampshire,1996,77.4,22.41,0.19
NH,New Hampshire,1997,77.55,22.28,0.17
NH,New Hampshire,1998,78.23,21.61,0.16
NH,New Hampshire,1999,79.87,19.97,0.16
NH,New Hampshire,2000,79.28,20.57,0.14
NH,New Hampshire,2001,83.05,16.82,0.13
NH,New Hampshire,2002,84.83,15.05,0.13
NH,New Hampshire,2003,85.42,14.44,0.14
NH,New Hampshire,2004,85.76,14.09,0.16
NH,New Hampshire,2005,86.17,13.7,0.13
NH,New Hampshire,2006,86.57,13.33,0.1
NH,New Hampshire,2007,86.06,13.84,0.1
NH,New Hampshire,2008,86.18,13.68,0.14
NH,New Hampshire,2009,87.6,12.31,0.09
NH,New Hampshire,2010,88.02,11.86,0.12
NH,New Hampshire,2011,87.98,11.91,0.11
NH,New Hampshire,2012,88.12,11.69,0.19
NH,New Hampshire,2013,88.03,11.74,0.23
NH,New Hampshire,2014,88.19,11.64,0.17
NH,New Hampshire,2015,88.19,11.64,0.17
NH,New Hampshire,2016,88.33,11.56,0.11
NH,New Hampshire,2017,88.18,11.69,0.13
NH,New Hampshire,2018,88.16,11.75,0.09
NH,New Hampshire,2019,88.43,11.48,0.09
NH,New Hampshire,2020,88.71,11.21,0.08
NH,New Hampshire,2021,89.69,10.27,0.05
NH,New Hampshire,2022,89.32,10.53,0.15
NH,New Hampshire,2023,89.42,10.52,0.07
NH,New Hampshire,2024,89.69,10.23,0.08
NH,New Hampshire,2025,89.69,10.21,0.1
NJ,New Jersey,1929,62.38,35.55,2.07
NJ,New Jersey,1930,63.16,34.68,2.16
NJ,New Jersey,1931,65.6,32.14,2.26
NJ,New Jersey,1932,66.48,31.24,2.27
NJ,New Jersey,1933,65.38,31.83,2.8
NJ,New Jersey,1934,63.86,33.94,2.2
NJ,New Jersey,1935,62.5,34.73,2.78
NJ,New Jersey,1936,63.52,34.01,2.46
NJ,New Jersey,1937,61.37,36.27,2.36
NJ,New Jersey,1938,63.99,33.67,2.34
NJ,New Jersey,1939,61.6,36.4,2.01
NJ,New Jersey,1940,59.35,38.96,1.69
NJ,New Jersey,1941,55.17,43.04,1.78
NJ,New Jersey,1942,51.38,46.58,2.04
NJ,New Jersey,1943,47.93,49.82,2.26
NJ,New Jersey,1944,49.11,48.96,1.94
NJ,New Jersey,1945,53.53,44.17,2.31
NJ,New Jersey,1946,57.5,39.91,2.59
NJ,New Jersey,1947,56.01,41.74,2.24
NJ,New Jersey,1948,56.45,41.44,2.11
NJ,New Jersey,1949,58.61,39.34,2.05
NJ,New Jersey,1950,57.49,40.63,1.88
NJ,New Jersey,1951,56.73,41.29,1.99
NJ,New Jersey,1952,56.62,41.71,1.66
NJ,New Jersey,1953,56.34,42.01,1.65
NJ,New Jersey,1954,58.67,40.04,1.29
NJ,New Jersey,1955,58.7,40.21,1.09
NJ,New Jersey,1956,58.0,40.72,1.28
NJ,New Jersey,1957,59.15,39.9,0.95
NJ,New Jersey,1958,60.42,38.44,1.15
NJ,New Jersey,1959,60.39,38.77,0.84
NJ,New Jersey,1960,60.67,38.41,0.91
NJ,New Jersey,1961,61.51,37.61,0.87
NJ,New Jersey,1962,61.58,37.68,0.74
NJ,New Jersey,1963,62.31,36.99,0.7
NJ,New Jersey,1964,63.01,36.36,0.63
NJ,New Jersey,1965,62.76,36.55,0.68
NJ,New Jersey,1966,62.8,36.57,0.63
NJ,New Jersey,1967,63.87,35.62,0.52
NJ,New Jersey,1968,64.65,34.89,0.46
NJ,New Jersey,1969,64.64,34.93,0.44
NJ,New Jersey,1970,66.5,33.12,0.38
NJ,New Jersey,1971,68.34,31.33,0.33
NJ,New Jersey,1972,68.82,30.89,0.29
NJ,New Jersey,1973,69.08,30.54,0.38
NJ,New Jersey,1974,69.09,30.53,0.38
NJ,New Jersey,1975,70.22,29.53,0.26
NJ,New Jersey,1976,70.52,29.24,0.25
NJ,New Jersey,1977,70.13,29.62,0.25
NJ,New Jersey,1978,70.59,29.16,0.25
NJ,New Jersey,1979,70.7,29.08,0.22
NJ,New Jersey,1980,71.38,28.43,0.19
NJ,New Jersey,1981,71.77,28.01,0.22
NJ,New Jersey,1982,72.87,26.9,0.23
NJ,New Jersey,1983,73.66,26.1,0.24
NJ,New Jersey,1984,74.75,25.03,0.23
NJ,New Jersey,1985,75.85,23.91,0.24
NJ,New Jersey,1986,76.96,22.81,0.22
NJ,New Jersey,1987,78.07,21.7,0.23
NJ,New Jersey,1988,79.0,20.8,0.2
NJ,New Jersey,1989,79.78,20.03,0.19
NJ,New Jersey,1990,80.98,18.84,0.18
NJ,New Jersey,1991,81.3,18.54,0.16
NJ,New Jersey,1992,82.01,17.83,0.16
NJ,New Jersey,1993,82.55,17.28,0.17
NJ,New Jersey,1994,82.99,16.83,0.17
NJ,New Jersey,1995,83.66,16.18,0.16
NJ,New Jersey,1996,84.37,15.46,0.17
NJ,New Jersey,1997,84.84,15.03,0.13
NJ,New Jersey,1998,85.35,14.52,0.13
NJ,New Jersey,1999,85.68,14.22,0.11
NJ,New Jersey,2000,85.08,14.78,0.14
NJ,New Jersey,2001,89.17,10.72,0.11
NJ,New Jersey,2002,89.87,10.01,0.12
NJ,New Jersey,2003,90.0,9.88,0.12
NJ,New Jersey,2004,90.06,9.81,0.12
NJ,New Jersey,2005,90.26,9.62,0.12
NJ,New Jersey,2006,90.52,9.35,0.13
NJ,New Jersey,2007,90.91,8.96,0.13
NJ,New Jersey,2008,91.08,8.8,0.11
NJ,New Jersey,2009,91.53,8.35,0.12
NJ,New Jersey,2010,91.58,8.31,0.11
NJ,New Jersey,2011,91.81,8.07,0.11
NJ,New Jersey,2012,92.16,7.71,0.13
NJ,New Jersey,2013,92.27,7.6,0.13
NJ,New Jersey,2014,92.1,7.79,0.11
NJ,New Jersey,2015,92.67,7.2,0.13
NJ,New Jersey,2016,92.46,7.42,0.12
NJ,New Jersey,2017,92.44,7.45,0.11
NJ,New Jersey,2018,92.33,7.59,0.09
NJ,New Jersey,2019,92.6,7.27,0.13
NJ,New Jersey,2020,92.41,7.46,0.13
NJ,New Jersey,2021,92.99,6.89,0.12
NJ,New Jersey,2022,92.66,7.18,0.16
NJ,New Jersey,2023,93.18,6.7,0.12
NJ,New Jersey,2024,93.18,6.7,0.12
NJ,New Jersey,2025,93.19,6.69,0.12
NM,New Mexico,1929,65.31,2.9,31.79
NM,New Mexico,1930,74.19,3.11,22.7
NM,New Mexico,1931,75.2,2.75,22.05
NM,New Mexico,1932,83.78,3.12,13.1
NM,New Mexico,1933,76.33,3.08,20.58
NM,New Mexico,1934,79.34,3.17,17.49
NM,New Mexico,1935,72.87,3.0,24.13
NM,New Mexico,1936,74.95,2.88,22.17
NM,New Mexico,1937,74.21,3.04,22.74
NM,New Mexico,1938,79.61,2.77,17.62
NM,New Mexico,1939,76.9,3.01,20.09
NM,New Mexico,1940,76.18,3.26,20.56
NM,New Mexico,1941,75.05,3.39,21.56
NM,New Mexico,1942,75.74,3.03,21.22
NM,New Mexico,1943,80.33,2.55,17.12
NM,New Mexico,1944,80.15,3.61,16.24
NM,New Mexico,1945,82.13,4.72,13.15
NM,New Mexico,1946,77.91,5.62,16.47
NM,New Mexico,1947,74.17,5.93,19.91
NM,New Mexico,1948,77.59,4.32,18.09
NM,New Mexico,1949,77.45,4.41,18.15
NM,New Mexico,1950,80.1,5.73,14.17
NM,New Mexico,1951,76.92,6.54,16.54
NM,New Mexico,1952,80.94,7.2,11.86
NM,New Mexico,1953,84.99,7.65,7.37
NM,New Mexico,1954,83.46,8.05,8.5
NM,New Mexico,1955,84.31,8.76,6.92
NM,New Mexico,1956,87.53,6.16,6.32
NM,New Mexico,1957,87.1,5.84,7.05
NM,New Mexico,1958,86.41,5.9,7.68
NM,New Mexico,1959,87.49,6.29,6.22
NM,New Mexico,1960,88.45,6.22,5.32
NM,New Mexico,1961,88.0,5.92,6.08
NM,New Mexico,1962,88.86,6.39,4.75
NM,New Mexico,1963,89.11,6.07,4.82
NM,New Mexico,1964,90.25,6.28,3.47
NM,New Mexico,1965,90.19,5.91,3.9
NM,New Mexico,1966,89.18,6.08,4.74
NM,New Mexico,1967,89.9,5.96,4.14
NM,New Mexico,1968,89.91,5.71,4.38
NM,New Mexico,1969,89.95,5.87,4.18
NM,New Mexico,1970,89.64,5.65,4.71
NM,New Mexico,1971,90.21,5.55,4.24
NM,New Mexico,1972,90.18,5.84,3.98
NM,New Mexico,1973,89.41,5.92,4.67
NM,New Mexico,1974,90.26,6.29,3.45
NM,New Mexico,1975,90.3,6.02,3.68
NM,New Mexico,1976,91.51,6.18,2.3
NM,New Mexico,1977,91.21,6.57,2.22
NM,New Mexico,1978,91.07,6.53,2.4
NM,New Mexico,1979,90.58,6.78,2.64
NM,New Mexico,1980,91.23,6.68,2.1
NM,New Mexico,1981,92.1,6.56,1.35
NM,New Mexico,1982,92.16,6.7,1.14
NM,New Mexico,1983,91.91,6.92,1.17
NM,New Mexico,1984,91.67,7.09,1.24
NM,New Mexico,1985,91.12,7.25,1.63
NM,New Mexico,1986,91.16,7.37,1.48
NM,New Mexico,1987,90.88,7.37,1.75
NM,New Mexico,1988,90.11,7.71,2.18
NM,New Mexico,1989,89.55,7.99,2.46
NM,New Mexico,1990,89.84,7.68,2.49
NM,New Mexico,1991,90.38,7.38,2.24
NM,New Mexico,1992,90.61,6.89,2.5
NM,New Mexico,1993,90.46,7.01,2.54
NM,New Mexico,1994,90.64,7.3,2.06
NM,New Mexico,1995,91.25,7.1,1.66
NM,New Mexico,1996,91.14,7.21,1.65
NM,New Mexico,1997,90.41,7.48,2.11
NM,New Mexico,1998,90.59,7.25,2.17
NM,New Mexico,1999,90.77,6.8,2.44
NM,New Mexico,2000,91.16,7.05,1.79
NM,New Mexico,2001,91.43,6.13,2.44
NM,New Mexico,2002,92.71,5.67,1.62
NM,New Mexico,2003,92.98,5.42,1.61
NM,New Mexico,2004,92.6,5.09,2.31
NM,New Mexico,2005,92.81,5.0,2.18
NM,New Mexico,2006,93.36,5.22,1.42
NM,New Mexico,2007,92.87,5.19,1.95
NM,New Mexico,2008,93.63,4.79,1.57
NM,New Mexico,2009,94.85,4.24,0.91
NM,New Mexico,2010,93.94,4.17,1.88
NM,New Mexico,2011,93.4,4.29,2.31
NM,New Mexico,2012,93.47,4.46,2.07
NM,New Mexico,2013,94.26,3.72,2.02
NM,New Mexico,2014,94.28,3.24,2.48
NM,New Mexico,2015,94.55,3.73,1.72
NM,New Mexico,2016,94.4,3.82,1.79
NM,New Mexico,2017,94.71,3.53,1.76
NM,New Mexico,2018,94.97,3.6,1.43
NM,New Mexico,2019,94.75,3.7,1.55
NM,New Mexico,2020,94.6,3.79,1.61
NM,New Mexico,2021,95.19,3.51,1.29
NM,New Mexico,2022,94.28,3.7,2.02
NM,New Mexico,2023,94.92,3.51,1.57
NM,New Mexico,2024,94.78,3.59,1.63
NM,New Mexico,2025,95.04,3.54,1.42
NV,Nevada,1929,84.9,2.9,12.21
NV,Nevada,1930,79.9,2.87,17.23
NV,Nevada,1931,94.9,3.35,1.75
NV,Nevada,1932,86.9,3.17,9.93
NV,Nevada,1933,88.86,3.2,7.94
NV,Nevada,1934,96.66,3.07,0.27
NV,Nevada,1935,85.37,3.4,11.23
NV,Nevada,1936,78.95,2.88,18.16
NV,Nevada,1937,97.06,2.94,0.0
NV,Nevada,1938,87.31,2.5,10.19
NV,Nevada,1939,84.64,2.52,12.84
NV,Nevada,1940,88.11,2.57,9.32
NV,Nevada,1941,88.57,2.8,8.63
NV,Nevada,1942,86.73,6.56,6.71
NV,Nevada,1943,80.21,11.99,7.8
NV,Nevada,1944,82.42,8.82,8.76
NV,Nevada,1945,86.39,4.14,9.47
NV,Nevada,1946,86.04,4.27,9.7
NV,Nevada,1947,83.06,5.15,11.79
NV,Nevada,1948,83.44,5.95,10.61
NV,Nevada,1949,83.61,5.32,11.07
NV,Nevada,1950,83.63,5.54,10.84
NV,Nevada,1951,83.03,5.87,11.1
NV,Nevada,1952,85.85,6.01,8.14
NV,Nevada,1953,89.94,6.05,4.01
NV,Nevada,1954,90.75,5.72,3.53
NV,Nevada,1955,91.78,5.49,2.73
NV,Nevada,1956,90.28,6.79,2.94
NV,Nevada,1957,90.58,6.32,3.1
NV,Nevada,1958,91.29,5.21,3.51
NV,Nevada,1959,92.1,5.11,2.79
NV,Nevada,1960,93.1,4.97,1.93
NV,Nevada,1961,93.56,4.9,1.54
NV,Nevada,1962,93.75,4.41,1.83
NV,Nevada,1963,93.76,4.5,1.74
NV,Nevada,1964,94.75,4.32,0.93
NV,Nevada,1965,94.68,4.28,1.04
NV,Nevada,1966,94.44,4.26,1.3
NV,Nevada,1967,94.87,3.98,1.16
NV,Nevada,1968,95.05,3.79,1.16
NV,Nevada,1969,94.33,4.02,1.65
NV,Nevada,1970,94.52,3.91,1.58
NV,Nevada,1971,94.76,3.79,1.45
NV,Nevada,1972,94.41,4.0,1.58
NV,Nevada,1973,93.86,4.33,1.82
NV,Nevada,1974,94.6,4.36,1.04
NV,Nevada,1975,94.63,4.47,0.9
NV,Nevada,1976,94.77,4.39,0.85
NV,Nevada,1977,94.61,4.83,0.56
NV,Nevada,1978,94.63,4.98,0.38
NV,Nevada,1979,94.67,5.2,0.13
NV,Nevada,1980,94.32,4.96,0.72
NV,Nevada,1981,94.56,5.13,0.32
NV,Nevada,1982,94.63,5.01,0.36
NV,Nevada,1983,94.74,4.99,0.27
NV,Nevada,1984,94.56,5.1,0.34
NV,Nevada,1985,94.65,5.09,0.26
NV,Nevada,1986,94.86,4.91,0.23
NV,Nevada,1987,94.72,4.92,0.35
NV,Nevada,1988,94.84,4.75,0.41
NV,Nevada,1989,94.96,4.59,0.45
NV,Nevada,1990,95.13,4.45,0.42
NV,Nevada,1991,95.38,4.27,0.36
NV,Nevada,1992,95.19,4.5,0.31
NV,Nevada,1993,95.07,4.46,0.47
NV,Nevada,1994,95.04,4.67,0.29
NV,Nevada,1995,95.05,4.72,0.23
NV,Nevada,1996,95.05,4.74,0.21
NV,Nevada,1997,95.15,4.66,0.19
NV,Nevada,1998,95.25,4.53,0.22
NV,Nevada,1999,95.47,4.35,0.19
NV,Nevada,2000,95.39,4.4,0.21
NV,Nevada,2001,95.61,4.16,0.22
NV,Nevada,2002,95.8,4.03,0.17
NV,Nevada,2003,95.64,4.19,0.16
NV,Nevada,2004,95.67,4.12,0.2
NV,Nevada,2005,95.78,4.03,0.19
NV,Nevada,2006,95.84,3.99,0.17
NV,Nevada,2007,95.81,4.06,0.13
NV,Nevada,2008,95.55,4.25,0.2
NV,Nevada,2009,96.03,3.79,0.18
NV,Nevada,2010,96.3,3.49,0.2
NV,Nevada,2011,96.27,3.44,0.28
NV,Nevada,2012,96.22,3.62,0.15
NV,Nevada,2013,96.2,3.67,0.14
NV,Nevada,2014,96.08,3.66,0.26
NV,Nevada,2015,96.24,3.59,0.17
NV,Nevada,2016,96.33,3.57,0.1
NV,Nevada,2017,95.97,3.9,0.12
NV,Nevada,2018,95.54,4.35,0.11
NV,Nevada,2019,95.33,4.5,0.17
NV,Nevada,2020,94.95,4.86,0.2
NV,Nevada,2021,94.98,4.83,0.19
NV,Nevada,2022,94.97,4.77,0.26
NV,Nevada,2023,95.3,4.56,0.13
NV,Nevada,2024,95.2,4.65,0.16
NV,Nevada,2025,95.1,4.72,0.18
NY,New York,1929,70.49,27.3,2.21
NY,New York,1930,71.51,26.09,2.4
NY,New York,1931,73.94,23.95,2.11
NY,New York,1932,76.86,21.18,1.96
NY,New York,1933,75.44,22.51,2.05
NY,New York,1934,74.36,23.71,1.93
NY,New York,1935,73.64,23.83,2.53
NY,New York,1936,74.29,23.7,2.01
NY,New York,1937,73.11,24.58,2.31
NY,New York,1938,74.8,23.2,2.0
NY,New York,1939,74.27,24.0,1.73
NY,New York,1940,73.27,24.97,1.76
NY,New York,1941,68.91,29.18,1.91
NY,New York,1942,64.7,32.83,2.47
NY,New York,1943,62.34,35.37,2.29
NY,New York,1944,63.39,34.37,2.25
NY,New York,1945,65.38,32.4,2.23
NY,New York,1946,67.17,30.37,2.46
NY,New York,1947,67.58,30.36,2.06
NY,New York,1948,66.45,31.39,2.16
NY,New York,1949,68.25,30.17,1.58
NY,New York,1950,67.37,31.12,1.52
NY,New York,1951,66.66,31.72,1.62
NY,New York,1952,66.27,32.18,1.55
NY,New York,1953,65.7,33.03,1.27
NY,New York,1954,67.23,31.68,1.09
NY,New York,1955,67.87,31.21,0.92
NY,New York,1956,67.72,31.37,0.91
NY,New York,1957,68.39,30.7,0.91
NY,New York,1958,69.64,29.33,1.03
NY,New York,1959,69.63,29.56,0.81
NY,New York,1960,69.96,29.18,0.86
NY,New York,1961,70.89,28.25,0.86
NY,New York,1962,71.13,28.23,0.64
NY,New York,1963,71.68,27.59,0.73
NY,New York,1964,72.35,26.99,0.65
NY,New York,1965,72.28,27.01,0.71
NY,New York,1966,72.26,26.98,0.76
NY,New York,1967,73.08,26.29,0.63
NY,New York,1968,73.88,25.52,0.59
NY,New York,1969,74.17,25.21,0.62
NY,New York,1970,75.62,23.82,0.56
NY,New York,1971,77.04,22.44,0.52
NY,New York,1972,77.79,21.79,0.41
NY,New York,1973,77.63,21.85,0.52
NY,New York,1974,77.75,21.78,0.46
NY,New York,1975,78.82,20.81,0.38
NY,New York,1976,78.36,21.26,0.37
NY,New York,1977,77.9,21.81,0.29
NY,New York,1978,77.92,21.74,0.34
NY,New York,1979,77.67,21.95,0.38
NY,New York,1980,78.46,21.2,0.34
NY,New York,1981,78.76,20.92,0.32
NY,New York,1982,79.61,20.1,0.29
NY,New York,1983,80.48,19.33,0.19
NY,New York,1984,80.77,19.0,0.23
NY,New York,1985,81.34,18.42,0.24
NY,New York,1986,82.31,17.43,0.26
NY,New York,1987,83.44,16.29,0.27
NY,New York,1988,84.11,15.67,0.21
NY,New York,1989,84.68,15.07,0.24
NY,New York,1990,85.6,14.17,0.23
NY,New York,1991,85.52,14.29,0.19
NY,New York,1992,86.1,13.69,0.21
NY,New York,1993,86.57,13.21,0.22
NY,New York,1994,86.99,12.83,0.18
NY,New York,1995,87.57,12.29,0.14
NY,New York,1996,87.98,11.84,0.19
NY,New York,1997,88.53,11.37,0.1
NY,New York,1998,88.81,11.05,0.15
NY,New York,1999,89.41,10.44,0.15
NY,New York,2000,89.81,10.05,0.14
NY,New York,2001,92.72,7.12,0.16
NY,New York,2002,93.04,6.84,0.13
NY,New York,2003,93.15,6.7,0.15
NY,New York,2004,93.34,6.48,0.18
NY,New York,2005,93.58,6.25,0.17
NY,New York,2006,93.97,5.89,0.14
NY,New York,2007,94.18,5.64,0.18
NY,New York,2008,94.25,5.54,0.21
NY,New York,2009,94.73,5.13,0.14
NY,New York,2010,94.92,4.87,0.21
NY,New York,2011,95.03,4.73,0.24
NY,New York,2012,95.09,4.68,0.23
NY,New York,2013,95.16,4.57,0.27
NY,New York,2014,95.33,4.41,0.26
NY,New York,2015,95.31,4.54,0.16
NY,New York,2016,95.55,4.32,0.13
NY,New York,2017,95.7,4.14,0.16
NY,New York,2018,95.91,3.98,0.11
NY,New York,2019,96.0,3.84,0.16
NY,New York,2020,96.03,3.79,0.18
NY,New York,2021,96.15,3.67,0.18
NY,New York,2022,95.99,3.78,0.23
NY,New York,2023,96.14,3.71,0.14
NY,New York,2024,96.32,3.58,0.1
NY,New York,2025,96.44,3.42,0.13
OH,Ohio,1929,55.92,37.69,6.4
OH,Ohio,1930,60.44,34.95,4.61
OH,Ohio,1931,61.36,31.27,7.36
OH,Ohio,1932,66.45,29.1,4.45
OH,Ohio,1933,61.86,32.54,5.59
OH,Ohio,1934,60.41,34.05,5.53
OH,Ohio,1935,56.63,34.3,9.07
OH,Ohio,1936,57.98,36.0,6.02
OH,Ohio,1937,54.71,38.04,7.25
OH,Ohio,1938,61.92,31.7,6.38
OH,Ohio,1939,58.99,35.3,5.71
OH,Ohio,1940,57.37,38.05,4.58
OH,Ohio,1941,51.75,42.41,5.84
OH,Ohio,1942,47.27,45.77,6.96
OH,Ohio,1943,45.52,48.5,5.98
OH,Ohio,1944,47.02,48.09,4.89
OH,Ohio,1945,50.59,43.06,6.34
OH,Ohio,1946,54.66,38.91,6.43
OH,Ohio,1947,52.84,41.66,5.5
OH,Ohio,1948,51.69,41.59,6.72
OH,Ohio,1949,55.19,40.38,4.44
OH,Ohio,1950,53.57,42.49,3.94
OH,Ohio,1951,51.99,44.37,3.64
OH,Ohio,1952,52.12,44.22,3.66
OH,Ohio,1953,51.41,45.58,3.01
OH,Ohio,1954,54.48,42.23,3.29
OH,Ohio,1955,53.76,44.08,2.17
OH,Ohio,1956,53.73,44.28,1.99
OH,Ohio,1957,54.91,43.5,1.59
OH,Ohio,1958,57.12,40.73,2.15
OH,Ohio,1959,55.85,42.79,1.36
OH,Ohio,1960,56.17,42.16,1.67
OH,Ohio,1961,57.68,40.45,1.86
OH,Ohio,1962,57.12,41.3,1.58
OH,Ohio,1963,57.25,41.24,1.51
OH,Ohio,1964,57.43,41.28,1.29
OH,Ohio,1965,57.01,41.6,1.39
OH,Ohio,1966,56.56,41.7,1.74
OH,Ohio,1967,58.11,40.78,1.11
OH,Ohio,1968,58.15,40.59,1.26
OH,Ohio,1969,58.5,40.34,1.16
OH,Ohio,1970,60.28,38.55,1.17
OH,Ohio,1971,61.76,37.18,1.06
OH,Ohio,1972,61.32,37.49,1.19
OH,Ohio,1973,60.37,38.23,1.4
OH,Ohio,1974,60.69,37.75,1.56
OH,Ohio,1975,62.73,35.74,1.54
OH,Ohio,1976,62.38,36.28,1.34
OH,Ohio,1977,61.67,37.31,1.03
OH,Ohio,1978,61.94,37.2,0.86
OH,Ohio,1979,62.05,37.01,0.95
OH,Ohio,1980,63.59,35.72,0.69
OH,Ohio,1981,63.58,36.23,0.19
OH,Ohio,1982,65.41,34.29,0.3
OH,Ohio,1983,65.93,34.07,0.0
OH,Ohio,1984,64.94,34.24,0.82
OH,Ohio,1985,65.16,34.08,0.76
OH,Ohio,1986,66.12,33.31,0.57
OH,Ohio,1987,67.53,31.89,0.58
OH,Ohio,1988,68.05,31.38,0.57
OH,Ohio,1989,68.68,30.52,0.8
OH,Ohio,1990,69.86,29.36,0.79
OH,Ohio,1991,70.96,28.59,0.45
OH,Ohio,1992,70.94,28.35,0.71
OH,Ohio,1993,71.57,27.9,0.53
OH,Ohio,1994,71.8,27.57,0.62
OH,Ohio,1995,72.47,27.07,0.46
OH,Ohio,1996,73.22,26.16,0.62
OH,Ohio,1997,73.67,25.54,0.79
OH,Ohio,1998,74.73,24.71,0.56
OH,Ohio,1999,75.29,24.35,0.36
OH,Ohio,2000,75.9,23.61,0.48
OH,Ohio,2001,79.61,19.94,0.45
OH,Ohio,2002,80.82,18.96,0.22
OH,Ohio,2003,81.16,18.54,0.29
OH,Ohio,2004,81.14,18.36,0.5
OH,Ohio,2005,81.52,18.11,0.37
OH,Ohio,2006,81.8,17.89,0.31
OH,Ohio,2007,82.33,17.28,0.39
OH,Ohio,2008,83.03,16.55,0.42
OH,Ohio,2009,84.97,14.49,0.54
OH,Ohio,2010,85.03,14.45,0.53
OH,Ohio,2011,84.37,14.73,0.9
OH,Ohio,2012,84.82,14.6,0.58
OH,Ohio,2013,84.53,14.57,0.9
OH,Ohio,2014,84.7,14.72,0.58
OH,Ohio,2015,85.02,14.8,0.18
OH,Ohio,2016,85.39,14.43,0.18
OH,Ohio,2017,85.41,14.32,0.27
OH,Ohio,2018,85.28,14.32,0.4
OH,Ohio,2019,85.6,14.25,0.16
OH,Ohio,2020,85.84,13.68,0.49
OH,Ohio,2021,85.9,13.37,0.73
OH,Ohio,2022,86.01,13.38,0.61
OH,Ohio,2023,86.02,13.3,0.69
OH,Ohio,2024,86.44,13.35,0.21
OH,Ohio,2025,86.13,13.16,0.71
OK,Oklahoma,1929,69.88,8.64,21.48
OK,Oklahoma,1930,77.9,9.74,12.36
OK,Oklahoma,1931,76.73,9.02,14.25
OK,Oklahoma,1932,79.77,9.64,10.59
OK,Oklahoma,1933,72.55,8.93,18.52
OK,Oklahoma,1934,75.92,8.98,15.11
OK,Oklahoma,1935,68.31,8.31,23.37
OK,Oklahoma,1936,78.53,9.58,11.89
OK,Oklahoma,1937,69.56,9.42,21.02
OK,Oklahoma,1938,73.72,9.26,17.02
OK,Oklahoma,1939,73.91,9.35,16.75
OK,Oklahoma,1940,71.53,9.35,19.11
OK,Oklahoma,1941,70.71,9.97,19.31
OK,Oklahoma,1942,66.38,11.04,22.58
OK,Oklahoma,1943,68.96,13.85,17.19
OK,Oklahoma,1944,66.71,14.15,19.14
OK,Oklahoma,1945,71.56,12.66,15.78
OK,Oklahoma,1946,70.91,9.23,19.86
OK,Oklahoma,1947,68.33,9.82,21.85
OK,Oklahoma,1948,69.63,11.02,19.36
OK,Oklahoma,1949,71.58,10.58,17.83
OK,Oklahoma,1950,75.37,11.37,13.26
OK,Oklahoma,1951,74.68,11.86,13.46
OK,Oklahoma,1952,75.45,12.74,11.81
OK,Oklahoma,1953,76.55,13.86,9.59
OK,Oklahoma,1954,78.34,14.08,7.58
OK,Oklahoma,1955,78.61,14.91,6.48
OK,Oklahoma,1956,79.5,15.19,5.31
OK,Oklahoma,1957,79.68,14.6,5.73
OK,Oklahoma,1958,76.98,13.41,9.61
OK,Oklahoma,1959,78.82,13.75,7.43
OK,Oklahoma,1960,77.58,13.35,9.07
OK,Oklahoma,1961,78.73,13.33,7.93
OK,Oklahoma,1962,80.02,13.92,6.06
OK,Oklahoma,1963,80.7,14.08,5.22
OK,Oklahoma,1964,80.61,14.65,4.74
OK,Oklahoma,1965,79.06,15.03,5.91
OK,Oklahoma,1966,78.81,15.93,5.26
OK,Oklahoma,1967,79.42,15.6,4.98
OK,Oklahoma,1968,80.38,16.01,3.61
OK,Oklahoma,1969,79.88,15.99,4.13
OK,Oklahoma,1970,79.41,15.65,4.94
OK,Oklahoma,1971,80.75,14.97,4.28
OK,Oklahoma,1972,80.01,15.18,4.82
OK,Oklahoma,1973,77.33,15.24,7.43
OK,Oklahoma,1974,79.79,16.05,4.17
OK,Oklahoma,1975,81.25,15.35,3.39
OK,Oklahoma,1976,81.69,15.74,2.57
OK,Oklahoma,1977,82.12,16.64,1.24
OK,Oklahoma,1978,82.26,16.71,1.03
OK,Oklahoma,1979,79.64,17.15,3.21
OK,Oklahoma,1980,80.95,17.86,1.18
OK,Oklahoma,1981,80.82,17.9,1.27
OK,Oklahoma,1982,82.19,16.1,1.71
OK,Oklahoma,1983,82.98,16.26,0.76
OK,Oklahoma,1984,81.58,17.18,1.24
OK,Oklahoma,1985,81.61,17.16,1.22
OK,Oklahoma,1986,81.13,16.81,2.06
OK,Oklahoma,1987,81.56,16.64,1.8
OK,Oklahoma,1988,80.88,16.78,2.34
OK,Oklahoma,1989,81.29,16.4,2.32
OK,Oklahoma,1990,81.69,15.95,2.36
OK,Oklahoma,1991,81.6,16.75,1.65
OK,Oklahoma,1992,81.83,16.07,2.1
OK,Oklahoma,1993,82.02,15.92,2.07
OK,Oklahoma,1994,82.17,15.93,1.9
OK,Oklahoma,1995,83.76,15.6,0.64
OK,Oklahoma,1996,83.93,15.31,0.76
OK,Oklahoma,1997,83.5,15.19,1.31
OK,Oklahoma,1998,83.95,15.08,0.97
OK,Oklahoma,1999,83.63,14.84,1.53
OK,Oklahoma,2000,84.19,14.4,1.41
OK,Oklahoma,2001,86.23,12.48,1.3
OK,Oklahoma,2002,87.02,11.47,1.51
OK,Oklahoma,2003,87.55,11.04,1.41
OK,Oklahoma,2004,87.53,10.77,1.7
OK,Oklahoma,2005,87.23,11.17,1.6
OK,Oklahoma,2006,87.84,11.4,0.76
OK,Oklahoma,2007,87.79,11.48,0.73
OK,Oklahoma,2008,88.24,10.97,0.79
OK,Oklahoma,2009,89.95,9.99,0.06
OK,Oklahoma,2010,89.97,9.18,0.85
OK,Oklahoma,2011,90.04,8.64,1.32
OK,Oklahoma,2012,89.89,8.51,1.6
OK,Oklahoma,2013,90.18,8.34,1.48
OK,Oklahoma,2014,90.26,8.0,1.74
OK,Oklahoma,2015,90.02,8.43,1.55
OK,Oklahoma,2016,90.74,8.38,0.88
OK,Oklahoma,2017,90.36,8.71,0.93
OK,Oklahoma,2018,90.31,8.93,0.76
OK,Oklahoma,2019,90.45,8.75,0.8
OK,Oklahoma,2020,91.05,8.26,0.69
OK,Oklahoma,2021,91.34,7.58,1.08
OK,Oklahoma,2022,90.86,8.08,1.06
OK,Oklahoma,2023,89.76,8.86,1.38
OK,Oklahoma,2024,90.13,8.7,1.17
OK,Oklahoma,2025,89.85,8.67,1.48
OR,Oregon,1929,62.65,22.89,14.47
OR,Oregon,1930,65.91,20.88,13.21
OR,Oregon,1931,69.7,17.88,12.42
OR,Oregon,1932,73.18,15.42,11.4
OR,Oregon,1933,68.13,18.24,13.62
OR,Oregon,1934,64.21,18.78,17.01
OR,Oregon,1935,67.1,20.05,12.84
OR,Oregon,1936,63.84,20.58,15.58
OR,Oregon,1937,63.67,23.37,12.96
OR,Oregon,1938,66.08,21.15,12.77
OR,Oregon,1939,64.99,22.21,12.8
OR,Oregon,1940,66.13,22.82,11.05
OR,Oregon,1941,60.58,26.1,13.32
OR,Oregon,1942,54.38,32.95,12.67
OR,Oregon,1943,51.5,35.74,12.75
OR,Oregon,1944,52.31,35.77,11.92
OR,Oregon,1945,56.41,29.78,13.81
OR,Oregon,1946,62.4,22.83,14.76
OR,Oregon,1947,62.32,24.9,12.78
OR,Oregon,1948,61.97,26.38,11.65
OR,Oregon,1949,66.01,25.22,8.77
OR,Oregon,1950,63.97,26.81,9.22
OR,Oregon,1951,62.74,27.65,9.61
OR,Oregon,1952,63.38,27.59,9.03
OR,Oregon,1953,65.2,27.32,7.49
OR,Oregon,1954,66.44,26.9,6.67
OR,Oregon,1955,65.86,27.73,6.41
OR,Oregon,1956,66.31,27.26,6.43
OR,Oregon,1957,68.52,25.68,5.8
OR,Oregon,1958,69.0,25.23,5.77
OR,Oregon,1959,68.2,26.47,5.33
OR,Oregon,1960,69.25,25.73,5.01
OR,Oregon,1961,70.49,24.97,4.54
OR,Oregon,1962,70.64,24.8,4.56
OR,Oregon,1963,71.19,24.73,4.07
OR,Oregon,1964,71.42,25.11,3.46
OR,Oregon,1965,71.47,24.95,3.57
OR,Oregon,1966,71.03,25.18,3.8
OR,Oregon,1967,72.05,24.51,3.44
OR,Oregon,1968,71.59,25.3,3.12
OR,Oregon,1969,71.04,25.46,3.5
OR,Oregon,1970,72.43,24.4,3.17
OR,Oregon,1971,73.12,24.13,2.75
OR,Oregon,1972,72.71,24.21,3.08
OR,Oregon,1973,71.69,24.43,3.89
OR,Oregon,1974,71.58,23.95,4.48
OR,Oregon,1975,73.8,22.76,3.44
OR,Oregon,1976,73.75,23.43,2.82
OR,Oregon,1977,73.38,24.45,2.16
OR,Oregon,1978,73.44,24.7,1.85
OR,Oregon,1979,73.09,24.9,2.01
OR,Oregon,1980,73.63,24.08,2.3
OR,Oregon,1981,74.54,23.58,1.88
OR,Oregon,1982,75.53,23.1,1.37
OR,Oregon,1983,75.49,23.18,1.34
OR,Oregon,1984,75.02,23.35,1.63
OR,Oregon,1985,75.69,22.66,1.64
OR,Oregon,1986,75.93,22.09,1.98
OR,Oregon,1987,76.4,21.86,1.74
OR,Oregon,1988,76.25,21.61,2.14
OR,Oregon,1989,77.11,21.0,1.9
OR,Oregon,1990,78.38,19.79,1.83
OR,Oregon,1991,79.1,19.13,1.77
OR,Oregon,1992,79.69,18.65,1.66
OR,Oregon,1993,79.79,18.41,1.8
OR,Oregon,1994,79.97,18.5,1.53
OR,Oregon,1995,80.42,18.31,1.28
OR,Oregon,1996,80.63,17.94,1.43
OR,Oregon,1997,80.38,18.11,1.52
OR,Oregon,1998,80.91,17.81,1.28
OR,Oregon,1999,81.16,17.68,1.16
OR,Oregon,2000,80.73,18.19,1.08
OR,Oregon,2001,83.59,15.34,1.07
OR,Oregon,2002,84.72,14.22,1.06
OR,Oregon,2003,84.69,13.94,1.36
OR,Oregon,2004,84.35,14.21,1.44
OR,Oregon,2005,84.55,14.1,1.35
OR,Oregon,2006,84.89,13.76,1.35
OR,Oregon,2007,85.15,13.55,1.3
OR,Oregon,2008,85.55,13.18,1.27
OR,Oregon,2009,86.77,12.08,1.15
OR,Oregon,2010,86.6,12.34,1.06
OR,Oregon,2011,86.24,12.52,1.23
OR,Oregon,2012,85.96,12.76,1.28
OR,Oregon,2013,86.13,12.44,1.43
OR,Oregon,2014,86.56,12.14,1.3
OR,Oregon,2015,86.58,12.05,1.37
OR,Oregon,2016,86.86,11.88,1.27
OR,Oregon,2017,87.5,11.6,0.9
OR,Oregon,2018,87.54,11.58,0.88
OR,Oregon,2019,87.96,11.24,0.8
OR,Oregon,2020,88.15,10.86,0.99
OR,Oregon,2021,88.44,10.63,0.93
OR,Oregon,2022,87.8,11.22,0.98
OR,Oregon,2023,88.47,10.64,0.9
OR,Oregon,2024,88.38,10.71,0.91
OR,Oregon,2025,88.83,10.1,1.06
PA,Pennsylvania,1929,64.79,31.85,3.36
PA,Pennsylvania,1930,66.57,30.49,2.93
PA,Pennsylvania,1931,68.82,27.79,3.39
PA,Pennsylvania,1932,70.93,26.52,2.55
PA,Pennsylvania,1933,67.98,28.48,3.55
PA,Pennsylvania,1934,67.31,29.54,3.16
PA,Pennsylvania,1935,65.89,29.93,4.18
PA,Pennsylvania,1936,66.49,30.18,3.33
PA,Pennsylvania,1937,63.76,32.59,3.64
PA,Pennsylvania,1938,68.82,28.0,3.17
PA,Pennsylvania,1939,66.4,30.73,2.87
PA,Pennsylvania,1940,63.85,33.52,2.63
PA,Pennsylvania,1941,58.92,38.42,2.66
PA,Pennsylvania,1942,56.52,40.55,2.93
PA,Pennsylvania,1943,55.66,41.3,3.04
PA,Pennsylvania,1944,56.15,40.83,3.03
PA,Pennsylvania,1945,59.16,37.69,3.15
PA,Pennsylvania,1946,61.11,35.33,3.56
PA,Pennsylvania,1947,59.19,37.71,3.1
PA,Pennsylvania,1948,57.97,38.73,3.3
PA,Pennsylvania,1949,59.93,37.38,2.69
PA,Pennsylvania,1950,59.47,38.29,2.23
PA,Pennsylvania,1951,58.22,39.47,2.31
PA,Pennsylvania,1952,58.4,39.56,2.04
PA,Pennsylvania,1953,57.2,40.99,1.81
PA,Pennsylvania,1954,59.21,39.06,1.72
PA,Pennsylvania,1955,58.81,39.78,1.41
PA,Pennsylvania,1956,58.61,40.01,1.38
PA,Pennsylvania,1957,58.92,40.03,1.05
PA,Pennsylvania,1958,60.89,37.43,1.69
PA,Pennsylvania,1959,60.46,38.36,1.18
PA,Pennsylvania,1960,59.79,38.87,1.34
PA,Pennsylvania,1961,61.01,37.65,1.35
PA,Pennsylvania,1962,60.8,38.27,0.93
PA,Pennsylvania,1963,61.08,37.84,1.07
PA,Pennsylvania,1964,60.98,37.99,1.03
PA,Pennsylvania,1965,61.01,37.99,1.0
PA,Pennsylvania,1966,60.87,38.26,0.87
PA,Pennsylvania,1967,62.0,36.9,1.1
PA,Pennsylvania,1968,62.71,36.4,0.89
PA,Pennsylvania,1969,63.12,35.92,0.97
PA,Pennsylvania,1970,64.63,34.41,0.95
PA,Pennsylvania,1971,66.28,32.93,0.79
PA,Pennsylvania,1972,66.65,32.6,0.75
PA,Pennsylvania,1973,66.14,32.91,0.95
PA,Pennsylvania,1974,65.87,33.29,0.84
PA,Pennsylvania,1975,67.46,31.82,0.72
PA,Pennsylvania,1976,67.76,31.43,0.8
PA,Pennsylvania,1977,66.9,32.44,0.66
PA,Pennsylvania,1978,67.05,32.3,0.65
PA,Pennsylvania,1979,66.57,32.69,0.74
PA,Pennsylvania,1980,67.66,31.88,0.46
PA,Pennsylvania,1981,67.5,31.85,0.64
PA,Pennsylvania,1982,69.77,29.67,0.56
PA,Pennsylvania,1983,71.56,28.09,0.34
PA,Pennsylvania,1984,71.66,27.6,0.74
PA,Pennsylvania,1985,72.71,26.59,0.7
PA,Pennsylvania,1986,73.87,25.44,0.69
PA,Pennsylvania,1987,74.68,24.68,0.64
PA,Pennsylvania,1988,75.29,24.22,0.49
PA,Pennsylvania,1989,75.9,23.48,0.62
PA,Pennsylvania,1990,76.92,22.49,0.59
PA,Pennsylvania,1991,77.66,21.92,0.42
PA,Pennsylvania,1992,77.83,21.53,0.64
PA,Pennsylvania,1993,78.16,21.31,0.53
PA,Pennsylvania,1994,78.22,21.32,0.46
PA,Pennsylvania,1995,78.6,21.09,0.31
PA,Pennsylvania,1996,78.88,20.61,0.52
PA,Pennsylvania,1997,79.24,20.42,0.34
PA,Pennsylvania,1998,79.85,19.78,0.37
PA,Pennsylvania,1999,80.34,19.35,0.32
PA,Pennsylvania,2000,80.78,18.82,0.4
PA,Pennsylvania,2001,84.34,15.31,0.36
PA,Pennsylvania,2002,85.34,14.44,0.22
PA,Pennsylvania,2003,86.09,13.5,0.41
PA,Pennsylvania,2004,86.62,12.9,0.48
PA,Pennsylvania,2005,86.77,12.82,0.41
PA,Pennsylvania,2006,87.05,12.62,0.33
PA,Pennsylvania,2007,87.63,12.01,0.37
PA,Pennsylvania,2008,87.77,11.86,0.37
PA,Pennsylvania,2009,88.73,11.01,0.27
PA,Pennsylvania,2010,89.04,10.6,0.36
PA,Pennsylvania,2011,89.11,10.43,0.46
PA,Pennsylvania,2012,89.17,10.32,0.51
PA,Pennsylvania,2013,89.35,10.1,0.55
PA,Pennsylvania,2014,89.29,10.1,0.61
PA,Pennsylvania,2015,89.58,10.05,0.38
PA,Pennsylvania,2016,90.16,9.64,0.19
PA,Pennsylvania,2017,89.89,9.76,0.35
PA,Pennsylvania,2018,89.74,10.06,0.21
PA,Pennsylvania,2019,89.68,10.03,0.3
PA,Pennsylvania,2020,89.98,9.78,0.23
PA,Pennsylvania,2021,90.11,9.53,0.35
PA,Pennsylvania,2022,89.66,9.81,0.54
PA,Pennsylvania,2023,90.18,9.52,0.3
PA,Pennsylvania,2024,90.33,9.44,0.23
PA,Pennsylvania,2025,90.21,9.38,0.4
RI,Rhode Island,1929,53.43,45.03,1.53
RI,Rhode Island,1930,55.72,42.79,1.49
RI,Rhode Island,1931,57.04,41.5,1.46
RI,Rhode Island,1932,60.73,37.79,1.48
RI,Rhode Island,1933,57.46,41.1,1.44
RI,Rhode Island,1934,58.74,39.48,1.78
RI,Rhode Island,1935,57.5,40.69,1.81
RI,Rhode Island,1936,59.01,39.59,1.4
RI,Rhode Island,1937,56.77,41.96,1.27
RI,Rhode Island,1938,62.6,36.33,1.07
RI,Rhode Island,1939,58.73,40.29,0.98
RI,Rhode Island,1940,58.8,40.31,0.89
RI,Rhode Island,1941,56.18,42.69,1.14
RI,Rhode Island,1942,59.01,40.03,0.96
RI,Rhode Island,1943,58.73,40.34,0.93
RI,Rhode Island,1944,58.76,40.35,0.89
RI,Rhode Island,1945,61.03,37.95,1.02
RI,Rhode Island,1946,58.01,40.93,1.06
RI,Rhode Island,1947,54.6,44.27,1.14
RI,Rhode Island,1948,53.86,44.93,1.21
RI,Rhode Island,1949,57.31,41.53,1.16
RI,Rhode Island,1950,55.67,43.45,0.88
RI,Rhode Island,1951,56.31,42.75,0.94
RI,Rhode Island,1952,57.5,41.57,0.93
RI,Rhode Island,1953,58.02,41.19,0.78
RI,Rhode Island,1954,62.11,37.2,0.69
RI,Rhode Island,1955,61.56,37.8,0.64
RI,Rhode Island,1956,61.48,37.95,0.57
RI,Rhode Island,1957,62.49,37.05,0.47
RI,Rhode Island,1958,65.35,34.13,0.51
RI,Rhode Island,1959,64.06,35.54,0.4
RI,Rhode Island,1960,64.01,35.53,0.46
RI,Rhode Island,1961,64.88,34.7,0.42
RI,Rhode Island,1962,65.19,34.41,0.4
RI,Rhode Island,1963,66.28,33.34,0.38
RI,Rhode Island,1964,66.8,32.8,0.4
RI,Rhode Island,1965,66.41,33.2,0.4
RI,Rhode Island,1966,66.22,33.39,0.39
RI,Rhode Island,1967,67.0,32.72,0.27
RI,Rhode Island,1968,67.83,31.87,0.3
RI,Rhode Island,1969,67.88,31.85,0.27
RI,Rhode Island,1970,70.02,29.69,0.29
RI,Rhode Island,1971,71.41,28.35,0.25
RI,Rhode Island,1972,71.52,28.27,0.21
RI,Rhode Island,1973,70.18,29.66,0.16
RI,Rhode Island,1974,67.88,31.9,0.22
RI,Rhode Island,1975,69.38,30.4,0.21
RI,Rhode Island,1976,68.1,31.7,0.2
RI,Rhode Island,1977,67.51,32.33,0.16
RI,Rhode Island,1978,67.28,32.56,0.16
RI,Rhode Island,1979,67.76,32.12,0.12
RI,Rhode Island,1980,67.72,32.16,0.11
RI,Rhode Island,1981,67.72,32.16,0.12
RI,Rhode Island,1982,69.07,30.58,0.35
RI,Rhode Island,1983,69.72,29.84,0.44
RI,Rhode Island,1984,69.92,29.73,0.35
RI,Rhode Island,1985,71.62,27.96,0.41
RI,Rhode Island,1986,72.59,27.01,0.4
RI,Rhode Island,1987,73.99,25.66,0.34
RI,Rhode Island,1988,75.49,24.19,0.32
RI,Rhode Island,1989,76.26,23.51,0.23
RI,Rhode Island,1990,77.26,22.52,0.22
RI,Rhode Island,1991,77.38,22.39,0.23
RI,Rhode Island,1992,77.64,22.16,0.2
RI,Rhode Island,1993,77.93,21.88,0.2
RI,Rhode Island,1994,78.63,21.21,0.16
RI,Rhode Island,1995,79.5,20.36,0.15
RI,Rhode Island,1996,80.1,19.76,0.14
RI,Rhode Island,1997,80.69,19.22,0.09
RI,Rhode Island,1998,81.94,17.98,0.08
RI,Rhode Island,1999,82.89,17.04,0.07
RI,Rhode Island,2000,83.99,15.94,0.07
RI,Rhode Island,2001,85.61,14.31,0.08
RI,Rhode Island,2002,86.7,13.21,0.09
RI,Rhode Island,2003,87.8,12.12,0.09
RI,Rhode Island,2004,88.03,11.88,0.09
RI,Rhode Island,2005,88.67,11.25,0.08
RI,Rhode Island,2006,89.18,10.74,0.08
RI,Rhode Island,2007,88.96,10.96,0.08
RI,Rhode Island,2008,89.56,10.35,0.09
RI,Rhode Island,2009,90.61,9.29,0.1
RI,Rhode Island,2010,91.07,8.84,0.09
RI,Rhode Island,2011,91.09,8.84,0.07
RI,Rhode Island,2012,91.3,8.62,0.08
RI,Rhode Island,2013,91.19,8.74,0.07
RI,Rhode Island,2014,91.16,8.78,0.06
RI,Rhode Island,2015,91.18,8.75,0.07
RI,Rhode Island,2016,91.45,8.5,0.05
RI,Rhode Island,2017,91.47,8.46,0.07
RI,Rhode Island,2018,91.66,8.29,0.05
RI,Rhode Island,2019,91.82,8.13,0.05
RI,Rhode Island,2020,91.83,8.1,0.07
RI,Rhode Island,2021,92.0,7.93,0.07
RI,Rhode Island,2022,92.1,7.81,0.09
RI,Rhode Island,2023,92.14,7.76,0.1
RI,Rhode Island,2024,92.24,7.65,0.12
RI,Rhode Island,2025,92.32,7.58,0.1
SC,South Carolina,1929,51.07,22.84,26.09
SC,South Carolina,1930,53.37,23.17,23.46
SC,South Carolina,1931,57.91,22.35,19.74
SC,South Carolina,1932,59.45,23.1,17.44
SC,South Carolina,1933,51.1,26.32,22.58
SC,South Carolina,1934,50.31,25.69,24.0
SC,South Carolina,1935,49.44,23.63,26.93
SC,South Carolina,1936,52.16,24.7,23.14
SC,South Carolina,1937,50.39,26.83,22.79
SC,South Carolina,1938,55.42,24.55,20.03
SC,South Carolina,1939,54.25,25.13,20.62
SC,South Carolina,1940,59.47,23.87,16.65
SC,South Carolina,1941,64.66,23.49,11.85
SC,South Carolina,1942,64.87,21.35,13.78
SC,South Carolina,1943,65.1,20.82,14.09
SC,South Carolina,1944,64.16,19.62,16.22
SC,South Carolina,1945,63.55,20.63,15.82
SC,South Carolina,1946,54.42,24.8,20.79
SC,South Carolina,1947,52.7,29.94,17.36
SC,South Carolina,1948,51.78,31.23,16.98
SC,South Carolina,1949,54.61,31.32,14.07
SC,South Carolina,1950,54.4,32.91,12.7
SC,South Carolina,1951,57.34,28.18,14.48
SC,South Carolina,1952,62.64,26.78,10.58
SC,South Carolina,1953,62.05,28.23,9.71
SC,South Carolina,1954,63.41,30.07,6.53
SC,South Carolina,1955,59.51,31.56,8.93
SC,South Carolina,1956,61.25,32.22,6.53
SC,South Carolina,1957,62.42,31.64,5.94
SC,South Carolina,1958,63.25,29.95,6.79
SC,South Carolina,1959,62.89,31.47,5.64
SC,South Carolina,1960,62.75,31.72,5.52
SC,South Carolina,1961,62.33,31.52,6.15
SC,South Carolina,1962,61.69,32.88,5.43
SC,South Carolina,1963,61.82,32.97,5.21
SC,South Carolina,1964,61.53,33.86,4.62
SC,South Carolina,1965,61.48,34.29,4.23
SC,South Carolina,1966,62.16,33.84,3.99
SC,South Carolina,1967,63.06,33.22,3.73
SC,South Carolina,1968,63.67,33.7,2.64
SC,South Carolina,1969,63.21,33.87,2.92
SC,South Carolina,1970,64.73,32.55,2.72
SC,South Carolina,1971,65.78,31.52,2.7
SC,South Carolina,1972,65.94,31.55,2.51
SC,South Carolina,1973,65.34,31.55,3.12
SC,South Carolina,1974,66.07,30.77,3.16
SC,South Carolina,1975,67.97,29.58,2.45
SC,South Carolina,1976,66.7,31.48,1.82
SC,South Carolina,1977,66.5,32.17,1.33
SC,South Carolina,1978,66.58,31.87,1.54
SC,South Carolina,1979,66.41,32.14,1.45
SC,South Carolina,1980,67.62,32.19,0.19
SC,South Carolina,1981,67.37,31.84,0.8
SC,South Carolina,1982,68.58,30.55,0.87
SC,South Carolina,1983,69.16,30.63,0.21
SC,South Carolina,1984,68.83,30.18,0.98
SC,South Carolina,1985,70.23,29.1,0.67
SC,South Carolina,1986,71.18,28.53,0.29
SC,South Carolina,1987,70.92,28.34,0.74
SC,South Carolina,1988,71.25,27.81,0.93
SC,South Carolina,1989,71.41,27.67,0.92
SC,South Carolina,1990,72.73,26.57,0.7
SC,South Carolina,1991,72.72,26.38,0.9
SC,South Carolina,1992,72.32,26.87,0.8
SC,South Carolina,1993,72.67,26.65,0.69
SC,South Carolina,1994,72.82,26.23,0.95
SC,South Carolina,1995,73.81,25.49,0.71
SC,South Carolina,1996,75.05,24.14,0.81
SC,South Carolina,1997,75.69,23.53,0.78
SC,South Carolina,1998,77.03,22.46,0.51
SC,South Carolina,1999,78.65,20.77,0.58
SC,South Carolina,2000,78.88,20.41,0.71
SC,South Carolina,2001,80.46,18.68,0.86
SC,South Carolina,2002,81.73,17.97,0.3
SC,South Carolina,2003,81.87,17.48,0.65
SC,South Carolina,2004,82.63,16.61,0.76
SC,South Carolina,2005,83.16,16.12,0.72
SC,South Carolina,2006,84.12,15.39,0.49
SC,South Carolina,2007,84.73,14.96,0.31
SC,South Carolina,2008,84.93,14.62,0.44
SC,South Carolina,2009,85.99,13.5,0.51
SC,South Carolina,2010,86.03,13.47,0.49
SC,South Carolina,2011,85.56,14.09,0.35
SC,South Carolina,2012,85.74,13.83,0.43
SC,South Carolina,2013,85.35,13.99,0.66
SC,South Carolina,2014,85.54,14.23,0.23
SC,South Carolina,2015,85.62,14.2,0.18
SC,South Carolina,2016,85.87,13.97,0.15
SC,South Carolina,2017,85.96,13.8,0.23
SC,South Carolina,2018,85.98,13.9,0.12
SC,South Carolina,2019,86.13,13.76,0.11
SC,South Carolina,2020,86.87,13.02,0.11
SC,South Carolina,2021,87.02,12.7,0.28
SC,South Carolina,2022,86.76,12.88,0.36
SC,South Carolina,2023,87.02,12.79,0.18
SC,South Carolina,2024,87.12,12.7,0.18
SC,South Carolina,2025,87.28,12.46,0.27
SD,South Dakota,1929,50.18,4.16,45.67
SD,South Dakota,1930,56.3,4.82,38.88
SD,South Dakota,1931,82.02,6.62,11.37
SD,South Dakota,1932,80.1,5.99,13.91
SD,South Dakota,1933,91.35,8.65,0.0
SD,South Dakota,1934,92.42,7.58,0.0
SD,South Dakota,1935,57.76,4.02,38.22
SD,South Dakota,1936,89.06,5.99,4.95
SD,South Dakota,1937,65.81,5.08,29.11
SD,South Dakota,1938,67.73,5.35,26.92
SD,South Dakota,1939,63.18,5.56,31.27
SD,South Dakota,1940,63.6,5.75,30.65
SD,South Dakota,1941,54.22,5.11,40.67
SD,South Dakota,1942,44.42,4.03,51.56
SD,South Dakota,1943,49.9,4.38,45.72
SD,South Dakota,1944,46.82,4.31,48.87
SD,South Dakota,1945,48.92,3.95,47.13
SD,South Dakota,1946,46.23,4.23,49.54
SD,South Dakota,1947,44.15,4.38,51.47
SD,South Dakota,1948,42.42,4.6,52.98
SD,South Dakota,1949,61.78,6.24,31.98
SD,South Dakota,1950,55.12,5.43,39.45
SD,South Dakota,1951,50.4,5.11,44.49
SD,South Dakota,1952,63.03,6.41,30.56
SD,South Dakota,1953,60.35,6.02,33.63
SD,South Dakota,1954,61.96,6.16,31.88
SD,South Dakota,1955,71.34,7.17,21.49
SD,South Dakota,1956,70.26,7.23,22.51
SD,South Dakota,1957,60.71,6.16,33.12
SD,South Dakota,1958,61.65,6.37,31.98
SD,South Dakota,1959,75.46,8.16,16.38
SD,South Dakota,1960,63.28,6.58,30.14
SD,South Dakota,1961,69.27,7.34,23.39
SD,South Dakota,1962,63.67,6.76,29.57
SD,South Dakota,1963,67.8,7.02,25.18
SD,South Dakota,1964,73.82,7.39,18.79
SD,South Dakota,1965,67.7,6.54,25.76
SD,South Dakota,1966,65.77,6.59,27.64
SD,South Dakota,1967,68.58,7.31,24.1
SD,South Dakota,1968,68.95,7.46,23.59
SD,South Dakota,1969,70.9,7.38,21.72
SD,South Dakota,1970,71.42,7.4,21.18
SD,South Dakota,1971,71.66,7.33,21.01
SD,South Dakota,1972,67.75,7.15,25.09
SD,South Dakota,1973,58.63,6.26,35.11
SD,South Dakota,1974,68.05,7.41,24.54
SD,South Dakota,1975,69.31,7.29,23.4
SD,South Dakota,1976,81.35,9.09,9.56
SD,South Dakota,1977,77.51,9.06,13.43
SD,South Dakota,1978,75.1,8.99,15.91
SD,South Dakota,1979,74.55,10.08,15.37
SD,South Dakota,1980,85.17,11.37,3.47
SD,South Dakota,1981,79.24,10.86,9.9
SD,South Dakota,1982,80.86,10.92,8.22
SD,South Dakota,1983,83.24,11.36,5.39
SD,South Dakota,1984,76.97,10.64,12.38
SD,South Dakota,1985,78.81,10.44,10.76
SD,South Dakota,1986,78.21,10.71,11.08
SD,South Dakota,1987,76.64,10.37,12.99
SD,South Dakota,1988,78.68,10.85,10.47
SD,South Dakota,1989,79.31,10.73,9.95
SD,South Dakota,1990,76.95,10.53,12.52
SD,South Dakota,1991,78.8,10.72,10.48
SD,South Dakota,1992,77.45,11.08,11.47
SD,South Dakota,1993,78.76,11.59,9.64
SD,South Dakota,1994,76.66,12.05,11.29
SD,South Dakota,1995,80.85,13.13,6.02
SD,South Dakota,1996,75.14,12.59,12.28
SD,South Dakota,1997,77.97,13.37,8.66
SD,South Dakota,1998,77.65,13.46,8.89
SD,South Dakota,1999,78.12,13.46,8.42
SD,South Dakota,2000,77.42,13.43,9.15
SD,South Dakota,2001,81.79,10.49,7.73
SD,South Dakota,2002,86.23,10.41,3.36
SD,South Dakota,2003,81.29,9.75,8.96
SD,South Dakota,2004,79.69,10.05,10.27
SD,South Dakota,2005,80.33,11.45,8.22
SD,South Dakota,2006,82.43,14.43,3.14
SD,South Dakota,2007,79.02,12.86,8.12
SD,South Dakota,2008,78.67,11.24,10.09
SD,South Dakota,2009,83.51,8.43,8.06
SD,South Dakota,2010,84.35,8.33,7.33
SD,South Dakota,2011,77.0,8.79,14.21
SD,South Dakota,2012,81.64,8.64,9.72
SD,South Dakota,2013,78.93,8.54,12.53
SD,South Dakota,2014,81.36,9.84,8.8
SD,South Dakota,2015,83.66,10.27,6.08
SD,South Dakota,2016,85.56,10.47,3.97
SD,South Dakota,2017,86.59,9.76,3.65
SD,South Dakota,2018,85.56,9.14,5.29
SD,South Dakota,2019,85.63,9.74,4.63
SD,South Dakota,2020,83.11,8.87,8.03
SD,South Dakota,2021,81.71,9.13,9.16
SD,South Dakota,2022,79.58,9.47,10.95
SD,South Dakota,2023,79.3,10.28,10.42
SD,South Dakota,2024,82.3,10.14,7.57
SD,South Dakota,2025,79.72,9.82,10.46
TN,Tennessee,1929,58.54,19.11,22.35
TN,Tennessee,1930,65.31,19.62,15.07
TN,Tennessee,1931,62.38,18.2,19.43
TN,Tennessee,1932,66.68,17.84,15.47
TN,Tennessee,1933,62.38,19.02,18.6
TN,Tennessee,1934,63.78,19.23,16.99
TN,Tennessee,1935,62.05,18.99,18.97
TN,Tennessee,1936,63.18,19.55,17.27
TN,Tennessee,1937,58.31,19.88,21.81
TN,Tennessee,1938,63.09,19.54,17.38
TN,Tennessee,1939,63.66,21.58,14.75
TN,Tennessee,1940,63.39,21.64,14.98
TN,Tennessee,1941,63.61,21.67,14.72
TN,Tennessee,1942,61.27,22.52,16.21
TN,Tennessee,1943,63.95,22.04,14.01
TN,Tennessee,1944,65.41,22.23,12.36
TN,Tennessee,1945,63.9,22.6,13.5
TN,Tennessee,1946,61.4,22.37,16.23
TN,Tennessee,1947,60.2,24.18,15.62
TN,Tennessee,1948,59.81,24.33,15.86
TN,Tennessee,1949,63.08,23.85,13.07
TN,Tennessee,1950,63.6,25.32,11.08
TN,Tennessee,1951,63.14,25.47,11.4
TN,Tennessee,1952,63.95,26.37,9.68
TN,Tennessee,1953,63.3,27.8,8.91
TN,Tennessee,1954,65.86,27.0,7.14
TN,Tennessee,1955,64.05,28.37,7.58
TN,Tennessee,1956,65.05,28.86,6.1
TN,Tennessee,1957,65.73,28.95,5.32
TN,Tennessee,1958,65.03,28.08,6.88
TN,Tennessee,1959,64.87,28.96,6.17
TN,Tennessee,1960,65.88,29.27,4.85
TN,Tennessee,1961,65.95,28.52,5.53
TN,Tennessee,1962,66.1,29.4,4.5
TN,Tennessee,1963,65.87,29.52,4.61
TN,Tennessee,1964,66.17,30.16,3.67
TN,Tennessee,1965,66.05,30.36,3.59
TN,Tennessee,1966,65.71,31.05,3.25
TN,Tennessee,1967,66.12,31.28,2.59
TN,Tennessee,1968,65.81,31.78,2.4
TN,Tennessee,1969,65.78,31.72,2.5
TN,Tennessee,1970,66.47,31.05,2.48
TN,Tennessee,1971,67.99,29.77,2.23
TN,Tennessee,1972,67.86,29.74,2.41
TN,Tennessee,1973,67.17,29.63,3.2
TN,Tennessee,1974,68.31,29.79,1.9
TN,Tennessee,1975,70.52,28.06,1.42
TN,Tennessee,1976,69.72,28.41,1.87
TN,Tennessee,1977,69.47,29.18,1.35
TN,Tennessee,1978,70.23,28.52,1.25
TN,Tennessee,1979,70.25,28.54,1.21
TN,Tennessee,1980,71.14,28.21,0.65
TN,Tennessee,1981,70.32,28.59,1.09
TN,Tennessee,1982,71.47,27.64,0.88
TN,Tennessee,1983,71.92,28.08,0.0
TN,Tennessee,1984,71.38,27.61,1.0
TN,Tennessee,1985,72.31,26.93,0.76
TN,Tennessee,1986,73.12,26.37,0.51
TN,Tennessee,1987,73.93,25.48,0.59
TN,Tennessee,1988,74.25,25.07,0.69
TN,Tennessee,1989,74.11,25.15,0.74
TN,Tennessee,1990,74.82,24.48,0.7
TN,Tennessee,1991,75.1,24.13,0.77
TN,Tennessee,1992,74.86,24.22,0.91
TN,Tennessee,1993,75.38,23.86,0.76
TN,Tennessee,1994,75.92,23.3,0.79
TN,Tennessee,1995,77.26,22.24,0.5
TN,Tennessee,1996,78.33,21.25,0.42
TN,Tennessee,1997,79.02,20.6,0.38
TN,Tennessee,1998,80.7,19.11,0.19
TN,Tennessee,1999,80.87,19.08,0.05
TN,Tennessee,2000,81.16,18.57,0.27
TN,Tennessee,2001,81.81,17.82,0.37
TN,Tennessee,2002,82.69,17.24,0.07
TN,Tennessee,2003,83.13,16.72,0.15
TN,Tennessee,2004,83.29,16.44,0.27
TN,Tennessee,2005,83.79,15.84,0.37
TN,Tennessee,2006,84.93,14.89,0.18
TN,Tennessee,2007,85.78,14.22,0.0
TN,Tennessee,2008,85.91,13.93,0.15
TN,Tennessee,2009,87.29,12.51,0.2
TN,Tennessee,2010,87.72,12.21,0.07
TN,Tennessee,2011,87.61,12.09,0.3
TN,Tennessee,2012,87.51,12.31,0.19
TN,Tennessee,2013,87.16,12.25,0.59
TN,Tennessee,2014,87.59,12.12,0.29
TN,Tennessee,2015,87.7,12.13,0.17
TN,Tennessee,2016,87.84,12.16,0.0
TN,Tennessee,2017,87.8,12.17,0.03
TN,Tennessee,2018,88.04,11.96,0.0
TN,Tennessee,2019,88.33,11.62,0.06
TN,Tennessee,2020,88.73,11.26,0.01
TN,Tennessee,2021,88.89,10.85,0.26
TN,Tennessee,2022,88.72,11.04,0.24
TN,Tennessee,2023,89.28,10.57,0.15
TN,Tennessee,2024,89.62,10.38,0.0
TN,Tennessee,2025,89.65,10.28,0.07
TX,Texas,1929,66.28,10.43,23.3
TX,Texas,1930,71.09,11.27,17.63
TX,Texas,1931,73.02,10.32,16.66
TX,Texas,1932,74.84,10.33,14.83
TX,Texas,1933,70.09,10.36,19.55
TX,Texas,1934,71.93,9.62,18.45
TX,Texas,1935,67.65,10.32,22.02
TX,Texas,1936,71.76,10.78,17.47
TX,Texas,1937,67.83,11.22,20.95
TX,Texas,1938,72.0,11.69,16.31
TX,Texas,1939,71.62,11.66,16.71
TX,Texas,1940,72.31,11.34,16.34
TX,Texas,1941,72.49,11.23,16.28
TX,Texas,1942,70.08,13.57,16.35
TX,Texas,1943,68.64,15.87,15.49
TX,Texas,1944,69.33,16.49,14.18
TX,Texas,1945,73.77,13.88,12.35
TX,Texas,1946,73.17,11.71,15.13
TX,Texas,1947,68.63,12.3,19.06
TX,Texas,1948,71.2,13.63,15.17
TX,Texas,1949,69.66,12.89,17.44
TX,Texas,1950,73.0,13.9,13.1
TX,Texas,1951,72.84,14.6,12.56
TX,Texas,1952,75.27,15.06,9.67
TX,Texas,1953,75.91,16.39,7.7
TX,Texas,1954,75.46,16.52,8.02
TX,Texas,1955,75.9,16.77,7.33
TX,Texas,1956,76.43,17.69,5.88
TX,Texas,1957,75.31,18.14,6.55
TX,Texas,1958,74.82,18.05,7.13
TX,Texas,1959,75.41,18.26,6.32
TX,Texas,1960,76.13,18.13,5.74
TX,Texas,1961,75.75,17.83,6.42
TX,Texas,1962,76.5,18.16,5.34
TX,Texas,1963,77.45,18.31,4.24
TX,Texas,1964,77.71,18.63,3.66
TX,Texas,1965,77.22,18.73,4.04
TX,Texas,1966,77.01,19.12,3.87
TX,Texas,1967,77.54,19.47,3.0
TX,Texas,1968,76.91,19.96,3.13
TX,Texas,1969,76.88,20.26,2.86
TX,Texas,1970,77.5,19.17,3.33
TX,Texas,1971,79.31,18.0,2.69
TX,Texas,1972,79.22,17.78,3.0
TX,Texas,1973,77.89,17.62,4.49
TX,Texas,1974,79.56,18.27,2.17
TX,Texas,1975,79.86,17.95,2.18
TX,Texas,1976,80.18,17.94,1.88
TX,Texas,1977,79.77,18.58,1.65
TX,Texas,1978,80.3,18.56,1.15
TX,Texas,1979,79.48,18.84,1.68
TX,Texas,1980,80.39,19.08,0.53
TX,Texas,1981,79.38,19.19,1.42
TX,Texas,1982,80.98,18.11,0.91
TX,Texas,1983,82.11,16.78,1.12
TX,Texas,1984,82.52,16.52,0.96
TX,Texas,1985,82.83,16.34,0.83
TX,Texas,1986,83.32,15.98,0.69
TX,Texas,1987,82.78,16.12,1.1
TX,Texas,1988,82.57,16.28,1.15
TX,Texas,1989,82.77,16.18,1.05
TX,Texas,1990,83.03,15.65,1.32
TX,Texas,1991,83.29,15.57,1.14
TX,Texas,1992,83.62,15.09,1.29
TX,Texas,1993,83.65,14.92,1.43
TX,Texas,1994,83.96,14.87,1.17
TX,Texas,1995,84.43,14.68,0.89
TX,Texas,1996,84.95,14.33,0.71
TX,Texas,1997,85.12,14.05,0.82
TX,Texas,1998,85.42,13.89,0.69
TX,Texas,1999,85.69,13.33,0.98
TX,Texas,2000,86.31,12.98,0.7
TX,Texas,2001,86.7,12.52,0.78
TX,Texas,2002,87.48,11.74,0.77
TX,Texas,2003,87.67,11.34,1.0
TX,Texas,2004,88.05,10.99,0.96
TX,Texas,2005,88.14,11.02,0.84
TX,Texas,2006,88.55,10.95,0.5
TX,Texas,2007,88.48,10.99,0.53
TX,Texas,2008,89.47,10.36,0.17
TX,Texas,2009,90.16,9.7,0.13
TX,Texas,2010,90.27,9.28,0.45
TX,Texas,2011,90.08,9.57,0.35
TX,Texas,2012,90.36,9.33,0.31
TX,Texas,2013,90.48,8.99,0.54
TX,Texas,2014,90.49,9.03,0.49
TX,Texas,2015,89.74,9.6,0.66
TX,Texas,2016,91.42,8.32,0.26
TX,Texas,2017,91.27,8.4,0.34
TX,Texas,2018,91.27,8.47,0.25
TX,Texas,2019,91.21,8.51,0.28
TX,Texas,2020,91.06,8.58,0.36
TX,Texas,2021,91.45,8.11,0.44
TX,Texas,2022,91.47,7.93,0.6
TX,Texas,2023,91.08,8.23,0.69
TX,Texas,2024,91.04,8.38,0.58
TX,Texas,2025,91.11,8.29,0.6
UT,Utah,1929,70.72,13.23,16.04
UT,Utah,1930,70.9,13.11,15.99
UT,Utah,1931,79.78,13.72,6.51
UT,Utah,1932,75.45,12.61,11.94
UT,Utah,1933,71.99,12.26,15.74
UT,Utah,1934,83.89,12.29,3.82
UT,Utah,1935,72.55,12.1,15.34
UT,Utah,1936,70.44,11.55,18.01
UT,Utah,1937,78.02,13.57,8.4
UT,Utah,1938,75.72,11.82,12.46
UT,Utah,1939,75.4,11.89,12.71
UT,Utah,1940,77.37,11.19,11.44
UT,Utah,1941,75.91,10.46,13.63
UT,Utah,1942,77.09,11.71,11.2
UT,Utah,1943,77.61,10.74,11.65
UT,Utah,1944,78.4,9.39,12.21
UT,Utah,1945,78.13,9.22,12.65
UT,Utah,1946,78.63,8.91,12.46
UT,Utah,1947,74.53,11.13,14.35
UT,Utah,1948,76.12,12.77,11.11
UT,Utah,1949,76.55,13.26,10.2
UT,Utah,1950,77.48,13.06,9.47
UT,Utah,1951,76.16,13.13,10.71
UT,Utah,1952,78.22,12.99,8.79
UT,Utah,1953,79.32,14.26,6.42
UT,Utah,1954,79.96,13.97,6.08
UT,Utah,1955,80.27,14.46,5.27
UT,Utah,1956,80.37,15.02,4.6
UT,Utah,1957,79.39,15.54,5.07
UT,Utah,1958,80.33,15.84,3.83
UT,Utah,1959,79.91,16.82,3.27
UT,Utah,1960,78.98,18.26,2.76
UT,Utah,1961,78.84,19.08,2.08
UT,Utah,1962,77.89,19.22,2.89
UT,Utah,1963,78.4,19.48,2.12
UT,Utah,1964,80.2,18.3,1.51
UT,Utah,1965,80.85,16.94,2.22
UT,Utah,1966,81.45,16.43,2.13
UT,Utah,1967,81.78,15.62,2.6
UT,Utah,1968,81.84,15.6,2.56
UT,Utah,1969,81.92,15.47,2.61
UT,Utah,1970,82.46,15.03,2.5
UT,Utah,1971,83.55,14.21,2.24
UT,Utah,1972,83.18,14.53,2.29
UT,Utah,1973,82.15,14.85,3.01
UT,Utah,1974,82.46,15.54,2.0
UT,Utah,1975,83.39,15.34,1.27
UT,Utah,1976,83.75,15.03,1.22
UT,Utah,1977,83.67,15.41,0.92
UT,Utah,1978,83.52,15.58,0.9
UT,Utah,1979,82.61,16.47,0.92
UT,Utah,1980,82.69,16.71,0.6
UT,Utah,1981,82.55,17.07,0.38
UT,Utah,1982,83.17,16.44,0.39
UT,Utah,1983,83.54,16.17,0.29
UT,Utah,1984,82.92,16.67,0.41
UT,Utah,1985,83.01,16.61,0.38
UT,Utah,1986,83.37,16.07,0.56
UT,Utah,1987,83.3,15.9,0.8
UT,Utah,1988,82.39,16.42,1.19
UT,Utah,1989,82.42,16.49,1.09
UT,Utah,1990,82.66,16.11,1.23
UT,Utah,1991,83.35,15.6,1.05
UT,Utah,1992,83.7,15.14,1.16
UT,Utah,1993,84.05,14.8,1.15
UT,Utah,1994,84.57,14.66,0.78
UT,Utah,1995,84.76,14.7,0.54
UT,Utah,1996,84.82,14.66,0.52
UT,Utah,1997,85.13,14.32,0.55
UT,Utah,1998,85.7,13.7,0.6
UT,Utah,1999,86.07,13.35,0.58
UT,Utah,2000,86.42,13.1,0.47
UT,Utah,2001,87.02,12.28,0.7
UT,Utah,2002,88.0,11.57,0.43
UT,Utah,2003,87.88,11.68,0.44
UT,Utah,2004,87.82,11.59,0.59
UT,Utah,2005,88.33,11.19,0.48
UT,Utah,2006,88.88,10.89,0.23
UT,Utah,2007,88.71,11.02,0.28
UT,Utah,2008,88.36,11.36,0.28
UT,Utah,2009,89.01,10.82,0.17
UT,Utah,2010,88.85,10.82,0.33
UT,Utah,2011,88.77,10.71,0.51
UT,Utah,2012,88.94,10.63,0.44
UT,Utah,2013,88.79,10.54,0.67
UT,Utah,2014,89.1,10.17,0.73
UT,Utah,2015,89.25,10.07,0.68
UT,Utah,2016,89.8,9.81,0.39
UT,Utah,2017,89.82,9.8,0.37
UT,Utah,2018,90.24,9.43,0.33
UT,Utah,2019,90.36,9.27,0.37
UT,Utah,2020,90.44,9.12,0.43
UT,Utah,2021,90.41,9.22,0.37
UT,Utah,2022,90.38,9.11,0.51
UT,Utah,2023,90.64,8.98,0.38
UT,Utah,2024,90.64,8.92,0.44
UT,Utah,2025,90.56,8.93,0.52
VA,Virginia,1929,65.21,16.84,17.95
VA,Virginia,1930,70.73,17.54,11.73
VA,Virginia,1931,68.3,16.59,15.11
VA,Virginia,1932,72.75,17.03,10.23
VA,Virginia,1933,67.98,16.31,15.71
VA,Virginia,1934,69.62,17.27,13.12
VA,Virginia,1935,66.79,16.83,16.38
VA,Virginia,1936,68.73,17.54,13.73
VA,Virginia,1937,66.35,17.68,15.97
VA,Virginia,1938,71.74,15.91,12.35
VA,Virginia,1939,71.03,17.27,11.7
VA,Virginia,1940,72.71,17.53,9.76
VA,Virginia,1941,74.28,17.37,8.35
VA,Virginia,1942,78.02,14.32,7.66
VA,Virginia,1943,77.48,14.69,7.83
VA,Virginia,1944,78.25,13.39,8.36
VA,Virginia,1945,78.75,12.79,8.47
VA,Virginia,1946,76.55,13.43,10.02
VA,Virginia,1947,73.43,17.15,9.42
VA,Virginia,1948,70.61,18.42,10.97
VA,Virginia,1949,73.49,18.38,8.13
VA,Virginia,1950,73.11,18.81,8.09
VA,Virginia,1951,74.18,17.88,7.95
VA,Virginia,1952,75.52,17.85,6.63
VA,Virginia,1953,76.63,18.74,4.63
VA,Virginia,1954,76.4,18.3,5.3
VA,Virginia,1955,76.56,18.95,4.5
VA,Virginia,1956,76.5,19.09,4.41
VA,Virginia,1957,77.72,19.51,2.77
VA,Virginia,1958,76.93,18.65,4.42
VA,Virginia,1959,77.49,19.43,3.08
VA,Virginia,1960,76.74,19.92,3.33
VA,Virginia,1961,76.85,19.84,3.31
VA,Virginia,1962,76.54,20.42,3.04
VA,Virginia,1963,78.29,19.96,1.74
VA,Virginia,1964,77.61,19.82,2.57
VA,Virginia,1965,77.72,20.02,2.25
VA,Virginia,1966,78.39,20.07,1.55
VA,Virginia,1967,78.53,19.63,1.84
VA,Virginia,1968,78.59,19.95,1.46
VA,Virginia,1969,79.48,18.99,1.53
VA,Virginia,1970,80.38,18.19,1.43
VA,Virginia,1971,81.18,17.63,1.18
VA,Virginia,1972,80.67,17.94,1.39
VA,Virginia,1973,80.34,17.93,1.73
VA,Virginia,1974,80.84,17.75,1.41
VA,Virginia,1975,81.8,17.1,1.1
VA,Virginia,1976,81.58,17.53,0.89
VA,Virginia,1977,81.35,18.07,0.57
VA,Virginia,1978,81.22,17.91,0.87
VA,Virginia,1979,81.53,18.05,0.42
VA,Virginia,1980,81.79,18.04,0.17
VA,Virginia,1981,81.34,18.07,0.6
VA,Virginia,1982,82.24,17.51,0.25
VA,Virginia,1983,82.33,17.58,0.08
VA,Virginia,1984,82.03,17.42,0.55
VA,Virginia,1985,82.59,17.05,0.35
VA,Virginia,1986,83.02,16.59,0.39
VA,Virginia,1987,83.49,16.03,0.48
VA,Virginia,1988,84.1,15.29,0.61
VA,Virginia,1989,84.32,14.97,0.71
VA,Virginia,1990,84.55,14.73,0.72
VA,Virginia,1991,84.93,14.44,0.63
VA,Virginia,1992,85.04,14.32,0.64
VA,Virginia,1993,85.69,13.81,0.5
VA,Virginia,1994,85.85,13.59,0.56
VA,Virginia,1995,86.27,13.26,0.47
VA,Virginia,1996,86.75,12.8,0.45
VA,Virginia,1997,87.23,12.46,0.31
VA,Virginia,1998,87.96,11.76,0.28
VA,Virginia,1999,88.56,11.23,0.2
VA,Virginia,2000,89.18,10.5,0.32
VA,Virginia,2001,90.71,9.03,0.26
VA,Virginia,2002,91.27,8.53,0.2
VA,Virginia,2003,91.7,8.16,0.14
VA,Virginia,2004,91.91,7.84,0.25
VA,Virginia,2005,92.31,7.44,0.26
VA,Virginia,2006,92.79,7.09,0.12
VA,Virginia,2007,92.98,6.92,0.1
VA,Virginia,2008,93.23,6.62,0.16
VA,Virginia,2009,93.69,6.16,0.15
VA,Virginia,2010,93.94,5.93,0.13
VA,Virginia,2011,93.89,5.88,0.23
VA,Virginia,2012,93.91,5.86,0.23
VA,Virginia,2013,93.65,6.07,0.28
VA,Virginia,2014,93.73,6.03,0.24
VA,Virginia,2015,93.77,6.06,0.17
VA,Virginia,2016,94.35,5.56,0.09
VA,Virginia,2017,94.3,5.53,0.17
VA,Virginia,2018,94.26,5.65,0.09
VA,Virginia,2019,94.29,5.59,0.12
VA,Virginia,2020,94.36,5.58,0.06
VA,Virginia,2021,94.47,5.37,0.17
VA,Virginia,2022,94.26,5.38,0.35
VA,Virginia,2023,94.56,5.31,0.13
VA,Virginia,2024,94.74,5.21,0.05
VA,Virginia,2025,94.61,5.2,0.19
VT,Vermont,1929,56.34,26.1,17.56
VT,Vermont,1930,58.12,23.54,18.33
VT,Vermont,1931,60.47,23.68,15.85
VT,Vermont,1932,66.39,18.06,15.55
VT,Vermont,1933,63.79,19.85,16.37
VT,Vermont,1934,63.57,19.18,17.25
VT,Vermont,1935,59.66,21.77,18.56
VT,Vermont,1936,59.2,23.09,17.72
VT,Vermont,1937,57.44,25.36,17.2
VT,Vermont,1938,62.7,21.02,16.28
VT,Vermont,1939,60.56,23.08,16.36
VT,Vermont,1940,60.61,25.99,13.4
VT,Vermont,1941,55.77,29.5,14.74
VT,Vermont,1942,48.86,32.93,18.2
VT,Vermont,1943,48.11,33.43,18.45
VT,Vermont,1944,47.48,35.87,16.65
VT,Vermont,1945,50.62,31.87,17.51
VT,Vermont,1946,52.25,30.41,17.34
VT,Vermont,1947,54.37,30.45,15.18
VT,Vermont,1948,53.3,30.47,16.23
VT,Vermont,1949,58.89,29.24,11.87
VT,Vermont,1950,57.21,31.09,11.7
VT,Vermont,1951,53.27,33.19,13.54
VT,Vermont,1952,55.05,33.52,11.43
VT,Vermont,1953,55.84,34.35,9.81
VT,Vermont,1954,59.4,31.18,9.42
VT,Vermont,1955,60.07,31.01,8.92
VT,Vermont,1956,60.01,31.98,8.02
VT,Vermont,1957,61.63,29.55,8.82
VT,Vermont,1958,63.6,26.47,9.93
VT,Vermont,1959,63.38,28.13,8.48
VT,Vermont,1960,63.54,27.55,8.91
VT,Vermont,1961,64.66,26.68,8.66
VT,Vermont,1962,64.96,28.16,6.87
VT,Vermont,1963,66.5,27.3,6.2
VT,Vermont,1964,66.78,26.59,6.63
VT,Vermont,1965,65.9,28.56,5.54
VT,Vermont,1966,63.93,29.82,6.24
VT,Vermont,1967,65.53,29.89,4.58
VT,Vermont,1968,66.33,29.06,4.62
VT,Vermont,1969,66.87,28.45,4.68
VT,Vermont,1970,68.77,26.52,4.7
VT,Vermont,1971,70.82,24.82,4.36
VT,Vermont,1972,71.32,24.24,4.44
VT,Vermont,1973,70.64,25.1,4.26
VT,Vermont,1974,70.29,26.4,3.31
VT,Vermont,1975,71.29,25.47,3.24
VT,Vermont,1976,70.84,25.5,3.66
VT,Vermont,1977,70.35,26.79,2.86
VT,Vermont,1978,69.09,27.41,3.5
VT,Vermont,1979,67.74,28.79,3.46
VT,Vermont,1980,67.45,29.27,3.28
VT,Vermont,1981,67.5,29.09,3.4
VT,Vermont,1982,68.02,28.76,3.22
VT,Vermont,1983,70.17,27.81,2.02
VT,Vermont,1984,71.03,27.12,1.84
VT,Vermont,1985,71.49,26.49,2.02
VT,Vermont,1986,72.45,25.73,1.82
VT,Vermont,1987,73.67,24.28,2.05
VT,Vermont,1988,74.92,23.25,1.83
VT,Vermont,1989,75.54,22.75,1.71
VT,Vermont,1990,76.12,22.33,1.55
VT,Vermont,1991,76.48,22.13,1.39
VT,Vermont,1992,76.43,21.38,2.19
VT,Vermont,1993,77.57,20.91,1.52
VT,Vermont,1994,78.37,20.16,1.47
VT,Vermont,1995,78.63,20.27,1.1
VT,Vermont,1996,78.3,20.16,1.53
VT,Vermont,1997,78.97,19.94,1.09
VT,Vermont,1998,79.28,19.46,1.26
VT,Vermont,1999,79.69,19.06,1.25
VT,Vermont,2000,79.53,19.28,1.18
VT,Vermont,2001,81.38,17.52,1.1
VT,Vermont,2002,83.3,15.88,0.82
VT,Vermont,2003,84.31,14.68,1.01
VT,Vermont,2004,84.73,14.01,1.26
VT,Vermont,2005,84.88,13.87,1.25
VT,Vermont,2006,85.8,13.45,0.74
VT,Vermont,2007,85.15,13.54,1.31
VT,Vermont,2008,85.4,13.28,1.32
VT,Vermont,2009,87.04,12.23,0.73
VT,Vermont,2010,86.97,11.95,1.09
VT,Vermont,2011,86.8,11.78,1.42
VT,Vermont,2012,86.49,12.17,1.35
VT,Vermont,2013,86.76,11.73,1.51
VT,Vermont,2014,87.02,11.24,1.74
VT,Vermont,2015,88.04,10.97,0.99
VT,Vermont,2016,88.68,10.5,0.82
VT,Vermont,2017,88.59,10.46,0.95
VT,Vermont,2018,88.92,10.45,0.63
VT,Vermont,2019,88.7,10.24,1.06
VT,Vermont,2020,89.04,9.96,0.99
VT,Vermont,2021,89.56,9.57,0.86
VT,Vermont,2022,89.09,9.37,1.54
VT,Vermont,2023,90.21,9.04,0.74
VT,Vermont,2024,90.62,8.66,0.72
VT,Vermont,2025,90.17,8.96,0.88
WA,Washington,1929,64.29,22.97,12.73
WA,Washington,1930,67.87,20.76,11.37
WA,Washington,1931,71.3,17.87,10.83
WA,Washington,1932,74.19,16.95,8.86
WA,Washington,1933,70.28,18.76,10.96
WA,Washington,1934,67.47,19.4,13.13
WA,Washington,1935,66.18,18.91,14.91
WA,Washington,1936,67.11,20.9,11.99
WA,Washington,1937,66.81,22.09,11.1
WA,Washington,1938,71.34,18.73,9.93
WA,Washington,1939,70.2,20.37,9.43
WA,Washington,1940,70.87,21.22,7.91
WA,Washington,1941,66.71,23.11,10.19
WA,Washington,1942,61.46,28.3,10.24
WA,Washington,1943,59.84,30.3,9.86
WA,Washington,1944,59.0,31.45,9.55
WA,Washington,1945,64.87,24.69,10.44
WA,Washington,1946,69.67,17.52,12.81
WA,Washington,1947,67.59,19.69,12.72
WA,Washington,1948,68.64,20.91,10.45
WA,Washington,1949,72.0,20.97,7.03
WA,Washington,1950,71.0,21.18,7.83
WA,Washington,1951,70.32,22.37,7.31
WA,Washington,1952,70.99,22.04,6.97
WA,Washington,1953,70.77,22.6,6.63
WA,Washington,1954,71.53,22.21,6.26
WA,Washington,1955,71.31,23.66,5.03
WA,Washington,1956,70.81,24.31,4.88
WA,Washington,1957,70.1,24.89,5.01
WA,Washington,1958,70.81,25.03,4.16
WA,Washington,1959,70.49,25.43,4.08
WA,Washington,1960,70.88,24.77,4.36
WA,Washington,1961,71.04,24.95,4.01
WA,Washington,1962,70.41,25.53,4.06
WA,Washington,1963,70.62,25.36,4.03
WA,Washington,1964,71.59,24.87,3.54
WA,Washington,1965,71.98,24.47,3.55
WA,Washington,1966,69.83,26.03,4.14
WA,Washington,1967,70.74,25.86,3.39
WA,Washington,1968,71.01,25.82,3.18
WA,Washington,1969,71.13,25.47,3.4
WA,Washington,1970,74.5,22.57,2.93
WA,Washington,1971,76.54,20.27,3.19
WA,Washington,1972,75.43,20.77,3.8
WA,Washington,1973,73.76,21.26,4.99
WA,Washington,1974,73.39,21.39,5.22
WA,Washington,1975,74.33,20.9,4.77
WA,Washington,1976,75.86,20.61,3.53
WA,Washington,1977,76.18,21.29,2.53
WA,Washington,1978,75.77,21.56,2.68
WA,Washington,1979,75.41,22.32,2.27
WA,Washington,1980,75.13,22.47,2.4
WA,Washington,1981,75.28,22.52,2.2
WA,Washington,1982,75.82,22.29,1.9
WA,Washington,1983,76.59,20.92,2.5
WA,Washington,1984,76.71,21.04,2.25
WA,Washington,1985,77.51,20.94,1.56
WA,Washington,1986,76.78,21.19,2.03
WA,Washington,1987,77.2,20.86,1.94
WA,Washington,1988,77.54,20.8,1.66
WA,Washington,1989,77.19,21.09,1.72
WA,Washington,1990,78.05,20.33,1.62
WA,Washington,1991,79.45,18.95,1.6
WA,Washington,1992,79.88,18.35,1.76
WA,Washington,1993,80.44,17.65,1.91
WA,Washington,1994,81.37,17.13,1.5
WA,Washington,1995,81.67,16.85,1.48
WA,Washington,1996,81.45,16.72,1.82
WA,Washington,1997,81.6,17.06,1.34
WA,Washington,1998,82.47,16.19,1.35
WA,Washington,1999,83.81,15.11,1.07
WA,Washington,2000,84.36,14.48,1.17
WA,Washington,2001,86.04,12.92,1.04
WA,Washington,2002,86.73,12.19,1.07
WA,Washington,2003,87.51,11.11,1.38
WA,Washington,2004,87.73,10.99,1.27
WA,Washington,2005,87.8,11.15,1.06
WA,Washington,2006,87.68,11.37,0.95
WA,Washington,2007,87.66,11.22,1.12
WA,Washington,2008,87.92,11.02,1.05
WA,Washington,2009,88.3,10.58,1.12
WA,Washington,2010,88.16,10.61,1.23
WA,Washington,2011,87.38,11.11,1.51
WA,Washington,2012,87.42,11.12,1.46
WA,Washington,2013,87.49,11.05,1.46
WA,Washington,2014,87.9,10.87,1.23
WA,Washington,2015,87.95,10.38,1.67
WA,Washington,2016,88.87,9.82,1.31
WA,Washington,2017,89.58,9.21,1.21
WA,Washington,2018,90.21,8.95,0.84
WA,Washington,2019,90.23,8.77,0.99
WA,Washington,2020,90.88,7.99,1.13
WA,Washington,2021,92.07,7.03,0.89
WA,Washington,2022,91.6,7.42,0.98
WA,Washington,2023,91.86,7.25,0.89
WA,Washington,2024,92.18,7.09,0.73
WA,Washington,2025,92.01,7.12,0.88
WI,Wisconsin,1929,52.35,32.07,15.58
WI,Wisconsin,1930,56.9,29.05,14.05
WI,Wisconsin,1931,62.5,27.59,9.91
WI,Wisconsin,1932,66.54,24.47,8.99
WI,Wisconsin,1933,62.49,26.63,10.88
WI,Wisconsin,1934,61.82,27.71,10.47
WI,Wisconsin,1935,54.83,26.93,18.24
WI,Wisconsin,1936,56.98,28.12,14.9
WI,Wisconsin,1937,53.37,30.69,15.94
WI,Wisconsin,1938,58.16,27.78,14.07
WI,Wisconsin,1939,58.93,29.66,11.41
WI,Wisconsin,1940,56.17,31.57,12.27
WI,Wisconsin,1941,50.66,35.08,14.26
WI,Wisconsin,1942,46.2,37.17,16.63
WI,Wisconsin,1943,43.88,39.45,16.67
WI,Wisconsin,1944,43.69,41.15,15.16
WI,Wisconsin,1945,46.37,36.83,16.79
WI,Wisconsin,1946,49.09,32.8,18.11
WI,Wisconsin,1947,47.98,35.91,16.11
WI,Wisconsin,1948,48.6,36.09,15.3
WI,Wisconsin,1949,52.75,34.9,12.35
WI,Wisconsin,1950,52.01,37.03,10.96
WI,Wisconsin,1951,50.09,37.4,12.51
WI,Wisconsin,1952,50.51,38.28,11.21
WI,Wisconsin,1953,51.66,39.81,8.54
WI,Wisconsin,1954,54.05,38.11,7.84
WI,Wisconsin,1955,54.73,39.12,6.14
WI,Wisconsin,1956,53.76,39.64,6.6
WI,Wisconsin,1957,54.79,38.78,6.43
WI,Wisconsin,1958,55.74,37.34,6.92
WI,Wisconsin,1959,54.75,38.67,6.57
WI,Wisconsin,1960,55.7,38.55,5.75
WI,Wisconsin,1961,56.64,36.83,6.53
WI,Wisconsin,1962,56.13,37.76,6.1
WI,Wisconsin,1963,57.0,37.73,5.27
WI,Wisconsin,1964,57.29,37.39,5.32
WI,Wisconsin,1965,57.11,37.28,5.62
WI,Wisconsin,1966,56.88,36.89,6.23
WI,Wisconsin,1967,58.43,36.57,5.01
WI,Wisconsin,1968,58.95,35.76,5.29
WI,Wisconsin,1969,59.38,35.83,4.8
WI,Wisconsin,1970,60.9,34.53,4.57
WI,Wisconsin,1971,62.25,33.09,4.66
WI,Wisconsin,1972,62.06,33.49,4.46
WI,Wisconsin,1973,60.99,34.05,4.96
WI,Wisconsin,1974,61.26,34.71,4.03
WI,Wisconsin,1975,62.43,33.51,4.06
WI,Wisconsin,1976,63.14,33.65,3.21
WI,Wisconsin,1977,62.17,33.56,4.27
WI,Wisconsin,1978,62.25,34.01,3.74
WI,Wisconsin,1979,61.47,34.36,4.17
WI,Wisconsin,1980,62.21,33.75,4.04
WI,Wisconsin,1981,62.83,34.07,3.1
WI,Wisconsin,1982,64.73,32.63,2.64
WI,Wisconsin,1983,66.52,32.31,1.17
WI,Wisconsin,1984,65.4,32.36,2.24
WI,Wisconsin,1985,66.21,31.61,2.18
WI,Wisconsin,1986,66.45,30.95,2.6
WI,Wisconsin,1987,66.6,30.77,2.63
WI,Wisconsin,1988,67.33,31.19,1.48
WI,Wisconsin,1989,67.45,29.77,2.78
WI,Wisconsin,1990,68.79,29.11,2.1
WI,Wisconsin,1991,70.05,28.49,1.47
WI,Wisconsin,1992,70.19,28.12,1.69
WI,Wisconsin,1993,70.84,27.96,1.2
WI,Wisconsin,1994,70.42,28.14,1.44
WI,Wisconsin,1995,71.0,28.1,0.9
WI,Wisconsin,1996,71.27,27.26,1.47
WI,Wisconsin,1997,71.79,27.21,1.0
WI,Wisconsin,1998,72.27,26.45,1.29
WI,Wisconsin,1999,72.89,25.94,1.17
WI,Wisconsin,2000,73.94,25.31,0.75
WI,Wisconsin,2001,76.04,23.01,0.95
WI,Wisconsin,2002,77.02,22.14,0.84
WI,Wisconsin,2003,77.72,21.12,1.16
WI,Wisconsin,2004,77.74,20.91,1.35
WI,Wisconsin,2005,78.32,20.54,1.14
WI,Wisconsin,2006,78.58,20.5,0.92
WI,Wisconsin,2007,78.43,20.22,1.35
WI,Wisconsin,2008,78.84,20.02,1.14
WI,Wisconsin,2009,80.96,18.43,0.61
WI,Wisconsin,2010,80.57,18.31,1.12
WI,Wisconsin,2011,79.64,18.6,1.76
WI,Wisconsin,2012,79.65,18.75,1.6
WI,Wisconsin,2013,79.6,18.59,1.81
WI,Wisconsin,2014,79.86,18.36,1.78
WI,Wisconsin,2015,80.22,18.3,1.48
WI,Wisconsin,2016,81.28,17.69,1.03
WI,Wisconsin,2017,81.18,17.84,0.97
WI,Wisconsin,2018,81.29,17.84,0.86
WI,Wisconsin,2019,81.48,17.62,0.9
WI,Wisconsin,2020,81.43,17.15,1.42
WI,Wisconsin,2021,81.9,16.84,1.26
WI,Wisconsin,2022,81.85,16.76,1.39
WI,Wisconsin,2023,82.3,16.63,1.07
WI,Wisconsin,2024,82.82,16.25,0.93
WI,Wisconsin,2025,82.82,16.03,1.15
WV,West Virginia,1929,70.64,20.15,9.21
WV,West Virginia,1930,73.22,19.81,6.97
WV,West Virginia,1931,71.69,17.9,10.41
WV,West Virginia,1932,73.5,17.99,8.5
WV,West Virginia,1933,70.84,19.2,9.97
WV,West Virginia,1934,72.93,19.58,7.49
WV,West Virginia,1935,70.82,19.52,9.66
WV,West Virginia,1936,72.9,19.4,7.69
WV,West Virginia,1937,70.24,20.72,9.04
WV,West Virginia,1938,73.78,18.5,7.72
WV,West Virginia,1939,71.83,20.7,7.47
WV,West Virginia,1940,71.94,21.69,6.37
WV,West Virginia,1941,70.66,22.89,6.45
WV,West Virginia,1942,69.04,23.77,7.19
WV,West Virginia,1943,68.44,24.14,7.42
WV,West Virginia,1944,70.43,23.34,6.23
WV,West Virginia,1945,70.3,22.76,6.94
WV,West Virginia,1946,70.58,21.98,7.44
WV,West Virginia,1947,71.25,22.55,6.2
WV,West Virginia,1948,71.38,22.8,5.83
WV,West Virginia,1949,71.63,23.52,4.85
WV,West Virginia,1950,71.65,24.15,4.2
WV,West Virginia,1951,70.77,24.64,4.59
WV,West Virginia,1952,70.22,25.58,4.2
WV,West Virginia,1953,69.72,27.29,2.99
WV,West Virginia,1954,68.8,27.47,3.73
WV,West Virginia,1955,69.38,28.12,2.5
WV,West Virginia,1956,70.13,27.56,2.31
WV,West Virginia,1957,71.45,26.85,1.69
WV,West Virginia,1958,70.37,27.29,2.34
WV,West Virginia,1959,69.52,28.72,1.77
WV,West Virginia,1960,68.64,29.46,1.9
WV,West Virginia,1961,68.88,29.46,1.66
WV,West Virginia,1962,68.68,30.15,1.17
WV,West Virginia,1963,68.81,30.32,0.87
WV,West Virginia,1964,69.31,29.91,0.78
WV,West Virginia,1965,69.9,29.32,0.78
WV,West Virginia,1966,70.5,29.09,0.42
WV,West Virginia,1967,70.69,28.52,0.79
WV,West Virginia,1968,70.94,28.47,0.59
WV,West Virginia,1969,71.7,27.56,0.75
WV,West Virginia,1970,73.81,25.62,0.57
WV,West Virginia,1971,74.87,24.62,0.52
WV,West Virginia,1972,75.55,23.88,0.57
WV,West Virginia,1973,75.08,24.16,0.75
WV,West Virginia,1974,74.48,25.07,0.45
WV,West Virginia,1975,76.93,22.87,0.2
WV,West Virginia,1976,76.8,23.15,0.05
WV,West Virginia,1977,77.09,22.91,0.0
WV,West Virginia,1978,77.13,22.75,0.13
WV,West Virginia,1979,76.73,23.11,0.16
WV,West Virginia,1980,77.76,22.16,0.08
WV,West Virginia,1981,78.19,21.81,0.0
WV,West Virginia,1982,80.0,20.0,0.0
WV,West Virginia,1983,80.49,19.51,0.0
WV,West Virginia,1984,80.57,19.26,0.17
WV,West Virginia,1985,80.63,19.22,0.15
WV,West Virginia,1986,80.49,19.19,0.33
WV,West Virginia,1987,81.01,18.94,0.05
WV,West Virginia,1988,81.18,18.78,0.04
WV,West Virginia,1989,80.91,18.89,0.2
WV,West Virginia,1990,81.89,17.86,0.26
WV,West Virginia,1991,82.99,16.81,0.2
WV,West Virginia,1992,82.88,16.81,0.31
WV,West Virginia,1993,83.26,16.43,0.31
WV,West Virginia,1994,83.87,15.85,0.28
WV,West Virginia,1995,84.23,15.67,0.11
WV,West Virginia,1996,84.49,15.47,0.04
WV,West Virginia,1997,85.16,14.84,0.0
WV,West Virginia,1998,85.41,14.58,0.0
WV,West Virginia,1999,85.76,14.24,0.0
WV,West Virginia,2000,85.79,14.14,0.07
WV,West Virginia,2001,87.01,12.89,0.1
WV,West Virginia,2002,87.7,12.3,0.0
WV,West Virginia,2003,88.34,11.66,0.0
WV,West Virginia,2004,88.29,11.61,0.1
WV,West Virginia,2005,89.0,10.96,0.03
WV,West Virginia,2006,89.64,10.36,0.0
WV,West Virginia,2007,89.86,10.14,0.0
WV,West Virginia,2008,90.47,9.53,0.0
WV,West Virginia,2009,91.43,8.57,0.0
WV,West Virginia,2010,91.54,8.46,0.0
WV,West Virginia,2011,91.72,8.27,0.02
WV,West Virginia,2012,91.71,8.29,0.0
WV,West Virginia,2013,91.88,8.05,0.07
WV,West Virginia,2014,91.9,8.06,0.04
WV,West Virginia,2015,91.72,8.28,0.0
WV,West Virginia,2016,91.61,8.39,0.0
WV,West Virginia,2017,91.58,8.4,0.02
WV,West Virginia,2018,91.76,8.24,0.0
WV,West Virginia,2019,91.67,8.33,0.0
WV,West Virginia,2020,91.89,8.11,0.0
WV,West Virginia,2021,91.99,8.01,0.0
WV,West Virginia,2022,91.67,7.96,0.37
WV,West Virginia,2023,92.19,7.81,0.0
WV,West Virginia,2024,92.03,7.88,0.09
WV,West Virginia,2025,91.92,7.78,0.29
WY,Wyoming,1929,69.61,5.89,24.5
WY,Wyoming,1930,72.83,6.24,20.93
WY,Wyoming,1931,78.38,6.42,15.21
WY,Wyoming,1932,80.73,6.87,12.4
WY,Wyoming,1933,75.33,5.74,18.93
WY,Wyoming,1934,79.4,5.37,15.23
WY,Wyoming,1935,71.59,5.12,23.29
WY,Wyoming,1936,73.85,5.27,20.88
WY,Wyoming,1937,69.05,5.37,25.58
WY,Wyoming,1938,73.5,4.6,21.9
WY,Wyoming,1939,71.29,5.36,23.35
WY,Wyoming,1940,71.11,5.7,23.19
WY,Wyoming,1941,67.76,4.72,27.52
WY,Wyoming,1942,70.51,4.63,24.86
WY,Wyoming,1943,69.43,4.42,26.15
WY,Wyoming,1944,73.72,5.1,21.17
WY,Wyoming,1945,72.93,5.45,21.62
WY,Wyoming,1946,67.25,5.53,27.22
WY,Wyoming,1947,68.23,5.92,25.85
WY,Wyoming,1948,75.02,6.2,18.78
WY,Wyoming,1949,77.92,6.07,16.01
WY,Wyoming,1950,75.73,5.96,18.31
WY,Wyoming,1951,69.73,5.68,24.6
WY,Wyoming,1952,78.52,6.29,15.19
WY,Wyoming,1953,81.82,7.05,11.13
WY,Wyoming,1954,83.92,7.41,8.67
WY,Wyoming,1955,83.13,7.06,9.81
WY,Wyoming,1956,83.77,6.99,9.25
WY,Wyoming,1957,80.08,6.84,13.08
WY,Wyoming,1958,79.63,7.41,12.96
WY,Wyoming,1959,81.6,7.95,10.45
WY,Wyoming,1960,84.6,7.67,7.73
WY,Wyoming,1961,83.46,8.14,8.4
WY,Wyoming,1962,83.05,7.3,9.65
WY,Wyoming,1963,83.24,7.4,9.36
WY,Wyoming,1964,86.65,6.93,6.42
WY,Wyoming,1965,85.98,6.94,7.08
WY,Wyoming,1966,85.61,6.83,7.56
WY,Wyoming,1967,84.74,6.74,8.52
WY,Wyoming,1968,87.03,6.02,6.96
WY,Wyoming,1969,86.8,6.08,7.12
WY,Wyoming,1970,86.7,5.95,7.35
WY,Wyoming,1971,86.89,5.64,7.46
WY,Wyoming,1972,85.17,5.5,9.33
WY,Wyoming,1973,85.0,5.42,9.58
WY,Wyoming,1974,88.97,5.15,5.88
WY,Wyoming,1975,91.57,5.29,3.14
WY,Wyoming,1976,92.62,5.37,2.02
WY,Wyoming,1977,92.98,5.42,1.6
WY,Wyoming,1978,92.68,5.41,1.91
WY,Wyoming,1979,92.42,5.18,2.4
WY,Wyoming,1980,93.67,4.48,1.85
WY,Wyoming,1981,94.57,4.44,0.99
WY,Wyoming,1982,95.12,4.32,0.55
WY,Wyoming,1983,95.08,4.19,0.73
WY,Wyoming,1984,95.72,4.01,0.27
WY,Wyoming,1985,95.79,3.89,0.33
WY,Wyoming,1986,95.25,4.0,0.75
WY,Wyoming,1987,94.35,4.47,1.18
WY,Wyoming,1988,94.06,4.78,1.16
WY,Wyoming,1989,93.66,4.71,1.64
WY,Wyoming,1990,92.52,4.91,2.57
WY,Wyoming,1991,91.7,4.87,3.43
WY,Wyoming,1992,91.86,4.76,3.38
WY,Wyoming,1993,91.68,4.77,3.55
WY,Wyoming,1994,93.43,4.87,1.69
WY,Wyoming,1995,93.94,4.67,1.39
WY,Wyoming,1996,93.47,5.44,1.09
WY,Wyoming,1997,92.56,5.19,2.25
WY,Wyoming,1998,93.57,5.26,1.16
WY,Wyoming,1999,93.21,4.95,1.84
WY,Wyoming,2000,93.64,5.09,1.27
WY,Wyoming,2001,93.39,4.78,1.82
WY,Wyoming,2002,94.56,4.52,0.93
WY,Wyoming,2003,94.18,4.25,1.57
WY,Wyoming,2004,94.26,4.24,1.5
WY,Wyoming,2005,94.1,4.16,1.74
WY,Wyoming,2006,95.36,3.99,0.65
WY,Wyoming,2007,95.81,3.9,0.3
WY,Wyoming,2008,95.74,3.67,0.59
WY,Wyoming,2009,95.97,3.51,0.52
WY,Wyoming,2010,96.01,3.32,0.67
WY,Wyoming,2011,94.62,3.48,1.89
WY,Wyoming,2012,95.64,3.68,0.68
WY,Wyoming,2013,95.07,3.79,1.14
WY,Wyoming,2014,94.36,3.99,1.64
WY,Wyoming,2015,94.54,4.13,1.33
WY,Wyoming,2016,94.95,4.24,0.81
WY,Wyoming,2017,94.91,4.22,0.87
WY,Wyoming,2018,94.82,4.21,0.98
WY,Wyoming,2019,94.67,4.36,0.97
WY,Wyoming,2020,94.36,4.38,1.26
WY,Wyoming,2021,94.58,4.17,1.25
WY,Wyoming,2022,94.04,4.14,1.81
WY,Wyoming,2023,94.15,4.12,1.73
WY,Wyoming,2024,94.32,4.09,1.59
WY,Wyoming,2025,94.49,4.09,1.42
