st,state,year,everything_else_pct,manufacturing_pct,mining_oil_gas_pct
AK,Alaska,1963,89.47,6.4,4.13
AK,Alaska,1964,89.26,5.86,4.88
AK,Alaska,1965,87.47,6.47,6.06
AK,Alaska,1966,85.46,6.61,7.94
AK,Alaska,1967,83.02,5.9,11.07
AK,Alaska,1968,77.43,5.0,17.57
AK,Alaska,1969,79.45,4.85,15.7
AK,Alaska,1970,79.7,5.82,14.49
AK,Alaska,1971,82.43,5.89,11.68
AK,Alaska,1972,85.48,4.98,9.54
AK,Alaska,1973,84.48,5.9,9.63
AK,Alaska,1974,85.32,5.33,9.35
AK,Alaska,1975,88.66,4.67,6.67
AK,Alaska,1976,90.94,3.87,5.19
AK,Alaska,1977,83.89,4.86,11.25
AK,Alaska,1978,77.21,4.82,17.97
AK,Alaska,1979,74.49,4.75,20.76
AK,Alaska,1980,57.17,3.67,39.16
AK,Alaska,1981,47.9,2.44,49.66
AK,Alaska,1982,53.15,2.03,44.82
AK,Alaska,1983,61.05,2.15,36.8
AK,Alaska,1984,61.23,2.06,36.71
AK,Alaska,1985,57.73,1.97,40.3
AK,Alaska,1986,73.32,2.52,24.16
AK,Alaska,1987,59.28,3.32,37.4
AK,Alaska,1988,62.44,4.34,33.22
AK,Alaska,1989,61.91,4.46,33.63
AK,Alaska,1990,60.41,4.62,34.97
AK,Alaska,1991,69.18,5.22,25.6
AK,Alaska,1992,70.99,4.92,24.09
AK,Alaska,1993,73.3,5.18,21.52
AK,Alaska,1994,76.09,4.44,19.48
AK,Alaska,1995,72.39,4.71,22.89
AK,Alaska,1996,68.87,3.88,27.25
AK,Alaska,1997,74.68,3.36,21.96
AK,Alaska,1998,82.08,4.59,13.33
AK,Alaska,1999,83.46,3.55,12.99
AK,Alaska,2000,80.31,3.08,16.61
AK,Alaska,2001,82.63,3.31,14.07
AK,Alaska,2002,81.67,3.08,15.25
AK,Alaska,2003,80.34,3.43,16.23
AK,Alaska,2004,76.09,3.45,20.46
AK,Alaska,2005,71.24,3.13,25.63
AK,Alaska,2006,66.23,3.11,30.66
AK,Alaska,2007,63.58,3.13,33.29
AK,Alaska,2008,60.43,2.68,36.89
AK,Alaska,2009,68.44,2.9,28.67
AK,Alaska,2010,68.65,2.06,29.29
AK,Alaska,2011,66.13,1.71,32.17
AK,Alaska,2012,66.95,1.7,31.35
AK,Alaska,2013,69.29,2.28,28.43
AK,Alaska,2014,72.14,2.75,25.11
AK,Alaska,2015,81.53,3.46,15.01
AK,Alaska,2016,84.64,2.98,12.37
AK,Alaska,2017,81.56,3.22,15.22
AK,Alaska,2018,82.39,2.5,15.12
AK,Alaska,2019,84.91,2.59,12.5
AK,Alaska,2020,87.21,2.46,10.34
AK,Alaska,2021,80.15,2.44,17.41
AK,Alaska,2022,77.95,2.33,19.72
AK,Alaska,2023,83.74,2.27,13.99
AK,Alaska,2024,85.24,2.06,12.7
AK,Alaska,2025,83.65,1.99,14.36
AL,Alabama,1963,72.71,25.86,1.43
AL,Alabama,1964,70.53,28.07,1.4
AL,Alabama,1965,69.86,28.84,1.3
AL,Alabama,1966,68.3,30.41,1.29
AL,Alabama,1967,70.68,28.05,1.27
AL,Alabama,1968,70.24,28.55,1.21
AL,Alabama,1969,69.79,28.98,1.24
AL,Alabama,1970,70.72,27.7,1.58
AL,Alabama,1971,72.48,26.27,1.26
AL,Alabama,1972,72.57,25.98,1.45
AL,Alabama,1973,72.77,25.78,1.46
AL,Alabama,1974,71.67,25.72,2.6
AL,Alabama,1975,72.54,24.63,2.83
AL,Alabama,1976,72.9,24.69,2.41
AL,Alabama,1977,72.79,24.69,2.52
AL,Alabama,1978,72.06,25.3,2.65
AL,Alabama,1979,71.4,25.56,3.04
AL,Alabama,1980,72.01,24.4,3.59
AL,Alabama,1981,71.69,24.41,3.9
AL,Alabama,1982,73.21,22.75,4.04
AL,Alabama,1983,72.8,23.98,3.22
AL,Alabama,1984,73.26,23.75,2.99
AL,Alabama,1985,74.08,23.27,2.64
AL,Alabama,1986,75.17,23.1,1.72
AL,Alabama,1987,73.98,24.55,1.47
AL,Alabama,1988,73.32,25.05,1.63
AL,Alabama,1989,74.54,23.94,1.52
AL,Alabama,1990,75.32,23.13,1.54
AL,Alabama,1991,76.68,21.84,1.48
AL,Alabama,1992,76.41,22.24,1.35
AL,Alabama,1993,77.05,21.55,1.41
AL,Alabama,1994,76.99,21.61,1.4
AL,Alabama,1995,76.26,22.36,1.37
AL,Alabama,1996,77.24,21.17,1.59
AL,Alabama,1997,80.18,18.6,1.22
AL,Alabama,1998,80.23,18.56,1.21
AL,Alabama,1999,80.54,18.42,1.03
AL,Alabama,2000,80.95,18.0,1.05
AL,Alabama,2001,81.75,17.15,1.1
AL,Alabama,2002,82.51,16.55,0.94
AL,Alabama,2003,82.76,16.08,1.16
AL,Alabama,2004,80.9,17.8,1.3
AL,Alabama,2005,80.7,17.65,1.66
AL,Alabama,2006,80.52,17.76,1.72
AL,Alabama,2007,81.16,16.85,1.99
AL,Alabama,2008,81.28,16.56,2.15
AL,Alabama,2009,83.64,14.72,1.65
AL,Alabama,2010,82.87,15.39,1.74
AL,Alabama,2011,81.29,17.11,1.61
AL,Alabama,2012,81.47,16.99,1.54
AL,Alabama,2013,81.4,17.28,1.32
AL,Alabama,2014,82.22,16.72,1.06
AL,Alabama,2015,83.05,16.25,0.7
AL,Alabama,2016,83.2,16.16,0.65
AL,Alabama,2017,82.71,16.39,0.9
AL,Alabama,2018,82.44,16.71,0.86
AL,Alabama,2019,83.07,16.17,0.76
AL,Alabama,2020,84.25,15.07,0.68
AL,Alabama,2021,83.7,15.53,0.77
AL,Alabama,2022,83.27,15.75,0.98
AL,Alabama,2023,83.7,15.48,0.83
AL,Alabama,2024,84.09,15.05,0.86
AL,Alabama,2025,84.46,14.61,0.93
AR,Arkansas,1963,76.95,20.57,2.48
AR,Arkansas,1964,76.27,21.41,2.31
AR,Arkansas,1965,75.21,22.63,2.16
AR,Arkansas,1966,74.29,23.64,2.07
AR,Arkansas,1967,73.5,24.59,1.91
AR,Arkansas,1968,73.2,24.93,1.87
AR,Arkansas,1969,72.73,25.69,1.58
AR,Arkansas,1970,73.27,25.18,1.55
AR,Arkansas,1971,73.49,25.14,1.37
AR,Arkansas,1972,74.16,24.73,1.11
AR,Arkansas,1973,75.11,23.66,1.23
AR,Arkansas,1974,74.81,23.46,1.72
AR,Arkansas,1975,74.74,23.49,1.77
AR,Arkansas,1976,73.85,24.13,2.02
AR,Arkansas,1977,72.82,25.05,2.13
AR,Arkansas,1978,73.59,24.41,2.0
AR,Arkansas,1979,73.37,24.58,2.05
AR,Arkansas,1980,72.56,24.24,3.2
AR,Arkansas,1981,71.96,24.17,3.86
AR,Arkansas,1982,72.57,23.6,3.84
AR,Arkansas,1983,72.06,24.98,2.96
AR,Arkansas,1984,73.19,24.25,2.56
AR,Arkansas,1985,75.29,22.23,2.48
AR,Arkansas,1986,75.6,22.94,1.46
AR,Arkansas,1987,73.99,24.72,1.29
AR,Arkansas,1988,74.41,24.4,1.18
AR,Arkansas,1989,73.43,25.37,1.2
AR,Arkansas,1990,74.34,24.61,1.05
AR,Arkansas,1991,74.9,24.19,0.91
AR,Arkansas,1992,75.56,23.61,0.83
AR,Arkansas,1993,74.91,24.16,0.93
AR,Arkansas,1994,74.66,24.58,0.76
AR,Arkansas,1995,74.75,24.42,0.83
AR,Arkansas,1996,75.84,23.17,0.99
AR,Arkansas,1997,77.05,22.38,0.56
AR,Arkansas,1998,78.02,21.47,0.5
AR,Arkansas,1999,77.68,21.85,0.47
AR,Arkansas,2000,78.39,21.08,0.53
AR,Arkansas,2001,79.86,19.53,0.61
AR,Arkansas,2002,79.78,19.72,0.5
AR,Arkansas,2003,80.39,19.03,0.58
AR,Arkansas,2004,80.41,18.89,0.71
AR,Arkansas,2005,80.63,18.48,0.9
AR,Arkansas,2006,80.13,18.52,1.36
AR,Arkansas,2007,81.65,16.51,1.84
AR,Arkansas,2008,81.8,15.31,2.89
AR,Arkansas,2009,83.33,14.01,2.66
AR,Arkansas,2010,82.17,14.66,3.16
AR,Arkansas,2011,81.74,14.85,3.41
AR,Arkansas,2012,83.19,14.02,2.79
AR,Arkansas,2013,82.91,14.63,2.45
AR,Arkansas,2014,82.87,14.9,2.22
AR,Arkansas,2015,84.1,14.71,1.19
AR,Arkansas,2016,84.88,14.32,0.81
AR,Arkansas,2017,85.2,14.07,0.73
AR,Arkansas,2018,84.7,14.6,0.69
AR,Arkansas,2019,85.18,14.24,0.58
AR,Arkansas,2020,85.69,13.81,0.5
AR,Arkansas,2021,84.31,15.12,0.57
AR,Arkansas,2022,85.29,14.09,0.62
AR,Arkansas,2023,85.58,13.89,0.53
AR,Arkansas,2024,86.19,13.35,0.46
AR,Arkansas,2025,86.77,12.83,0.4
AZ,Arizona,1963,83.39,11.01,5.6
AZ,Arizona,1964,82.98,12.16,4.86
AZ,Arizona,1965,83.51,11.96,4.53
AZ,Arizona,1966,81.99,13.29,4.72
AZ,Arizona,1967,83.94,13.54,2.52
AZ,Arizona,1968,82.66,13.6,3.75
AZ,Arizona,1969,82.38,13.56,4.06
AZ,Arizona,1970,81.8,13.31,4.89
AZ,Arizona,1971,85.19,11.86,2.96
AZ,Arizona,1972,84.61,12.79,2.6
AZ,Arizona,1973,83.58,13.2,3.22
AZ,Arizona,1974,83.71,13.23,3.06
AZ,Arizona,1975,83.84,13.92,2.24
AZ,Arizona,1976,83.99,13.02,2.99
AZ,Arizona,1977,83.93,12.97,3.1
AZ,Arizona,1978,84.16,13.01,2.83
AZ,Arizona,1979,82.83,13.43,3.74
AZ,Arizona,1980,82.79,13.72,3.5
AZ,Arizona,1981,83.11,13.56,3.33
AZ,Arizona,1982,85.0,12.82,2.18
AZ,Arizona,1983,84.78,13.46,1.76
AZ,Arizona,1984,85.18,13.26,1.56
AZ,Arizona,1985,86.74,11.92,1.35
AZ,Arizona,1986,85.69,13.11,1.2
AZ,Arizona,1987,85.05,13.68,1.27
AZ,Arizona,1988,84.56,13.6,1.84
AZ,Arizona,1989,85.58,12.52,1.9
AZ,Arizona,1990,85.65,12.5,1.85
AZ,Arizona,1991,85.98,12.23,1.79
AZ,Arizona,1992,85.35,12.93,1.72
AZ,Arizona,1993,85.59,13.07,1.33
AZ,Arizona,1994,84.46,13.96,1.58
AZ,Arizona,1995,84.42,13.7,1.88
AZ,Arizona,1996,84.62,13.85,1.53
AZ,Arizona,1997,82.62,16.16,1.21
AZ,Arizona,1998,83.64,15.36,1.0
AZ,Arizona,1999,83.8,15.27,0.94
AZ,Arizona,2000,85.25,13.84,0.91
AZ,Arizona,2001,86.39,12.85,0.75
AZ,Arizona,2002,87.0,12.31,0.68
AZ,Arizona,2003,86.1,13.19,0.71
AZ,Arizona,2004,88.44,10.59,0.96
AZ,Arizona,2005,89.59,9.05,1.36
AZ,Arizona,2006,88.99,9.21,1.8
AZ,Arizona,2007,88.72,9.4,1.89
AZ,Arizona,2008,88.99,8.95,2.06
AZ,Arizona,2009,89.88,8.19,1.92
AZ,Arizona,2010,89.14,8.43,2.44
AZ,Arizona,2011,88.77,8.43,2.8
AZ,Arizona,2012,88.84,8.81,2.35
AZ,Arizona,2013,90.21,7.79,2.0
AZ,Arizona,2014,90.0,8.14,1.86
AZ,Arizona,2015,90.48,8.3,1.23
AZ,Arizona,2016,90.89,8.1,1.01
AZ,Arizona,2017,90.96,7.73,1.31
AZ,Arizona,2018,90.74,8.06,1.2
AZ,Arizona,2019,90.06,8.85,1.09
AZ,Arizona,2020,89.87,8.88,1.24
AZ,Arizona,2021,89.19,9.15,1.66
AZ,Arizona,2022,89.93,8.66,1.41
AZ,Arizona,2023,90.95,7.88,1.16
AZ,Arizona,2024,91.31,7.63,1.07
AZ,Arizona,2025,91.43,7.44,1.13
CA,California,1963,77.96,20.47,1.57
CA,California,1964,78.52,20.03,1.44
CA,California,1965,78.78,19.89,1.33
CA,California,1966,78.17,20.59,1.24
CA,California,1967,78.02,20.79,1.2
CA,California,1968,78.09,20.71,1.2
CA,California,1969,78.91,20.02,1.07
CA,California,1970,80.52,18.48,1.0
CA,California,1971,81.16,17.92,0.92
CA,California,1972,81.07,18.13,0.8
CA,California,1973,81.01,18.14,0.85
CA,California,1974,81.59,17.3,1.11
CA,California,1975,81.86,16.97,1.17
CA,California,1976,81.52,17.32,1.16
CA,California,1977,81.03,17.63,1.33
CA,California,1978,81.34,17.39,1.26
CA,California,1979,80.57,18.1,1.33
CA,California,1980,80.41,17.51,2.08
CA,California,1981,79.85,17.38,2.78
CA,California,1982,79.78,17.6,2.62
CA,California,1983,80.89,17.08,2.03
CA,California,1984,81.24,16.75,2.02
CA,California,1985,82.26,16.05,1.7
CA,California,1986,83.67,15.41,0.92
CA,California,1987,83.42,15.69,0.89
CA,California,1988,83.41,15.84,0.75
CA,California,1989,83.85,15.39,0.77
CA,California,1990,84.31,14.84,0.85
CA,California,1991,84.7,14.66,0.65
CA,California,1992,85.3,14.14,0.56
CA,California,1993,85.62,13.85,0.54
CA,California,1994,85.85,13.6,0.55
CA,California,1995,85.6,13.74,0.66
CA,California,1996,85.47,13.75,0.78
CA,California,1997,84.76,14.62,0.62
CA,California,1998,85.33,14.28,0.39
CA,California,1999,85.16,14.45,0.39
CA,California,2000,84.27,15.2,0.53
CA,California,2001,86.58,12.96,0.47
CA,California,2002,88.14,11.45,0.42
CA,California,2003,87.73,11.81,0.47
CA,California,2004,87.92,11.5,0.58
CA,California,2005,87.02,12.24,0.75
CA,California,2006,86.87,12.16,0.98
CA,California,2007,86.7,12.17,1.13
CA,California,2008,86.09,12.59,1.32
CA,California,2009,87.0,12.05,0.95
CA,California,2010,87.73,11.33,0.95
CA,California,2011,87.99,10.98,1.03
CA,California,2012,87.89,11.1,1.02
CA,California,2013,88.07,11.03,0.9
CA,California,2014,88.29,10.94,0.76
CA,California,2015,88.81,10.8,0.39
CA,California,2016,89.16,10.52,0.31
CA,California,2017,88.89,10.75,0.36
CA,California,2018,88.44,11.23,0.33
CA,California,2019,88.78,10.95,0.27
CA,California,2020,89.24,10.52,0.23
CA,California,2021,89.22,10.49,0.29
CA,California,2022,89.68,9.98,0.34
CA,California,2023,90.05,9.66,0.29
CA,California,2024,90.45,9.29,0.25
CA,California,2025,90.69,9.09,0.22
CO,Colorado,1963,81.22,15.12,3.66
CO,Colorado,1964,82.22,14.44,3.34
CO,Colorado,1965,82.59,14.36,3.05
CO,Colorado,1966,80.85,16.25,2.91
CO,Colorado,1967,82.36,15.36,2.27
CO,Colorado,1968,82.48,15.02,2.5
CO,Colorado,1969,83.09,14.57,2.34
CO,Colorado,1970,83.61,13.87,2.51
CO,Colorado,1971,84.35,13.52,2.13
CO,Colorado,1972,84.64,13.26,2.1
CO,Colorado,1973,85.33,12.23,2.44
CO,Colorado,1974,85.0,12.08,2.93
CO,Colorado,1975,83.07,13.75,3.18
CO,Colorado,1976,83.84,12.84,3.32
CO,Colorado,1977,82.28,13.81,3.91
CO,Colorado,1978,81.93,14.05,4.02
CO,Colorado,1979,81.96,13.97,4.08
CO,Colorado,1980,81.03,13.35,5.61
CO,Colorado,1981,80.64,13.3,6.06
CO,Colorado,1982,81.64,13.04,5.32
CO,Colorado,1983,83.56,12.27,4.17
CO,Colorado,1984,83.5,12.7,3.8
CO,Colorado,1985,84.06,12.28,3.66
CO,Colorado,1986,85.23,12.38,2.39
CO,Colorado,1987,84.25,13.26,2.49
CO,Colorado,1988,84.21,13.42,2.37
CO,Colorado,1989,85.16,12.46,2.38
CO,Colorado,1990,85.54,12.04,2.43
CO,Colorado,1991,86.01,12.0,1.98
CO,Colorado,1992,86.03,12.3,1.67
CO,Colorado,1993,86.42,11.89,1.69
CO,Colorado,1994,86.63,11.81,1.55
CO,Colorado,1995,87.07,11.44,1.49
CO,Colorado,1996,87.42,11.04,1.55
CO,Colorado,1997,88.09,10.53,1.38
CO,Colorado,1998,89.07,9.72,1.22
CO,Colorado,1999,89.94,8.96,1.11
CO,Colorado,2000,89.8,8.86,1.35
CO,Colorado,2001,90.73,7.79,1.48
CO,Colorado,2002,90.75,7.85,1.4
CO,Colorado,2003,90.35,7.45,2.21
CO,Colorado,2004,89.52,7.69,2.8
CO,Colorado,2005,88.09,7.6,4.31
CO,Colorado,2006,87.49,7.82,4.7
CO,Colorado,2007,87.65,7.81,4.54
CO,Colorado,2008,86.45,7.4,6.15
CO,Colorado,2009,87.97,7.76,4.27
CO,Colorado,2010,87.75,7.7,4.56
CO,Colorado,2011,87.43,7.55,5.02
CO,Colorado,2012,88.01,7.48,4.51
CO,Colorado,2013,87.97,7.16,4.87
CO,Colorado,2014,87.25,7.01,5.75
CO,Colorado,2015,89.36,6.97,3.67
CO,Colorado,2016,90.43,6.62,2.95
CO,Colorado,2017,90.06,6.15,3.8
CO,Colorado,2018,89.55,6.16,4.29
CO,Colorado,2019,90.27,6.1,3.63
CO,Colorado,2020,91.31,6.47,2.22
CO,Colorado,2021,90.55,5.84,3.61
CO,Colorado,2022,89.84,5.73,4.44
CO,Colorado,2023,91.08,5.27,3.65
CO,Colorado,2024,91.55,5.19,3.26
CO,Colorado,2025,91.91,5.06,3.03
CT,Connecticut,1963,60.61,39.29,0.1
CT,Connecticut,1964,61.54,38.36,0.1
CT,Connecticut,1965,60.98,38.94,0.08
CT,Connecticut,1966,59.1,40.82,0.08
CT,Connecticut,1967,61.23,38.7,0.07
CT,Connecticut,1968,62.09,37.84,0.07
CT,Connecticut,1969,63.2,36.72,0.08
CT,Connecticut,1970,66.41,33.52,0.08
CT,Connecticut,1971,69.53,30.39,0.08
CT,Connecticut,1972,69.25,30.67,0.08
CT,Connecticut,1973,69.57,30.34,0.09
CT,Connecticut,1974,69.74,30.18,0.08
CT,Connecticut,1975,71.12,28.81,0.07
CT,Connecticut,1976,69.95,29.99,0.06
CT,Connecticut,1977,70.69,29.17,0.15
CT,Connecticut,1978,70.76,29.09,0.15
CT,Connecticut,1979,70.93,28.91,0.15
CT,Connecticut,1980,71.47,28.33,0.2
CT,Connecticut,1981,72.29,27.46,0.25
CT,Connecticut,1982,72.94,26.9,0.16
CT,Connecticut,1983,74.11,25.77,0.13
CT,Connecticut,1984,75.18,24.69,0.12
CT,Connecticut,1985,76.97,22.91,0.12
CT,Connecticut,1986,78.05,21.84,0.11
CT,Connecticut,1987,79.02,20.86,0.13
CT,Connecticut,1988,80.12,19.75,0.13
CT,Connecticut,1989,80.93,18.97,0.09
CT,Connecticut,1990,80.67,19.26,0.07
CT,Connecticut,1991,80.89,19.04,0.06
CT,Connecticut,1992,82.07,17.87,0.06
CT,Connecticut,1993,83.21,16.72,0.07
CT,Connecticut,1994,83.57,16.38,0.05
CT,Connecticut,1995,83.95,15.99,0.06
CT,Connecticut,1996,83.75,16.18,0.06
CT,Connecticut,1997,84.24,15.71,0.04
CT,Connecticut,1998,84.76,15.19,0.05
CT,Connecticut,1999,84.93,15.02,0.05
CT,Connecticut,2000,85.91,14.03,0.06
CT,Connecticut,2001,86.12,13.82,0.06
CT,Connecticut,2002,84.94,15.0,0.06
CT,Connecticut,2003,85.15,14.79,0.07
CT,Connecticut,2004,84.1,15.85,0.06
CT,Connecticut,2005,84.5,15.44,0.06
CT,Connecticut,2006,82.84,17.1,0.07
CT,Connecticut,2007,83.32,16.61,0.07
CT,Connecticut,2008,83.5,16.45,0.05
CT,Connecticut,2009,87.57,12.39,0.05
CT,Connecticut,2010,87.56,12.37,0.07
CT,Connecticut,2011,87.78,12.16,0.06
CT,Connecticut,2012,87.87,12.06,0.07
CT,Connecticut,2013,87.44,12.5,0.06
CT,Connecticut,2014,88.21,11.72,0.07
CT,Connecticut,2015,88.6,11.32,0.08
CT,Connecticut,2016,89.67,10.23,0.1
CT,Connecticut,2017,89.58,10.36,0.06
CT,Connecticut,2018,88.65,11.3,0.06
CT,Connecticut,2019,88.1,11.85,0.05
CT,Connecticut,2020,88.27,11.67,0.07
CT,Connecticut,2021,87.99,11.96,0.05
CT,Connecticut,2022,87.94,12.02,0.04
CT,Connecticut,2023,88.84,11.11,0.05
CT,Connecticut,2024,89.33,10.6,0.07
CT,Connecticut,2025,89.46,10.5,0.04
DC,District of Columbia,1963,96.38,3.61,0.01
DC,District of Columbia,1964,96.34,3.65,0.01
DC,District of Columbia,1965,96.34,3.65,0.01
DC,District of Columbia,1966,96.44,3.55,0.01
DC,District of Columbia,1967,96.59,3.4,0.01
DC,District of Columbia,1968,96.74,3.25,0.01
DC,District of Columbia,1969,96.67,3.33,0.01
DC,District of Columbia,1970,96.55,3.44,0.01
DC,District of Columbia,1971,96.79,3.2,0.01
DC,District of Columbia,1972,97.13,2.86,0.01
DC,District of Columbia,1973,96.99,3.0,0.01
DC,District of Columbia,1974,97.12,2.87,0.01
DC,District of Columbia,1975,97.29,2.7,0.01
DC,District of Columbia,1976,97.46,2.54,0.01
DC,District of Columbia,1977,97.17,2.82,0.01
DC,District of Columbia,1978,96.87,3.12,0.01
DC,District of Columbia,1979,96.67,3.32,0.01
DC,District of Columbia,1980,96.78,3.21,0.02
DC,District of Columbia,1981,96.83,3.16,0.02
DC,District of Columbia,1982,96.98,3.0,0.02
DC,District of Columbia,1983,96.36,3.62,0.02
DC,District of Columbia,1984,96.56,3.41,0.03
DC,District of Columbia,1985,96.26,3.71,0.03
DC,District of Columbia,1986,96.24,3.73,0.03
DC,District of Columbia,1987,96.08,3.89,0.03
DC,District of Columbia,1988,96.09,3.89,0.03
DC,District of Columbia,1989,96.18,3.81,0.02
DC,District of Columbia,1990,96.6,3.38,0.02
DC,District of Columbia,1991,96.98,2.99,0.03
DC,District of Columbia,1992,97.1,2.88,0.02
DC,District of Columbia,1993,97.42,2.56,0.02
DC,District of Columbia,1994,97.56,2.42,0.02
DC,District of Columbia,1995,97.78,2.18,0.04
DC,District of Columbia,1996,97.56,2.4,0.04
DC,District of Columbia,1997,99.4,0.57,0.02
DC,District of Columbia,1998,99.42,0.56,0.03
DC,District of Columbia,1999,99.51,0.46,0.03
DC,District of Columbia,2000,99.5,0.46,0.04
DC,District of Columbia,2001,99.52,0.45,0.03
DC,District of Columbia,2002,99.57,0.4,0.03
DC,District of Columbia,2003,99.59,0.4,0.02
DC,District of Columbia,2004,99.59,0.4,0.01
DC,District of Columbia,2005,99.67,0.33,0.0
DC,District of Columbia,2006,99.7,0.3,0.0
DC,District of Columbia,2007,99.72,0.28,0.0
DC,District of Columbia,2008,99.75,0.25,0.0
DC,District of Columbia,2009,99.75,0.25,0.0
DC,District of Columbia,2010,99.78,0.22,0.0
DC,District of Columbia,2011,99.75,0.25,0.0
DC,District of Columbia,2012,99.8,0.2,0.0
DC,District of Columbia,2013,99.79,0.21,0.0
DC,District of Columbia,2014,99.82,0.18,0.0
DC,District of Columbia,2015,99.8,0.2,0.0
DC,District of Columbia,2016,99.79,0.21,0.0
DC,District of Columbia,2017,99.81,0.19,0.0
DC,District of Columbia,2018,99.82,0.18,0.0
DC,District of Columbia,2019,99.83,0.17,0.0
DC,District of Columbia,2020,99.83,0.17,0.0
DC,District of Columbia,2021,99.77,0.23,0.0
DC,District of Columbia,2022,99.77,0.23,0.0
DC,District of Columbia,2023,99.79,0.21,0.0
DC,District of Columbia,2024,99.81,0.19,0.0
DC,District of Columbia,2025,99.82,0.18,0.0
DE,Delaware,1963,59.02,40.94,0.04
DE,Delaware,1964,58.35,41.62,0.04
DE,Delaware,1965,57.7,42.27,0.03
DE,Delaware,1966,58.27,41.68,0.04
DE,Delaware,1967,59.53,40.42,0.05
DE,Delaware,1968,58.51,41.46,0.03
DE,Delaware,1969,61.01,38.96,0.04
DE,Delaware,1970,63.85,36.12,0.03
DE,Delaware,1971,63.31,36.65,0.04
DE,Delaware,1972,65.36,34.58,0.06
DE,Delaware,1973,66.01,33.91,0.07
DE,Delaware,1974,67.57,32.35,0.09
DE,Delaware,1975,68.93,31.0,0.07
DE,Delaware,1976,67.65,32.28,0.07
DE,Delaware,1977,65.27,34.53,0.2
DE,Delaware,1978,65.88,33.95,0.17
DE,Delaware,1979,66.07,33.86,0.08
DE,Delaware,1980,66.35,33.61,0.04
DE,Delaware,1981,65.28,34.69,0.02
DE,Delaware,1982,67.51,32.45,0.04
DE,Delaware,1983,66.73,33.22,0.05
DE,Delaware,1984,66.92,33.03,0.05
DE,Delaware,1985,68.15,31.8,0.05
DE,Delaware,1986,71.55,28.41,0.04
DE,Delaware,1987,72.63,27.34,0.03
DE,Delaware,1988,74.32,25.65,0.03
DE,Delaware,1989,74.95,25.02,0.03
DE,Delaware,1990,76.91,23.06,0.03
DE,Delaware,1991,78.53,21.44,0.03
DE,Delaware,1992,80.89,19.09,0.02
DE,Delaware,1993,80.89,19.09,0.02
DE,Delaware,1994,80.52,19.46,0.02
DE,Delaware,1995,80.58,19.4,0.02
DE,Delaware,1996,81.83,18.16,0.02
DE,Delaware,1997,88.08,11.88,0.04
DE,Delaware,1998,89.05,10.92,0.03
DE,Delaware,1999,89.16,10.81,0.03
DE,Delaware,2000,90.21,9.76,0.03
DE,Delaware,2001,90.96,9.02,0.02
DE,Delaware,2002,92.68,7.3,0.02
DE,Delaware,2003,92.69,7.3,0.01
DE,Delaware,2004,90.99,9.0,0.01
DE,Delaware,2005,91.22,8.77,0.0
DE,Delaware,2006,91.18,8.81,0.0
DE,Delaware,2007,90.69,9.31,0.0
DE,Delaware,2008,91.94,8.06,0.0
DE,Delaware,2009,92.43,7.57,0.0
DE,Delaware,2010,93.02,6.98,0.0
DE,Delaware,2011,93.21,6.79,0.0
DE,Delaware,2012,93.92,6.08,0.0
DE,Delaware,2013,93.74,6.25,0.0
DE,Delaware,2014,94.37,5.63,0.0
DE,Delaware,2015,93.67,6.32,0.0
DE,Delaware,2016,94.67,5.32,0.01
DE,Delaware,2017,93.73,6.26,0.01
DE,Delaware,2018,93.49,6.5,0.01
DE,Delaware,2019,93.16,6.83,0.01
DE,Delaware,2020,93.32,6.67,0.01
DE,Delaware,2021,93.52,6.47,0.01
DE,Delaware,2022,93.27,6.72,0.01
DE,Delaware,2023,93.12,6.88,0.0
DE,Delaware,2024,92.45,7.54,0.01
DE,Delaware,2025,93.06,6.94,0.01
FL,Florida,1963,86.16,12.99,0.85
FL,Florida,1964,86.28,12.81,0.91
FL,Florida,1965,86.38,12.73,0.89
FL,Florida,1966,86.23,12.87,0.9
FL,Florida,1967,85.55,13.62,0.83
FL,Florida,1968,85.99,13.38,0.63
FL,Florida,1969,86.97,12.53,0.5
FL,Florida,1970,87.8,11.78,0.42
FL,Florida,1971,88.62,10.97,0.41
FL,Florida,1972,88.68,10.69,0.62
FL,Florida,1973,89.22,10.24,0.54
FL,Florida,1974,89.2,9.96,0.84
FL,Florida,1975,88.43,10.43,1.14
FL,Florida,1976,88.28,10.72,0.99
FL,Florida,1977,88.49,10.66,0.85
FL,Florida,1978,88.05,11.02,0.93
FL,Florida,1979,87.93,11.04,1.02
FL,Florida,1980,87.74,10.97,1.29
FL,Florida,1981,87.78,10.83,1.39
FL,Florida,1982,87.41,11.03,1.56
FL,Florida,1983,88.11,10.9,0.99
FL,Florida,1984,87.69,11.51,0.8
FL,Florida,1985,89.07,10.27,0.65
FL,Florida,1986,89.43,10.15,0.43
FL,Florida,1987,89.25,10.33,0.41
FL,Florida,1988,89.68,9.98,0.34
FL,Florida,1989,89.84,9.8,0.36
FL,Florida,1990,90.29,9.38,0.33
FL,Florida,1991,90.68,9.02,0.3
FL,Florida,1992,90.96,8.76,0.28
FL,Florida,1993,91.46,8.32,0.22
FL,Florida,1994,91.8,8.0,0.2
FL,Florida,1995,91.85,7.96,0.19
FL,Florida,1996,92.24,7.54,0.22
FL,Florida,1997,92.41,7.43,0.16
FL,Florida,1998,92.83,7.02,0.15
FL,Florida,1999,93.14,6.7,0.16
FL,Florida,2000,93.47,6.39,0.14
FL,Florida,2001,94.06,5.82,0.12
FL,Florida,2002,94.29,5.59,0.12
FL,Florida,2003,94.56,5.31,0.12
FL,Florida,2004,94.61,5.25,0.13
FL,Florida,2005,94.65,5.2,0.15
FL,Florida,2006,94.53,5.3,0.17
FL,Florida,2007,94.38,5.43,0.19
FL,Florida,2008,94.56,5.19,0.25
FL,Florida,2009,94.74,5.09,0.16
FL,Florida,2010,94.99,4.85,0.16
FL,Florida,2011,95.08,4.68,0.24
FL,Florida,2012,95.12,4.65,0.23
FL,Florida,2013,94.93,4.87,0.2
FL,Florida,2014,94.97,4.89,0.14
FL,Florida,2015,94.71,5.19,0.1
FL,Florida,2016,94.81,5.08,0.11
FL,Florida,2017,94.96,4.92,0.12
FL,Florida,2018,94.96,4.93,0.12
FL,Florida,2019,95.1,4.8,0.1
FL,Florida,2020,94.94,4.94,0.12
FL,Florida,2021,95.13,4.78,0.09
FL,Florida,2022,95.0,4.91,0.09
FL,Florida,2023,95.0,4.91,0.08
FL,Florida,2024,95.01,4.9,0.1
FL,Florida,2025,95.07,4.84,0.09
GA,Georgia,1963,73.76,25.59,0.64
GA,Georgia,1964,73.43,25.9,0.68
GA,Georgia,1965,72.87,26.53,0.6
GA,Georgia,1966,72.45,26.95,0.6
GA,Georgia,1967,73.71,25.71,0.58
GA,Georgia,1968,73.3,26.15,0.55
GA,Georgia,1969,74.08,25.36,0.56
GA,Georgia,1970,75.58,23.88,0.55
GA,Georgia,1971,76.26,23.19,0.56
GA,Georgia,1972,75.79,23.68,0.53
GA,Georgia,1973,76.63,22.77,0.6
GA,Georgia,1974,77.8,21.56,0.63
GA,Georgia,1975,78.66,20.81,0.53
GA,Georgia,1976,77.0,22.47,0.53
GA,Georgia,1977,75.93,23.56,0.51
GA,Georgia,1978,76.8,22.65,0.56
GA,Georgia,1979,76.87,22.57,0.56
GA,Georgia,1980,77.53,21.85,0.61
GA,Georgia,1981,77.75,21.72,0.53
GA,Georgia,1982,78.38,21.17,0.45
GA,Georgia,1983,77.64,21.88,0.48
GA,Georgia,1984,78.23,21.23,0.54
GA,Georgia,1985,78.65,20.88,0.47
GA,Georgia,1986,78.78,20.67,0.54
GA,Georgia,1987,78.75,20.65,0.6
GA,Georgia,1988,79.63,19.8,0.57
GA,Georgia,1989,80.44,19.05,0.52
GA,Georgia,1990,81.21,18.27,0.52
GA,Georgia,1991,81.52,18.03,0.45
GA,Georgia,1992,81.14,18.45,0.41
GA,Georgia,1993,81.72,17.85,0.43
GA,Georgia,1994,81.93,17.59,0.48
GA,Georgia,1995,81.54,17.98,0.48
GA,Georgia,1996,82.11,17.38,0.52
GA,Georgia,1997,83.77,15.83,0.4
GA,Georgia,1998,83.81,15.77,0.42
GA,Georgia,1999,83.73,15.87,0.4
GA,Georgia,2000,84.7,14.93,0.37
GA,Georgia,2001,85.41,14.25,0.34
GA,Georgia,2002,85.96,13.69,0.36
GA,Georgia,2003,86.96,12.69,0.36
GA,Georgia,2004,87.05,12.57,0.38
GA,Georgia,2005,87.76,11.9,0.34
GA,Georgia,2006,88.31,11.33,0.36
GA,Georgia,2007,88.43,11.21,0.36
GA,Georgia,2008,88.94,10.74,0.32
GA,Georgia,2009,88.71,10.98,0.3
GA,Georgia,2010,88.87,10.81,0.31
GA,Georgia,2011,88.82,10.91,0.28
GA,Georgia,2012,89.0,10.77,0.23
GA,Georgia,2013,89.1,10.67,0.23
GA,Georgia,2014,89.21,10.57,0.21
GA,Georgia,2015,89.37,10.46,0.18
GA,Georgia,2016,89.39,10.43,0.18
GA,Georgia,2017,89.62,10.16,0.21
GA,Georgia,2018,90.12,9.68,0.2
GA,Georgia,2019,90.29,9.51,0.21
GA,Georgia,2020,89.98,9.79,0.24
GA,Georgia,2021,89.76,9.96,0.27
GA,Georgia,2022,90.06,9.65,0.29
GA,Georgia,2023,89.8,9.99,0.21
GA,Georgia,2024,89.99,9.8,0.21
GA,Georgia,2025,90.42,9.39,0.2
HI,Hawaii,1963,91.29,8.53,0.18
HI,Hawaii,1964,92.07,7.75,0.18
HI,Hawaii,1965,92.34,7.51,0.15
HI,Hawaii,1966,92.53,7.33,0.14
HI,Hawaii,1967,92.97,6.91,0.12
HI,Hawaii,1968,92.97,6.89,0.15
HI,Hawaii,1969,93.52,6.31,0.17
HI,Hawaii,1970,93.36,6.49,0.15
HI,Hawaii,1971,93.52,6.33,0.14
HI,Hawaii,1972,94.31,5.56,0.13
HI,Hawaii,1973,94.55,5.36,0.1
HI,Hawaii,1974,94.79,5.16,0.05
HI,Hawaii,1975,93.82,6.18,0.0
HI,Hawaii,1976,94.6,5.4,0.0
HI,Hawaii,1977,94.59,5.41,0.0
HI,Hawaii,1978,94.79,5.21,0.0
HI,Hawaii,1979,94.42,5.56,0.01
HI,Hawaii,1980,94.89,5.09,0.02
HI,Hawaii,1981,95.28,4.7,0.02
HI,Hawaii,1982,95.64,4.34,0.02
HI,Hawaii,1983,95.52,4.45,0.02
HI,Hawaii,1984,95.75,4.22,0.03
HI,Hawaii,1985,95.72,4.24,0.03
HI,Hawaii,1986,95.89,4.06,0.05
HI,Hawaii,1987,95.86,4.08,0.05
HI,Hawaii,1988,95.95,4.0,0.05
HI,Hawaii,1989,95.72,4.22,0.06
HI,Hawaii,1990,96.31,3.62,0.07
HI,Hawaii,1991,96.38,3.52,0.1
HI,Hawaii,1992,96.53,3.36,0.11
HI,Hawaii,1993,97.02,2.87,0.11
HI,Hawaii,1994,96.99,2.9,0.11
HI,Hawaii,1995,97.13,2.76,0.11
HI,Hawaii,1996,97.08,2.79,0.13
HI,Hawaii,1997,97.89,2.01,0.09
HI,Hawaii,1998,97.98,1.93,0.09
HI,Hawaii,1999,97.84,2.06,0.1
HI,Hawaii,2000,97.89,2.01,0.1
HI,Hawaii,2001,97.73,2.18,0.09
HI,Hawaii,2002,97.74,2.18,0.08
HI,Hawaii,2003,97.68,2.24,0.08
HI,Hawaii,2004,97.91,2.01,0.08
HI,Hawaii,2005,97.93,2.0,0.07
HI,Hawaii,2006,97.94,1.95,0.1
HI,Hawaii,2007,97.97,1.88,0.15
HI,Hawaii,2008,97.75,2.1,0.15
HI,Hawaii,2009,97.78,2.06,0.16
HI,Hawaii,2010,97.98,1.89,0.13
HI,Hawaii,2011,98.04,1.86,0.1
HI,Hawaii,2012,98.02,1.88,0.1
HI,Hawaii,2013,98.05,1.87,0.08
HI,Hawaii,2014,97.81,2.11,0.08
HI,Hawaii,2015,97.96,1.98,0.07
HI,Hawaii,2016,98.11,1.82,0.07
HI,Hawaii,2017,98.15,1.79,0.06
HI,Hawaii,2018,98.05,1.87,0.07
HI,Hawaii,2019,98.37,1.57,0.07
HI,Hawaii,2020,98.33,1.59,0.08
HI,Hawaii,2021,98.29,1.62,0.09
HI,Hawaii,2022,98.2,1.72,0.08
HI,Hawaii,2023,98.02,1.9,0.07
HI,Hawaii,2024,97.96,1.96,0.08
HI,Hawaii,2025,98.11,1.82,0.08
IA,Iowa,1963,77.35,22.28,0.37
IA,Iowa,1964,76.45,23.15,0.4
IA,Iowa,1965,77.17,22.47,0.35
IA,Iowa,1966,76.22,23.43,0.35
IA,Iowa,1967,76.14,23.51,0.34
IA,Iowa,1968,75.56,24.12,0.32
IA,Iowa,1969,76.94,22.76,0.3
IA,Iowa,1970,77.64,22.06,0.3
IA,Iowa,1971,77.98,21.7,0.32
IA,Iowa,1972,76.68,23.03,0.3
IA,Iowa,1973,77.48,22.21,0.31
IA,Iowa,1974,75.94,23.75,0.31
IA,Iowa,1975,75.72,23.99,0.29
IA,Iowa,1976,75.93,23.81,0.25
IA,Iowa,1977,75.32,24.46,0.21
IA,Iowa,1978,75.67,24.11,0.22
IA,Iowa,1979,75.18,24.59,0.23
IA,Iowa,1980,75.02,24.76,0.21
IA,Iowa,1981,75.21,24.62,0.17
IA,Iowa,1982,76.56,23.27,0.17
IA,Iowa,1983,76.0,23.81,0.19
IA,Iowa,1984,76.27,23.53,0.2
IA,Iowa,1985,76.4,23.42,0.17
IA,Iowa,1986,77.1,22.72,0.19
IA,Iowa,1987,75.82,23.95,0.23
IA,Iowa,1988,74.12,25.69,0.19
IA,Iowa,1989,74.79,25.04,0.17
IA,Iowa,1990,73.9,25.91,0.19
IA,Iowa,1991,74.84,24.96,0.21
IA,Iowa,1992,75.95,23.83,0.22
IA,Iowa,1993,74.69,25.09,0.22
IA,Iowa,1994,75.37,24.39,0.24
IA,Iowa,1995,75.53,24.24,0.23
IA,Iowa,1996,76.53,23.23,0.24
IA,Iowa,1997,77.21,22.6,0.19
IA,Iowa,1998,77.7,22.08,0.22
IA,Iowa,1999,77.11,22.67,0.22
IA,Iowa,2000,77.95,21.84,0.21
IA,Iowa,2001,78.37,21.45,0.18
IA,Iowa,2002,78.56,21.25,0.19
IA,Iowa,2003,79.08,20.73,0.18
IA,Iowa,2004,79.28,20.52,0.2
IA,Iowa,2005,80.02,19.76,0.22
IA,Iowa,2006,79.24,20.51,0.26
IA,Iowa,2007,80.69,19.08,0.24
IA,Iowa,2008,80.26,19.47,0.27
IA,Iowa,2009,81.19,18.6,0.22
IA,Iowa,2010,80.8,18.98,0.22
IA,Iowa,2011,82.07,17.72,0.21
IA,Iowa,2012,81.13,18.65,0.22
IA,Iowa,2013,81.72,18.09,0.19
IA,Iowa,2014,80.93,18.88,0.19
IA,Iowa,2015,81.22,18.61,0.17
IA,Iowa,2016,83.54,16.31,0.15
IA,Iowa,2017,82.71,17.09,0.2
IA,Iowa,2018,82.19,17.6,0.2
IA,Iowa,2019,82.66,17.1,0.24
IA,Iowa,2020,82.22,17.53,0.25
IA,Iowa,2021,82.95,16.79,0.27
IA,Iowa,2022,82.76,17.05,0.19
IA,Iowa,2023,82.6,17.21,0.19
IA,Iowa,2024,82.48,17.37,0.15
IA,Iowa,2025,83.05,16.79,0.16
ID,Idaho,1963,81.92,16.16,1.91
ID,Idaho,1964,81.63,16.58,1.79
ID,Idaho,1965,82.49,15.91,1.59
ID,Idaho,1966,81.57,16.63,1.8
ID,Idaho,1967,82.56,16.24,1.2
ID,Idaho,1968,81.19,17.29,1.52
ID,Idaho,1969,82.34,16.27,1.39
ID,Idaho,1970,81.83,16.75,1.42
ID,Idaho,1971,82.23,16.6,1.17
ID,Idaho,1972,82.23,16.86,0.91
ID,Idaho,1973,82.53,16.19,1.28
ID,Idaho,1974,83.08,15.47,1.46
ID,Idaho,1975,81.94,16.73,1.32
ID,Idaho,1976,81.75,17.14,1.11
ID,Idaho,1977,81.77,16.8,1.43
ID,Idaho,1978,79.86,18.25,1.9
ID,Idaho,1979,79.52,18.0,2.48
ID,Idaho,1980,80.78,16.21,3.01
ID,Idaho,1981,82.11,15.6,2.29
ID,Idaho,1982,83.21,15.04,1.74
ID,Idaho,1983,81.26,16.61,2.12
ID,Idaho,1984,81.58,16.32,2.09
ID,Idaho,1985,82.19,16.14,1.67
ID,Idaho,1986,82.77,16.01,1.22
ID,Idaho,1987,81.56,17.06,1.39
ID,Idaho,1988,80.63,18.1,1.27
ID,Idaho,1989,79.8,18.83,1.38
ID,Idaho,1990,82.06,16.48,1.46
ID,Idaho,1991,82.87,16.11,1.02
ID,Idaho,1992,83.01,16.14,0.86
ID,Idaho,1993,81.38,17.88,0.73
ID,Idaho,1994,80.29,18.84,0.87
ID,Idaho,1995,77.68,21.26,1.05
ID,Idaho,1996,79.69,19.43,0.88
ID,Idaho,1997,85.25,14.19,0.56
ID,Idaho,1998,86.18,13.22,0.6
ID,Idaho,1999,83.26,16.18,0.56
ID,Idaho,2000,79.64,19.89,0.47
ID,Idaho,2001,85.04,14.56,0.4
ID,Idaho,2002,86.11,13.5,0.39
ID,Idaho,2003,85.89,13.68,0.43
ID,Idaho,2004,85.48,14.06,0.46
ID,Idaho,2005,84.23,14.61,1.16
ID,Idaho,2006,87.42,11.52,1.06
ID,Idaho,2007,88.56,10.37,1.06
ID,Idaho,2008,86.38,12.0,1.62
ID,Idaho,2009,85.42,13.01,1.57
ID,Idaho,2010,84.67,13.15,2.17
ID,Idaho,2011,84.86,12.83,2.31
ID,Idaho,2012,86.92,11.83,1.26
ID,Idaho,2013,87.18,11.09,1.74
ID,Idaho,2014,86.87,10.95,2.18
ID,Idaho,2015,88.24,10.49,1.27
ID,Idaho,2016,88.32,10.29,1.39
ID,Idaho,2017,88.43,10.88,0.69
ID,Idaho,2018,88.19,11.18,0.63
ID,Idaho,2019,88.83,10.68,0.5
ID,Idaho,2020,89.09,10.16,0.75
ID,Idaho,2021,89.61,9.42,0.97
ID,Idaho,2022,89.97,9.29,0.73
ID,Idaho,2023,89.27,9.73,1.0
ID,Idaho,2024,88.94,9.86,1.2
ID,Idaho,2025,88.89,9.69,1.42
IL,Illinois,1963,68.36,30.66,0.99
IL,Illinois,1964,67.48,31.58,0.94
IL,Illinois,1965,66.83,32.32,0.85
IL,Illinois,1966,66.22,32.99,0.79
IL,Illinois,1967,68.07,31.17,0.76
IL,Illinois,1968,68.16,31.13,0.71
IL,Illinois,1969,68.88,30.47,0.65
IL,Illinois,1970,70.43,28.88,0.68
IL,Illinois,1971,71.66,27.71,0.63
IL,Illinois,1972,71.18,28.2,0.62
IL,Illinois,1973,71.24,28.13,0.63
IL,Illinois,1974,71.86,27.31,0.83
IL,Illinois,1975,72.85,26.21,0.94
IL,Illinois,1976,72.58,26.55,0.87
IL,Illinois,1977,72.47,26.51,1.02
IL,Illinois,1978,72.33,26.74,0.94
IL,Illinois,1979,72.79,26.2,1.01
IL,Illinois,1980,73.96,24.89,1.15
IL,Illinois,1981,74.72,24.11,1.17
IL,Illinois,1982,76.74,22.07,1.18
IL,Illinois,1983,77.71,21.25,1.04
IL,Illinois,1984,78.17,20.83,1.0
IL,Illinois,1985,79.01,20.07,0.91
IL,Illinois,1986,79.58,19.74,0.68
IL,Illinois,1987,79.48,19.92,0.6
IL,Illinois,1988,79.36,20.0,0.64
IL,Illinois,1989,80.02,19.41,0.56
IL,Illinois,1990,80.58,18.89,0.53
IL,Illinois,1991,81.27,18.2,0.54
IL,Illinois,1992,81.62,17.9,0.48
IL,Illinois,1993,81.66,18.0,0.34
IL,Illinois,1994,80.63,19.01,0.37
IL,Illinois,1995,81.3,18.36,0.34
IL,Illinois,1996,82.26,17.41,0.33
IL,Illinois,1997,82.74,17.01,0.25
IL,Illinois,1998,83.07,16.66,0.28
IL,Illinois,1999,83.75,15.95,0.3
IL,Illinois,2000,83.99,15.77,0.24
IL,Illinois,2001,84.89,14.86,0.25
IL,Illinois,2002,85.95,13.81,0.24
IL,Illinois,2003,85.84,13.92,0.24
IL,Illinois,2004,85.85,13.91,0.25
IL,Illinois,2005,86.12,13.6,0.28
IL,Illinois,2006,86.46,13.24,0.3
IL,Illinois,2007,86.57,13.12,0.31
IL,Illinois,2008,87.29,12.39,0.31
IL,Illinois,2009,86.88,12.8,0.32
IL,Illinois,2010,86.78,12.91,0.31
IL,Illinois,2011,86.09,13.61,0.3
IL,Illinois,2012,85.42,14.26,0.32
IL,Illinois,2013,86.7,12.99,0.31
IL,Illinois,2014,86.86,12.85,0.29
IL,Illinois,2015,87.41,12.32,0.27
IL,Illinois,2016,87.98,11.81,0.21
IL,Illinois,2017,87.93,11.84,0.22
IL,Illinois,2018,87.32,12.46,0.23
IL,Illinois,2019,87.87,11.93,0.2
IL,Illinois,2020,88.29,11.55,0.16
IL,Illinois,2021,87.84,12.01,0.16
IL,Illinois,2022,87.63,12.19,0.18
IL,Illinois,2023,87.69,12.12,0.19
IL,Illinois,2024,87.99,11.86,0.16
IL,Illinois,2025,88.56,11.3,0.14
IN,Indiana,1963,57.54,41.84,0.61
IN,Indiana,1964,57.66,41.71,0.63
IN,Indiana,1965,57.4,42.04,0.56
IN,Indiana,1966,57.64,41.81,0.55
IN,Indiana,1967,58.89,40.56,0.55
IN,Indiana,1968,59.13,40.38,0.48
IN,Indiana,1969,60.79,38.72,0.48
IN,Indiana,1970,62.25,37.18,0.57
IN,Indiana,1971,62.48,36.96,0.56
IN,Indiana,1972,61.21,38.2,0.6
IN,Indiana,1973,62.37,37.07,0.56
IN,Indiana,1974,62.29,37.03,0.68
IN,Indiana,1975,65.12,34.15,0.73
IN,Indiana,1976,64.57,34.82,0.61
IN,Indiana,1977,63.37,36.0,0.63
IN,Indiana,1978,63.22,36.13,0.66
IN,Indiana,1979,63.97,35.3,0.74
IN,Indiana,1980,66.68,32.52,0.8
IN,Indiana,1981,66.42,32.79,0.79
IN,Indiana,1982,69.02,30.09,0.89
IN,Indiana,1983,67.93,31.24,0.83
IN,Indiana,1984,66.85,32.28,0.87
IN,Indiana,1985,68.16,31.04,0.8
IN,Indiana,1986,68.78,30.58,0.63
IN,Indiana,1987,68.52,30.88,0.6
IN,Indiana,1988,68.13,31.21,0.66
IN,Indiana,1989,67.93,31.47,0.6
IN,Indiana,1990,69.67,29.73,0.6
IN,Indiana,1991,70.76,28.67,0.57
IN,Indiana,1992,69.31,30.17,0.52
IN,Indiana,1993,69.2,30.33,0.47
IN,Indiana,1994,68.66,30.85,0.49
IN,Indiana,1995,68.77,30.81,0.42
IN,Indiana,1996,69.5,30.07,0.43
IN,Indiana,1997,70.06,29.55,0.39
IN,Indiana,1998,68.83,30.76,0.41
IN,Indiana,1999,69.19,30.41,0.4
IN,Indiana,2000,69.65,30.02,0.33
IN,Indiana,2001,71.47,28.13,0.4
IN,Indiana,2002,70.56,29.06,0.38
IN,Indiana,2003,70.48,29.14,0.38
IN,Indiana,2004,70.37,29.28,0.35
IN,Indiana,2005,71.74,27.89,0.37
IN,Indiana,2006,72.93,26.67,0.41
IN,Indiana,2007,70.41,29.16,0.43
IN,Indiana,2008,70.99,28.57,0.44
IN,Indiana,2009,73.46,26.03,0.52
IN,Indiana,2010,70.84,28.62,0.54
IN,Indiana,2011,71.04,28.38,0.58
IN,Indiana,2012,72.02,27.42,0.56
IN,Indiana,2013,71.55,27.9,0.55
IN,Indiana,2014,71.66,27.87,0.47
IN,Indiana,2015,73.23,26.38,0.39
IN,Indiana,2016,73.74,25.9,0.36
IN,Indiana,2017,73.64,25.97,0.39
IN,Indiana,2018,73.42,26.24,0.35
IN,Indiana,2019,74.44,25.27,0.29
IN,Indiana,2020,75.76,23.93,0.3
IN,Indiana,2021,74.33,25.35,0.32
IN,Indiana,2022,74.53,25.09,0.38
IN,Indiana,2023,75.28,24.34,0.38
IN,Indiana,2024,75.4,24.24,0.36
IN,Indiana,2025,75.82,23.85,0.34
KS,Kansas,1963,76.24,17.81,5.95
KS,Kansas,1964,75.59,18.89,5.52
KS,Kansas,1965,76.18,18.8,5.03
KS,Kansas,1966,75.63,19.87,4.5
KS,Kansas,1967,75.59,19.97,4.44
KS,Kansas,1968,75.27,20.07,4.65
KS,Kansas,1969,77.43,18.63,3.94
KS,Kansas,1970,78.92,17.4,3.68
KS,Kansas,1971,78.67,17.88,3.44
KS,Kansas,1972,78.98,17.93,3.1
KS,Kansas,1973,79.79,17.14,3.07
KS,Kansas,1974,78.85,17.02,4.13
KS,Kansas,1975,77.66,18.23,4.12
KS,Kansas,1976,77.75,17.59,4.66
KS,Kansas,1977,77.28,18.78,3.94
KS,Kansas,1978,77.49,18.71,3.81
KS,Kansas,1979,77.14,19.38,3.48
KS,Kansas,1980,75.99,18.5,5.5
KS,Kansas,1981,75.83,17.67,6.5
KS,Kansas,1982,76.76,17.78,5.46
KS,Kansas,1983,76.75,18.7,4.55
KS,Kansas,1984,78.03,17.63,4.34
KS,Kansas,1985,77.55,18.39,4.06
KS,Kansas,1986,79.61,17.9,2.49
KS,Kansas,1987,78.8,18.61,2.59
KS,Kansas,1988,79.48,18.37,2.15
KS,Kansas,1989,80.11,17.6,2.3
KS,Kansas,1990,79.88,17.77,2.35
KS,Kansas,1991,80.13,18.04,1.83
KS,Kansas,1992,81.23,17.27,1.49
KS,Kansas,1993,81.21,17.21,1.58
KS,Kansas,1994,81.77,16.77,1.46
KS,Kansas,1995,81.72,16.76,1.52
KS,Kansas,1996,81.67,16.43,1.9
KS,Kansas,1997,82.08,16.77,1.16
KS,Kansas,1998,82.03,17.21,0.76
KS,Kansas,1999,82.23,17.06,0.7
KS,Kansas,2000,81.72,17.34,0.93
KS,Kansas,2001,81.87,17.12,1.01
KS,Kansas,2002,82.7,16.4,0.9
KS,Kansas,2003,83.32,15.62,1.06
KS,Kansas,2004,83.98,14.78,1.24
KS,Kansas,2005,83.38,15.14,1.48
KS,Kansas,2006,81.72,16.59,1.68
KS,Kansas,2007,81.12,17.2,1.68
KS,Kansas,2008,82.72,15.27,2.01
KS,Kansas,2009,84.62,13.99,1.39
KS,Kansas,2010,83.12,15.36,1.52
KS,Kansas,2011,82.04,16.35,1.61
KS,Kansas,2012,82.13,16.25,1.63
KS,Kansas,2013,84.97,13.33,1.71
KS,Kansas,2014,83.98,14.33,1.69
KS,Kansas,2015,84.25,14.88,0.87
KS,Kansas,2016,84.79,14.61,0.6
KS,Kansas,2017,84.69,14.61,0.71
KS,Kansas,2018,83.79,15.5,0.71
KS,Kansas,2019,84.78,14.58,0.64
KS,Kansas,2020,86.05,13.41,0.54
KS,Kansas,2021,85.2,14.09,0.71
KS,Kansas,2022,83.52,15.73,0.76
KS,Kansas,2023,83.47,15.92,0.62
KS,Kansas,2024,84.06,15.39,0.55
KS,Kansas,2025,84.37,15.14,0.49
KY,Kentucky,1963,60.82,35.62,3.56
KY,Kentucky,1964,60.5,35.82,3.68
KY,Kentucky,1965,60.37,36.21,3.42
KY,Kentucky,1966,60.62,36.07,3.31
KY,Kentucky,1967,61.58,35.24,3.18
KY,Kentucky,1968,61.16,35.95,2.89
KY,Kentucky,1969,62.16,34.92,2.92
KY,Kentucky,1970,62.72,32.92,4.36
KY,Kentucky,1971,61.94,33.93,4.13
KY,Kentucky,1972,63.23,32.81,3.96
KY,Kentucky,1973,64.1,31.49,4.41
KY,Kentucky,1974,61.69,29.34,8.97
KY,Kentucky,1975,62.53,29.25,8.21
KY,Kentucky,1976,64.01,28.43,7.56
KY,Kentucky,1977,62.99,29.04,7.98
KY,Kentucky,1978,63.67,28.66,7.67
KY,Kentucky,1979,64.72,27.7,7.58
KY,Kentucky,1980,66.42,26.01,7.58
KY,Kentucky,1981,66.1,26.11,7.78
KY,Kentucky,1982,67.94,24.15,7.92
KY,Kentucky,1983,68.18,25.62,6.2
KY,Kentucky,1984,67.31,26.53,6.16
KY,Kentucky,1985,67.6,26.91,5.49
KY,Kentucky,1986,69.09,26.75,4.17
KY,Kentucky,1987,69.8,26.56,3.64
KY,Kentucky,1988,68.37,26.98,4.65
KY,Kentucky,1989,68.41,27.47,4.12
KY,Kentucky,1990,69.08,26.89,4.03
KY,Kentucky,1991,70.35,25.63,4.02
KY,Kentucky,1992,70.51,25.9,3.59
KY,Kentucky,1993,70.27,26.35,3.38
KY,Kentucky,1994,69.88,26.78,3.34
KY,Kentucky,1995,69.83,27.23,2.94
KY,Kentucky,1996,70.65,26.63,2.72
KY,Kentucky,1997,71.13,26.6,2.27
KY,Kentucky,1998,71.52,26.1,2.38
KY,Kentucky,1999,71.88,26.01,2.11
KY,Kentucky,2000,76.54,21.4,2.06
KY,Kentucky,2001,77.21,20.44,2.34
KY,Kentucky,2002,77.58,20.38,2.05
KY,Kentucky,2003,77.94,20.05,2.01
KY,Kentucky,2004,78.42,19.55,2.03
KY,Kentucky,2005,78.47,18.94,2.59
KY,Kentucky,2006,77.38,19.74,2.88
KY,Kentucky,2007,78.66,18.3,3.04
KY,Kentucky,2008,79.57,17.16,3.27
KY,Kentucky,2009,81.1,15.5,3.4
KY,Kentucky,2010,79.76,16.93,3.32
KY,Kentucky,2011,79.69,16.77,3.54
KY,Kentucky,2012,79.03,18.38,2.6
KY,Kentucky,2013,79.13,18.64,2.23
KY,Kentucky,2014,79.86,18.28,1.86
KY,Kentucky,2015,80.7,17.9,1.4
KY,Kentucky,2016,81.65,17.35,0.99
KY,Kentucky,2017,81.4,17.63,0.98
KY,Kentucky,2018,81.65,17.41,0.93
KY,Kentucky,2019,81.42,17.74,0.83
KY,Kentucky,2020,82.63,16.62,0.75
KY,Kentucky,2021,83.08,16.13,0.79
KY,Kentucky,2022,82.58,16.43,1.0
KY,Kentucky,2023,82.28,16.79,0.94
KY,Kentucky,2024,82.38,16.78,0.84
KY,Kentucky,2025,83.49,15.72,0.78
LA,Louisiana,1963,62.81,14.19,23.0
LA,Louisiana,1964,62.99,14.18,22.83
LA,Louisiana,1965,63.33,14.16,22.51
LA,Louisiana,1966,63.55,14.69,21.76
LA,Louisiana,1967,62.94,14.2,22.85
LA,Louisiana,1968,64.52,14.71,20.77
LA,Louisiana,1969,62.99,13.99,23.02
LA,Louisiana,1970,63.65,13.69,22.66
LA,Louisiana,1971,64.45,13.22,22.33
LA,Louisiana,1972,65.44,14.33,20.23
LA,Louisiana,1973,65.31,14.27,20.42
LA,Louisiana,1974,61.95,13.46,24.59
LA,Louisiana,1975,60.83,15.48,23.69
LA,Louisiana,1976,61.58,16.15,22.26
LA,Louisiana,1977,59.95,16.02,24.04
LA,Louisiana,1978,61.02,15.39,23.59
LA,Louisiana,1979,60.54,16.48,22.98
LA,Louisiana,1980,54.8,13.44,31.76
LA,Louisiana,1981,52.04,12.22,35.74
LA,Louisiana,1982,54.65,11.0,34.36
LA,Louisiana,1983,58.58,11.37,30.05
LA,Louisiana,1984,58.89,10.72,30.39
LA,Louisiana,1985,59.6,10.78,29.62
LA,Louisiana,1986,64.8,12.5,22.69
LA,Louisiana,1987,64.4,14.9,20.7
LA,Louisiana,1988,64.14,17.28,18.58
LA,Louisiana,1989,63.0,17.87,19.13
LA,Louisiana,1990,62.23,17.94,19.83
LA,Louisiana,1991,65.97,17.43,16.61
LA,Louisiana,1992,72.63,16.31,11.06
LA,Louisiana,1993,72.19,15.58,12.23
LA,Louisiana,1994,70.18,15.91,13.91
LA,Louisiana,1995,69.1,18.3,12.59
LA,Louisiana,1996,68.93,15.21,15.86
LA,Louisiana,1997,74.53,16.76,8.72
LA,Louisiana,1998,75.05,16.4,8.55
LA,Louisiana,1999,74.66,17.25,8.1
LA,Louisiana,2000,74.15,14.7,11.15
LA,Louisiana,2001,74.27,13.22,12.51
LA,Louisiana,2002,76.63,15.07,8.3
LA,Louisiana,2003,72.29,19.29,8.42
LA,Louisiana,2004,69.55,22.03,8.42
LA,Louisiana,2005,62.83,28.81,8.36
LA,Louisiana,2006,64.55,25.6,9.85
LA,Louisiana,2007,66.87,22.77,10.37
LA,Louisiana,2008,68.6,20.11,11.29
LA,Louisiana,2009,73.1,18.19,8.71
LA,Louisiana,2010,69.75,21.78,8.47
LA,Louisiana,2011,69.55,21.72,8.73
LA,Louisiana,2012,70.01,22.16,7.83
LA,Louisiana,2013,73.72,18.83,7.45
LA,Louisiana,2014,73.39,19.65,6.95
LA,Louisiana,2015,77.23,18.25,4.52
LA,Louisiana,2016,80.71,15.84,3.45
LA,Louisiana,2017,78.79,17.31,3.9
LA,Louisiana,2018,76.19,19.47,4.34
LA,Louisiana,2019,77.72,18.32,3.95
LA,Louisiana,2020,83.35,13.96,2.69
LA,Louisiana,2021,77.69,18.62,3.69
LA,Louisiana,2022,74.72,20.62,4.66
LA,Louisiana,2023,76.54,19.25,4.21
LA,Louisiana,2024,77.65,18.72,3.63
LA,Louisiana,2025,78.44,18.21,3.35
MA,Massachusetts,1963,70.82,29.1,0.09
MA,Massachusetts,1964,70.95,28.95,0.09
MA,Massachusetts,1965,70.5,29.42,0.08
MA,Massachusetts,1966,69.59,30.34,0.08
MA,Massachusetts,1967,70.83,29.1,0.07
MA,Massachusetts,1968,71.82,28.12,0.07
MA,Massachusetts,1969,72.79,27.14,0.07
MA,Massachusetts,1970,74.56,25.38,0.06
MA,Massachusetts,1971,76.33,23.61,0.06
MA,Massachusetts,1972,76.21,23.73,0.06
MA,Massachusetts,1973,76.48,23.45,0.06
MA,Massachusetts,1974,76.77,23.17,0.06
MA,Massachusetts,1975,77.02,22.93,0.05
MA,Massachusetts,1976,75.93,24.02,0.05
MA,Massachusetts,1977,75.36,24.6,0.04
MA,Massachusetts,1978,75.07,24.88,0.05
MA,Massachusetts,1979,75.07,24.89,0.05
MA,Massachusetts,1980,75.21,24.74,0.05
MA,Massachusetts,1981,75.27,24.69,0.05
MA,Massachusetts,1982,75.7,24.25,0.04
MA,Massachusetts,1983,76.29,23.67,0.04
MA,Massachusetts,1984,76.19,23.76,0.05
MA,Massachusetts,1985,77.09,22.87,0.05
MA,Massachusetts,1986,78.63,21.32,0.06
MA,Massachusetts,1987,79.07,20.85,0.08
MA,Massachusetts,1988,80.54,19.39,0.07
MA,Massachusetts,1989,80.74,19.21,0.05
MA,Massachusetts,1990,82.08,17.87,0.04
MA,Massachusetts,1991,82.47,17.49,0.05
MA,Massachusetts,1992,83.42,16.52,0.06
MA,Massachusetts,1993,83.93,16.02,0.06
MA,Massachusetts,1994,84.24,15.7,0.06
MA,Massachusetts,1995,84.74,15.2,0.05
MA,Massachusetts,1996,85.48,14.47,0.05
MA,Massachusetts,1997,84.94,15.02,0.04
MA,Massachusetts,1998,85.14,14.82,0.04
MA,Massachusetts,1999,85.92,14.03,0.05
MA,Massachusetts,2000,85.72,14.24,0.04
MA,Massachusetts,2001,87.44,12.51,0.05
MA,Massachusetts,2002,87.62,12.34,0.05
MA,Massachusetts,2003,86.98,12.97,0.04
MA,Massachusetts,2004,88.28,11.67,0.05
MA,Massachusetts,2005,88.69,11.27,0.04
MA,Massachusetts,2006,88.55,11.41,0.04
MA,Massachusetts,2007,88.06,11.88,0.07
MA,Massachusetts,2008,89.18,10.78,0.04
MA,Massachusetts,2009,89.57,10.39,0.04
MA,Massachusetts,2010,89.11,10.85,0.04
MA,Massachusetts,2011,89.46,10.5,0.04
MA,Massachusetts,2012,89.61,10.35,0.04
MA,Massachusetts,2013,89.95,10.01,0.04
MA,Massachusetts,2014,89.88,10.08,0.04
MA,Massachusetts,2015,90.02,9.94,0.04
MA,Massachusetts,2016,90.56,9.39,0.05
MA,Massachusetts,2017,91.18,8.78,0.04
MA,Massachusetts,2018,91.1,8.87,0.03
MA,Massachusetts,2019,91.56,8.4,0.04
MA,Massachusetts,2020,91.62,8.35,0.03
MA,Massachusetts,2021,91.7,8.28,0.02
MA,Massachusetts,2022,91.43,8.55,0.02
MA,Massachusetts,2023,91.51,8.46,0.03
MA,Massachusetts,2024,91.55,8.4,0.05
MA,Massachusetts,2025,91.59,8.36,0.05
MD,Maryland,1963,75.8,23.91,0.29
MD,Maryland,1964,76.84,22.88,0.28
MD,Maryland,1965,77.15,22.61,0.23
MD,Maryland,1966,78.05,21.74,0.21
MD,Maryland,1967,78.8,21.01,0.2
MD,Maryland,1968,78.98,20.85,0.17
MD,Maryland,1969,80.03,19.78,0.18
MD,Maryland,1970,81.9,17.92,0.18
MD,Maryland,1971,83.16,16.65,0.2
MD,Maryland,1972,83.12,16.71,0.17
MD,Maryland,1973,83.65,16.2,0.15
MD,Maryland,1974,83.98,15.81,0.21
MD,Maryland,1975,84.81,15.01,0.18
MD,Maryland,1976,84.24,15.61,0.15
MD,Maryland,1977,84.44,15.43,0.13
MD,Maryland,1978,84.91,14.96,0.14
MD,Maryland,1979,84.95,14.9,0.16
MD,Maryland,1980,85.75,14.08,0.17
MD,Maryland,1981,85.72,14.1,0.18
MD,Maryland,1982,86.83,13.0,0.17
MD,Maryland,1983,87.24,12.63,0.13
MD,Maryland,1984,87.77,12.08,0.15
MD,Maryland,1985,88.37,11.51,0.12
MD,Maryland,1986,89.09,10.77,0.13
MD,Maryland,1987,89.51,10.37,0.13
MD,Maryland,1988,89.4,10.48,0.12
MD,Maryland,1989,89.78,10.12,0.1
MD,Maryland,1990,90.09,9.82,0.1
MD,Maryland,1991,90.6,9.3,0.1
MD,Maryland,1992,91.25,8.66,0.08
MD,Maryland,1993,91.6,8.31,0.08
MD,Maryland,1994,91.62,8.29,0.09
MD,Maryland,1995,91.53,8.38,0.09
MD,Maryland,1996,91.48,8.43,0.1
MD,Maryland,1997,91.24,8.67,0.09
MD,Maryland,1998,91.68,8.23,0.09
MD,Maryland,1999,92.04,7.87,0.08
MD,Maryland,2000,92.74,7.18,0.09
MD,Maryland,2001,92.69,7.22,0.09
MD,Maryland,2002,92.81,7.1,0.09
MD,Maryland,2003,93.52,6.39,0.09
MD,Maryland,2004,93.62,6.28,0.1
MD,Maryland,2005,94.18,5.71,0.11
MD,Maryland,2006,94.05,5.82,0.13
MD,Maryland,2007,93.92,5.94,0.14
MD,Maryland,2008,93.95,5.93,0.12
MD,Maryland,2009,93.67,6.26,0.07
MD,Maryland,2010,93.79,6.08,0.12
MD,Maryland,2011,94.0,5.9,0.1
MD,Maryland,2012,94.51,5.4,0.09
MD,Maryland,2013,94.33,5.6,0.07
MD,Maryland,2014,94.55,5.39,0.07
MD,Maryland,2015,94.67,5.26,0.07
MD,Maryland,2016,94.62,5.32,0.06
MD,Maryland,2017,94.67,5.26,0.06
MD,Maryland,2018,94.67,5.28,0.06
MD,Maryland,2019,94.71,5.23,0.07
MD,Maryland,2020,94.26,5.67,0.07
MD,Maryland,2021,94.45,5.48,0.07
MD,Maryland,2022,94.57,5.37,0.06
MD,Maryland,2023,94.47,5.46,0.06
MD,Maryland,2024,94.63,5.3,0.07
MD,Maryland,2025,94.61,5.32,0.07
ME,Maine,1963,73.6,26.34,0.06
ME,Maine,1964,73.72,26.22,0.06
ME,Maine,1965,73.36,26.56,0.08
ME,Maine,1966,72.64,27.3,0.06
ME,Maine,1967,72.57,27.39,0.03
ME,Maine,1968,72.54,27.41,0.05
ME,Maine,1969,73.31,26.65,0.04
ME,Maine,1970,74.76,25.16,0.08
ME,Maine,1971,76.9,23.05,0.05
ME,Maine,1972,76.91,23.06,0.03
ME,Maine,1973,77.52,22.41,0.07
ME,Maine,1974,77.98,21.96,0.06
ME,Maine,1975,78.59,21.35,0.06
ME,Maine,1976,77.85,22.1,0.05
ME,Maine,1977,77.01,22.95,0.04
ME,Maine,1978,76.45,23.51,0.03
ME,Maine,1979,75.8,24.16,0.05
ME,Maine,1980,75.79,24.16,0.05
ME,Maine,1981,76.02,23.94,0.05
ME,Maine,1982,75.79,24.17,0.04
ME,Maine,1983,76.88,23.09,0.03
ME,Maine,1984,76.46,23.51,0.03
ME,Maine,1985,78.85,21.12,0.03
ME,Maine,1986,79.86,20.11,0.03
ME,Maine,1987,79.89,20.08,0.02
ME,Maine,1988,79.68,20.3,0.03
ME,Maine,1989,80.18,19.79,0.03
ME,Maine,1990,81.41,18.55,0.04
ME,Maine,1991,82.36,17.6,0.04
ME,Maine,1992,83.28,16.67,0.05
ME,Maine,1993,83.06,16.9,0.04
ME,Maine,1994,82.47,17.5,0.03
ME,Maine,1995,81.05,18.93,0.02
ME,Maine,1996,82.87,17.11,0.02
ME,Maine,1997,85.27,14.72,0.01
ME,Maine,1998,86.49,13.5,0.01
ME,Maine,1999,86.07,13.91,0.02
ME,Maine,2000,85.8,14.18,0.02
ME,Maine,2001,88.0,11.97,0.02
ME,Maine,2002,88.92,11.06,0.02
ME,Maine,2003,89.41,10.57,0.02
ME,Maine,2004,89.12,10.86,0.02
ME,Maine,2005,89.22,10.76,0.02
ME,Maine,2006,89.34,10.64,0.02
ME,Maine,2007,89.28,10.7,0.02
ME,Maine,2008,89.35,10.61,0.04
ME,Maine,2009,89.36,10.61,0.03
ME,Maine,2010,89.38,10.58,0.04
ME,Maine,2011,89.79,10.17,0.04
ME,Maine,2012,89.88,10.06,0.06
ME,Maine,2013,90.2,9.74,0.06
ME,Maine,2014,90.31,9.64,0.05
ME,Maine,2015,90.87,9.08,0.06
ME,Maine,2016,90.82,9.12,0.05
ME,Maine,2017,90.51,9.42,0.07
ME,Maine,2018,90.59,9.33,0.08
ME,Maine,2019,90.56,9.38,0.06
ME,Maine,2020,89.91,10.0,0.09
ME,Maine,2021,89.99,9.93,0.08
ME,Maine,2022,90.47,9.47,0.05
ME,Maine,2023,91.35,8.6,0.06
ME,Maine,2024,91.72,8.2,0.09
ME,Maine,2025,91.81,8.11,0.08
MI,Michigan,1963,51.2,48.17,0.63
MI,Michigan,1964,52.36,47.03,0.61
MI,Michigan,1965,50.93,48.53,0.54
MI,Michigan,1966,53.07,46.34,0.59
MI,Michigan,1967,55.63,43.92,0.45
MI,Michigan,1968,54.72,44.77,0.51
MI,Michigan,1969,56.71,42.9,0.4
MI,Michigan,1970,62.32,37.19,0.49
MI,Michigan,1971,60.59,39.03,0.38
MI,Michigan,1972,61.02,38.61,0.38
MI,Michigan,1973,60.38,39.17,0.45
MI,Michigan,1974,64.51,34.87,0.62
MI,Michigan,1975,65.62,33.66,0.72
MI,Michigan,1976,60.86,38.28,0.87
MI,Michigan,1977,61.05,38.18,0.77
MI,Michigan,1978,61.92,37.33,0.75
MI,Michigan,1979,64.32,34.87,0.82
MI,Michigan,1980,68.74,30.1,1.15
MI,Michigan,1981,66.46,32.12,1.42
MI,Michigan,1982,68.28,30.5,1.22
MI,Michigan,1983,66.25,32.75,1.01
MI,Michigan,1984,64.79,34.24,0.97
MI,Michigan,1985,65.87,33.26,0.87
MI,Michigan,1986,66.68,32.65,0.66
MI,Michigan,1987,68.6,30.66,0.74
MI,Michigan,1988,69.04,30.25,0.71
MI,Michigan,1989,70.2,29.12,0.68
MI,Michigan,1990,72.39,27.0,0.61
MI,Michigan,1991,73.53,25.88,0.58
MI,Michigan,1992,72.54,26.92,0.54
MI,Michigan,1993,71.77,27.79,0.44
MI,Michigan,1994,70.06,29.56,0.38
MI,Michigan,1995,71.83,27.8,0.37
MI,Michigan,1996,73.24,26.38,0.38
MI,Michigan,1997,74.88,24.89,0.22
MI,Michigan,1998,74.85,24.95,0.2
MI,Michigan,1999,73.59,26.24,0.17
MI,Michigan,2000,74.83,24.98,0.18
MI,Michigan,2001,76.85,22.97,0.19
MI,Michigan,2002,76.7,23.13,0.16
MI,Michigan,2003,77.13,22.71,0.16
MI,Michigan,2004,79.09,20.72,0.19
MI,Michigan,2005,79.8,19.98,0.22
MI,Michigan,2006,80.52,19.19,0.29
MI,Michigan,2007,80.16,19.56,0.28
MI,Michigan,2008,82.37,17.28,0.35
MI,Michigan,2009,85.01,14.65,0.34
MI,Michigan,2010,82.44,17.13,0.43
MI,Michigan,2011,81.63,17.83,0.54
MI,Michigan,2012,81.17,18.34,0.48
MI,Michigan,2013,80.52,19.05,0.43
MI,Michigan,2014,80.85,18.75,0.4
MI,Michigan,2015,80.83,18.87,0.3
MI,Michigan,2016,81.03,18.7,0.27
MI,Michigan,2017,81.14,18.59,0.28
MI,Michigan,2018,81.34,18.4,0.26
MI,Michigan,2019,82.17,17.58,0.26
MI,Michigan,2020,82.75,16.98,0.27
MI,Michigan,2021,83.44,16.26,0.3
MI,Michigan,2022,83.06,16.65,0.29
MI,Michigan,2023,82.82,16.88,0.3
MI,Michigan,2024,83.31,16.46,0.23
MI,Michigan,2025,84.37,15.43,0.2
MN,Minnesota,1963,75.1,21.93,2.97
MN,Minnesota,1964,74.43,22.94,2.63
MN,Minnesota,1965,74.48,23.16,2.36
MN,Minnesota,1966,73.57,23.95,2.48
MN,Minnesota,1967,74.38,24.29,1.33
MN,Minnesota,1968,73.75,24.45,1.8
MN,Minnesota,1969,74.48,23.75,1.77
MN,Minnesota,1970,76.45,21.74,1.8
MN,Minnesota,1971,77.73,20.86,1.41
MN,Minnesota,1972,76.96,21.64,1.41
MN,Minnesota,1973,76.46,21.67,1.87
MN,Minnesota,1974,76.3,21.87,1.83
MN,Minnesota,1975,77.55,20.8,1.65
MN,Minnesota,1976,76.62,21.55,1.83
MN,Minnesota,1977,77.35,21.28,1.38
MN,Minnesota,1978,76.89,21.2,1.92
MN,Minnesota,1979,76.16,21.44,2.4
MN,Minnesota,1980,77.05,21.03,1.92
MN,Minnesota,1981,76.91,21.04,2.05
MN,Minnesota,1982,77.68,21.19,1.13
MN,Minnesota,1983,76.94,21.84,1.23
MN,Minnesota,1984,76.59,22.21,1.2
MN,Minnesota,1985,76.81,22.29,0.9
MN,Minnesota,1986,77.32,22.06,0.62
MN,Minnesota,1987,76.71,22.74,0.55
MN,Minnesota,1988,76.33,23.11,0.57
MN,Minnesota,1989,77.7,21.71,0.58
MN,Minnesota,1990,78.64,20.74,0.62
MN,Minnesota,1991,79.86,19.56,0.58
MN,Minnesota,1992,79.73,19.67,0.6
MN,Minnesota,1993,80.51,18.98,0.5
MN,Minnesota,1994,80.57,18.91,0.52
MN,Minnesota,1995,80.77,18.68,0.55
MN,Minnesota,1996,81.33,18.16,0.51
MN,Minnesota,1997,82.96,16.64,0.39
MN,Minnesota,1998,83.52,16.05,0.43
MN,Minnesota,1999,83.8,15.82,0.38
MN,Minnesota,2000,83.47,16.17,0.36
MN,Minnesota,2001,85.13,14.61,0.26
MN,Minnesota,2002,85.19,14.5,0.32
MN,Minnesota,2003,84.69,15.03,0.28
MN,Minnesota,2004,84.75,14.91,0.34
MN,Minnesota,2005,84.66,14.94,0.4
MN,Minnesota,2006,84.8,14.71,0.49
MN,Minnesota,2007,85.82,13.76,0.42
MN,Minnesota,2008,85.54,13.91,0.55
MN,Minnesota,2009,85.76,13.84,0.4
MN,Minnesota,2010,85.44,13.62,0.95
MN,Minnesota,2011,84.7,14.06,1.24
MN,Minnesota,2012,84.94,14.09,0.97
MN,Minnesota,2013,85.26,13.93,0.82
MN,Minnesota,2014,85.11,14.19,0.71
MN,Minnesota,2015,86.0,13.84,0.16
MN,Minnesota,2016,86.32,13.3,0.39
MN,Minnesota,2017,86.65,12.97,0.39
MN,Minnesota,2018,86.51,13.08,0.41
MN,Minnesota,2019,86.98,12.52,0.5
MN,Minnesota,2020,87.48,12.04,0.49
MN,Minnesota,2021,87.86,11.68,0.46
MN,Minnesota,2022,87.63,11.91,0.46
MN,Minnesota,2023,87.61,11.79,0.6
MN,Minnesota,2024,87.9,11.62,0.48
MN,Minnesota,2025,88.42,11.26,0.32
MO,Missouri,1963,73.18,26.36,0.46
MO,Missouri,1964,72.78,26.75,0.47
MO,Missouri,1965,72.98,26.58,0.44
MO,Missouri,1966,72.36,27.17,0.47
MO,Missouri,1967,72.82,26.8,0.38
MO,Missouri,1968,72.33,27.26,0.41
MO,Missouri,1969,73.73,25.78,0.49
MO,Missouri,1970,74.45,25.06,0.49
MO,Missouri,1971,74.63,24.95,0.42
MO,Missouri,1972,74.65,24.94,0.41
MO,Missouri,1973,75.13,24.39,0.48
MO,Missouri,1974,75.98,23.42,0.6
MO,Missouri,1975,77.09,22.33,0.58
MO,Missouri,1976,76.39,23.02,0.59
MO,Missouri,1977,74.43,24.85,0.72
MO,Missouri,1978,74.38,24.95,0.68
MO,Missouri,1979,75.42,23.75,0.84
MO,Missouri,1980,76.68,22.57,0.75
MO,Missouri,1981,77.21,22.23,0.56
MO,Missouri,1982,76.97,22.49,0.54
MO,Missouri,1983,77.26,22.27,0.46
MO,Missouri,1984,75.47,24.07,0.46
MO,Missouri,1985,78.07,21.51,0.42
MO,Missouri,1986,77.78,21.83,0.39
MO,Missouri,1987,78.07,21.5,0.42
MO,Missouri,1988,77.33,22.24,0.43
MO,Missouri,1989,76.64,22.96,0.4
MO,Missouri,1990,78.18,21.43,0.39
MO,Missouri,1991,77.78,21.9,0.33
MO,Missouri,1992,78.19,21.47,0.34
MO,Missouri,1993,79.51,20.25,0.24
MO,Missouri,1994,78.59,21.11,0.29
MO,Missouri,1995,78.03,21.7,0.27
MO,Missouri,1996,79.17,20.51,0.32
MO,Missouri,1997,82.11,17.64,0.25
MO,Missouri,1998,82.58,17.14,0.28
MO,Missouri,1999,83.07,16.62,0.31
MO,Missouri,2000,83.43,16.28,0.3
MO,Missouri,2001,84.18,15.54,0.28
MO,Missouri,2002,84.65,15.07,0.27
MO,Missouri,2003,84.63,15.09,0.28
MO,Missouri,2004,85.02,14.66,0.32
MO,Missouri,2005,85.35,14.11,0.54
MO,Missouri,2006,86.08,13.52,0.4
MO,Missouri,2007,86.47,13.07,0.45
MO,Missouri,2008,87.15,12.43,0.42
MO,Missouri,2009,87.75,11.89,0.36
MO,Missouri,2010,87.38,12.24,0.38
MO,Missouri,2011,87.69,11.92,0.38
MO,Missouri,2012,86.84,12.8,0.36
MO,Missouri,2013,87.18,12.51,0.31
MO,Missouri,2014,87.24,12.47,0.28
MO,Missouri,2015,86.9,12.87,0.23
MO,Missouri,2016,87.86,11.91,0.23
MO,Missouri,2017,88.18,11.55,0.28
MO,Missouri,2018,88.5,11.21,0.29
MO,Missouri,2019,88.33,11.39,0.28
MO,Missouri,2020,88.15,11.53,0.32
MO,Missouri,2021,88.49,11.17,0.34
MO,Missouri,2022,88.67,11.05,0.28
MO,Missouri,2023,88.48,11.27,0.25
MO,Missouri,2024,88.77,11.0,0.24
MO,Missouri,2025,89.05,10.7,0.24
MS,Mississippi,1963,75.75,20.44,3.81
MS,Mississippi,1964,76.38,20.04,3.58
MS,Mississippi,1965,75.59,21.26,3.15
MS,Mississippi,1966,74.67,22.53,2.8
MS,Mississippi,1967,74.21,23.09,2.71
MS,Mississippi,1968,72.74,24.6,2.66
MS,Mississippi,1969,73.67,23.64,2.69
MS,Mississippi,1970,73.52,23.65,2.82
MS,Mississippi,1971,74.15,23.21,2.65
MS,Mississippi,1972,72.44,25.25,2.3
MS,Mississippi,1973,73.27,24.77,1.96
MS,Mississippi,1974,73.1,24.72,2.18
MS,Mississippi,1975,73.55,24.16,2.29
MS,Mississippi,1976,73.31,24.4,2.28
MS,Mississippi,1977,73.05,24.4,2.55
MS,Mississippi,1978,72.77,24.32,2.91
MS,Mississippi,1979,72.52,24.21,3.27
MS,Mississippi,1980,72.06,22.76,5.18
MS,Mississippi,1981,71.63,22.07,6.3
MS,Mississippi,1982,71.59,21.91,6.51
MS,Mississippi,1983,71.31,23.49,5.2
MS,Mississippi,1984,71.66,23.45,4.9
MS,Mississippi,1985,72.54,22.81,4.64
MS,Mississippi,1986,73.77,23.36,2.87
MS,Mississippi,1987,72.74,24.33,2.92
MS,Mississippi,1988,72.65,25.04,2.31
MS,Mississippi,1989,72.58,25.29,2.14
MS,Mississippi,1990,73.15,24.69,2.15
MS,Mississippi,1991,74.09,24.37,1.54
MS,Mississippi,1992,73.62,25.2,1.18
MS,Mississippi,1993,74.42,24.61,0.97
MS,Mississippi,1994,74.93,24.3,0.77
MS,Mississippi,1995,75.11,23.97,0.92
MS,Mississippi,1996,77.03,21.8,1.17
MS,Mississippi,1997,78.91,20.15,0.94
MS,Mississippi,1998,80.26,19.03,0.72
MS,Mississippi,1999,80.56,18.82,0.62
MS,Mississippi,2000,81.93,17.3,0.76
MS,Mississippi,2001,82.77,16.31,0.92
MS,Mississippi,2002,83.67,15.54,0.79
MS,Mississippi,2003,82.33,16.74,0.93
MS,Mississippi,2004,83.19,15.63,1.18
MS,Mississippi,2005,82.84,16.03,1.14
MS,Mississippi,2006,81.44,17.09,1.47
MS,Mississippi,2007,81.24,16.91,1.85
MS,Mississippi,2008,81.66,16.12,2.22
MS,Mississippi,2009,83.76,14.63,1.61
MS,Mississippi,2010,83.51,14.88,1.61
MS,Mississippi,2011,83.06,15.15,1.8
MS,Mississippi,2012,81.92,16.37,1.72
MS,Mississippi,2013,83.67,14.68,1.65
MS,Mississippi,2014,83.38,15.05,1.57
MS,Mississippi,2015,83.97,15.06,0.97
MS,Mississippi,2016,84.58,14.75,0.67
MS,Mississippi,2017,84.35,14.87,0.78
MS,Mississippi,2018,84.31,14.78,0.9
MS,Mississippi,2019,84.76,14.4,0.84
MS,Mississippi,2020,85.25,14.18,0.58
MS,Mississippi,2021,83.57,15.8,0.63
MS,Mississippi,2022,83.68,15.6,0.72
MS,Mississippi,2023,82.95,16.39,0.67
MS,Mississippi,2024,83.92,15.52,0.56
MS,Mississippi,2025,84.64,14.86,0.49
MT,Montana,1963,84.73,10.07,5.2
MT,Montana,1964,83.69,11.32,4.99
MT,Montana,1965,83.75,11.72,4.53
MT,Montana,1966,83.75,11.89,4.36
MT,Montana,1967,84.38,11.66,3.95
MT,Montana,1968,82.79,12.43,4.78
MT,Montana,1969,83.27,11.84,4.9
MT,Montana,1970,84.87,10.36,4.76
MT,Montana,1971,85.61,10.31,4.07
MT,Montana,1972,86.03,10.49,3.48
MT,Montana,1973,86.14,9.69,4.17
MT,Montana,1974,84.24,9.68,6.08
MT,Montana,1975,84.6,9.04,6.36
MT,Montana,1976,84.25,9.32,6.44
MT,Montana,1977,82.44,10.21,7.35
MT,Montana,1978,81.48,10.02,8.5
MT,Montana,1979,79.89,10.38,9.74
MT,Montana,1980,78.62,8.41,12.97
MT,Montana,1981,76.79,7.25,15.96
MT,Montana,1982,79.68,6.24,14.08
MT,Montana,1983,80.94,7.04,12.03
MT,Montana,1984,81.45,7.55,11.0
MT,Montana,1985,82.04,7.63,10.33
MT,Montana,1986,85.3,7.8,6.9
MT,Montana,1987,84.71,8.02,7.28
MT,Montana,1988,83.85,7.87,8.28
MT,Montana,1989,84.02,8.73,7.25
MT,Montana,1990,84.87,8.02,7.1
MT,Montana,1991,86.27,7.06,6.67
MT,Montana,1992,86.58,7.64,5.78
MT,Montana,1993,87.0,8.12,4.88
MT,Montana,1994,87.33,7.32,5.34
MT,Montana,1995,87.39,7.6,5.01
MT,Montana,1996,88.1,7.35,4.55
MT,Montana,1997,89.28,7.31,3.41
MT,Montana,1998,89.2,7.62,3.18
MT,Montana,1999,90.31,6.5,3.19
MT,Montana,2000,90.42,6.21,3.38
MT,Montana,2001,90.45,6.11,3.44
MT,Montana,2002,91.66,5.32,3.02
MT,Montana,2003,90.65,6.2,3.15
MT,Montana,2004,89.95,6.42,3.63
MT,Montana,2005,88.9,6.41,4.69
MT,Montana,2006,88.04,6.53,5.43
MT,Montana,2007,86.71,7.56,5.74
MT,Montana,2008,87.73,5.77,6.5
MT,Montana,2009,90.25,4.37,5.39
MT,Montana,2010,89.05,5.07,5.88
MT,Montana,2011,87.15,6.33,6.51
MT,Montana,2012,87.33,6.21,6.46
MT,Montana,2013,87.63,5.93,6.44
MT,Montana,2014,87.76,6.39,5.84
MT,Montana,2015,89.19,6.76,4.05
MT,Montana,2016,92.21,4.92,2.88
MT,Montana,2017,90.0,6.71,3.29
MT,Montana,2018,89.31,7.36,3.33
MT,Montana,2019,91.06,5.79,3.14
MT,Montana,2020,92.35,4.47,3.18
MT,Montana,2021,91.06,5.25,3.69
MT,Montana,2022,89.8,6.36,3.84
MT,Montana,2023,90.26,6.18,3.56
MT,Montana,2024,91.28,5.79,2.93
MT,Montana,2025,92.12,5.03,2.85
NC,North Carolina,1963,60.98,38.8,0.22
NC,North Carolina,1964,61.66,38.1,0.24
NC,North Carolina,1965,61.47,38.31,0.22
NC,North Carolina,1966,62.03,37.75,0.23
NC,North Carolina,1967,62.71,37.07,0.22
NC,North Carolina,1968,62.34,37.45,0.2
NC,North Carolina,1969,63.05,36.75,0.21
NC,North Carolina,1970,62.32,37.47,0.21
NC,North Carolina,1971,63.3,36.47,0.22
NC,North Carolina,1972,64.85,34.95,0.21
NC,North Carolina,1973,66.0,33.76,0.24
NC,North Carolina,1974,66.21,33.56,0.23
NC,North Carolina,1975,67.34,32.47,0.19
NC,North Carolina,1976,67.21,32.59,0.2
NC,North Carolina,1977,66.23,33.54,0.23
NC,North Carolina,1978,66.16,33.56,0.29
NC,North Carolina,1979,66.43,33.23,0.33
NC,North Carolina,1980,66.88,32.73,0.4
NC,North Carolina,1981,67.1,32.55,0.34
NC,North Carolina,1982,68.68,31.07,0.25
NC,North Carolina,1983,66.74,32.92,0.34
NC,North Carolina,1984,67.38,32.23,0.39
NC,North Carolina,1985,68.11,31.53,0.36
NC,North Carolina,1986,68.11,31.53,0.36
NC,North Carolina,1987,68.72,30.92,0.37
NC,North Carolina,1988,68.75,30.96,0.28
NC,North Carolina,1989,68.55,31.22,0.24
NC,North Carolina,1990,69.7,30.12,0.18
NC,North Carolina,1991,70.24,29.6,0.16
NC,North Carolina,1992,70.28,29.6,0.12
NC,North Carolina,1993,71.4,28.46,0.14
NC,North Carolina,1994,71.74,28.09,0.17
NC,North Carolina,1995,71.85,27.97,0.19
NC,North Carolina,1996,73.28,26.51,0.2
NC,North Carolina,1997,72.91,26.91,0.18
NC,North Carolina,1998,74.15,25.66,0.19
NC,North Carolina,1999,73.5,26.3,0.2
NC,North Carolina,2000,74.38,25.43,0.18
NC,North Carolina,2001,75.25,24.56,0.19
NC,North Carolina,2002,76.62,23.23,0.15
NC,North Carolina,2003,77.43,22.4,0.17
NC,North Carolina,2004,78.91,20.88,0.21
NC,North Carolina,2005,79.48,20.3,0.22
NC,North Carolina,2006,77.6,22.17,0.23
NC,North Carolina,2007,77.96,21.77,0.27
NC,North Carolina,2008,79.55,20.27,0.19
NC,North Carolina,2009,78.21,21.62,0.17
NC,North Carolina,2010,78.98,20.87,0.15
NC,North Carolina,2011,79.71,20.18,0.11
NC,North Carolina,2012,80.97,18.95,0.08
NC,North Carolina,2013,80.15,19.76,0.09
NC,North Carolina,2014,81.38,18.51,0.11
NC,North Carolina,2015,81.18,18.72,0.1
NC,North Carolina,2016,82.15,17.74,0.11
NC,North Carolina,2017,83.1,16.76,0.14
NC,North Carolina,2018,83.56,16.32,0.13
NC,North Carolina,2019,84.81,15.05,0.14
NC,North Carolina,2020,85.04,14.83,0.13
NC,North Carolina,2021,86.36,13.48,0.16
NC,North Carolina,2022,86.73,13.13,0.14
NC,North Carolina,2023,86.94,12.9,0.17
NC,North Carolina,2024,87.26,12.57,0.17
NC,North Carolina,2025,87.39,12.45,0.16
ND,North Dakota,1963,93.34,2.78,3.88
ND,North Dakota,1964,93.11,3.03,3.86
ND,North Dakota,1965,93.39,3.3,3.31
ND,North Dakota,1966,93.5,3.29,3.21
ND,North Dakota,1967,92.96,3.72,3.32
ND,North Dakota,1968,92.34,4.31,3.35
ND,North Dakota,1969,93.02,4.31,2.67
ND,North Dakota,1970,92.01,5.35,2.65
ND,North Dakota,1971,93.2,4.32,2.48
ND,North Dakota,1972,93.66,4.21,2.12
ND,North Dakota,1973,94.07,4.05,1.88
ND,North Dakota,1974,92.29,4.87,2.84
ND,North Dakota,1975,91.3,5.13,3.57
ND,North Dakota,1976,89.69,5.82,4.49
ND,North Dakota,1977,89.51,5.87,4.63
ND,North Dakota,1978,89.37,4.99,5.64
ND,North Dakota,1979,87.11,5.32,7.56
ND,North Dakota,1980,78.9,5.1,16.0
ND,North Dakota,1981,74.43,4.32,21.24
ND,North Dakota,1982,77.05,4.62,18.33
ND,North Dakota,1983,78.97,4.71,16.32
ND,North Dakota,1984,79.96,5.02,15.02
ND,North Dakota,1985,81.29,4.92,13.79
ND,North Dakota,1986,87.29,5.11,7.6
ND,North Dakota,1987,86.41,5.78,7.81
ND,North Dakota,1988,86.28,6.64,7.08
ND,North Dakota,1989,87.57,6.58,5.85
ND,North Dakota,1990,87.14,6.87,5.99
ND,North Dakota,1991,88.64,6.86,4.49
ND,North Dakota,1992,90.27,6.26,3.47
ND,North Dakota,1993,90.23,6.45,3.32
ND,North Dakota,1994,90.47,6.66,2.87
ND,North Dakota,1995,89.23,7.55,3.22
ND,North Dakota,1996,88.55,7.78,3.67
ND,North Dakota,1997,90.05,7.77,2.17
ND,North Dakota,1998,90.3,7.91,1.79
ND,North Dakota,1999,90.2,8.13,1.66
ND,North Dakota,2000,90.82,7.31,1.88
ND,North Dakota,2001,89.21,8.77,2.02
ND,North Dakota,2002,89.55,8.71,1.74
ND,North Dakota,2003,89.14,9.06,1.8
ND,North Dakota,2004,88.97,9.01,2.02
ND,North Dakota,2005,87.56,9.84,2.6
ND,North Dakota,2006,86.7,9.84,3.46
ND,North Dakota,2007,86.89,9.2,3.91
ND,North Dakota,2008,85.25,9.12,5.62
ND,North Dakota,2009,86.92,7.99,5.1
ND,North Dakota,2010,84.84,7.16,8.01
ND,North Dakota,2011,81.3,6.52,12.18
ND,North Dakota,2012,78.19,6.22,15.59
ND,North Dakota,2013,76.14,6.17,17.69
ND,North Dakota,2014,73.91,5.88,20.21
ND,North Dakota,2015,80.22,6.52,13.26
ND,North Dakota,2016,84.08,6.3,9.62
ND,North Dakota,2017,78.74,6.35,14.91
ND,North Dakota,2018,76.04,5.69,18.28
ND,North Dakota,2019,76.89,6.41,16.7
ND,North Dakota,2020,81.94,7.53,10.53
ND,North Dakota,2021,76.89,7.51,15.6
ND,North Dakota,2022,72.74,7.93,19.32
ND,North Dakota,2023,74.59,9.22,16.19
ND,North Dakota,2024,76.16,8.7,15.15
ND,North Dakota,2025,77.78,8.32,13.9
NE,Nebraska,1963,85.07,13.55,1.37
NE,Nebraska,1964,83.53,15.31,1.16
NE,Nebraska,1965,84.51,14.56,0.93
NE,Nebraska,1966,83.86,15.4,0.75
NE,Nebraska,1967,83.04,16.31,0.65
NE,Nebraska,1968,82.9,16.48,0.62
NE,Nebraska,1969,83.37,16.1,0.53
NE,Nebraska,1970,84.08,15.45,0.46
NE,Nebraska,1971,84.89,14.69,0.42
NE,Nebraska,1972,85.47,14.16,0.37
NE,Nebraska,1973,86.37,13.26,0.36
NE,Nebraska,1974,85.62,13.98,0.41
NE,Nebraska,1975,85.51,14.09,0.4
NE,Nebraska,1976,85.39,14.23,0.39
NE,Nebraska,1977,85.51,14.13,0.36
NE,Nebraska,1978,86.18,13.47,0.35
NE,Nebraska,1979,85.81,13.83,0.36
NE,Nebraska,1980,85.34,14.2,0.46
NE,Nebraska,1981,85.62,13.87,0.51
NE,Nebraska,1982,86.07,13.42,0.51
NE,Nebraska,1983,85.8,13.76,0.44
NE,Nebraska,1984,85.42,14.14,0.43
NE,Nebraska,1985,85.56,14.02,0.42
NE,Nebraska,1986,85.91,13.77,0.32
NE,Nebraska,1987,85.58,14.09,0.34
NE,Nebraska,1988,85.63,14.09,0.28
NE,Nebraska,1989,85.28,14.43,0.3
NE,Nebraska,1990,84.84,14.88,0.29
NE,Nebraska,1991,85.42,14.32,0.25
NE,Nebraska,1992,85.41,14.34,0.25
NE,Nebraska,1993,85.62,14.15,0.23
NE,Nebraska,1994,85.61,14.17,0.21
NE,Nebraska,1995,85.52,14.29,0.19
NE,Nebraska,1996,86.94,12.88,0.18
NE,Nebraska,1997,86.04,13.85,0.12
NE,Nebraska,1998,86.65,13.26,0.09
NE,Nebraska,1999,86.35,13.51,0.14
NE,Nebraska,2000,86.14,13.75,0.11
NE,Nebraska,2001,86.84,13.02,0.13
NE,Nebraska,2002,87.81,12.01,0.18
NE,Nebraska,2003,88.4,11.44,0.16
NE,Nebraska,2004,89.06,10.78,0.16
NE,Nebraska,2005,88.8,11.02,0.18
NE,Nebraska,2006,87.93,11.9,0.17
NE,Nebraska,2007,88.9,10.85,0.25
NE,Nebraska,2008,88.29,11.53,0.18
NE,Nebraska,2009,88.13,11.72,0.15
NE,Nebraska,2010,87.95,11.84,0.2
NE,Nebraska,2011,87.72,12.05,0.24
NE,Nebraska,2012,87.36,12.39,0.25
NE,Nebraska,2013,87.54,12.26,0.2
NE,Nebraska,2014,88.49,11.33,0.18
NE,Nebraska,2015,89.31,10.54,0.15
NE,Nebraska,2016,89.76,10.14,0.1
NE,Nebraska,2017,90.22,9.67,0.11
NE,Nebraska,2018,89.24,10.65,0.11
NE,Nebraska,2019,89.33,10.57,0.1
NE,Nebraska,2020,88.82,11.05,0.13
NE,Nebraska,2021,88.11,11.72,0.17
NE,Nebraska,2022,88.68,11.15,0.17
NE,Nebraska,2023,89.93,9.92,0.15
NE,Nebraska,2024,90.14,9.77,0.09
NE,Nebraska,2025,90.67,9.23,0.09
NH,New Hampshire,1963,68.17,31.71,0.12
NH,New Hampshire,1964,67.64,32.24,0.12
NH,New Hampshire,1965,67.02,32.87,0.12
NH,New Hampshire,1966,67.01,32.88,0.12
NH,New Hampshire,1967,67.43,32.46,0.11
NH,New Hampshire,1968,67.93,31.95,0.12
NH,New Hampshire,1969,70.28,29.61,0.11
NH,New Hampshire,1970,70.9,28.99,0.11
NH,New Hampshire,1971,72.37,27.49,0.14
NH,New Hampshire,1972,72.64,27.23,0.13
NH,New Hampshire,1973,72.85,26.99,0.16
NH,New Hampshire,1974,73.72,26.15,0.13
NH,New Hampshire,1975,74.02,25.84,0.14
NH,New Hampshire,1976,73.83,26.06,0.11
NH,New Hampshire,1977,71.97,27.88,0.15
NH,New Hampshire,1978,70.04,29.81,0.15
NH,New Hampshire,1979,69.57,30.29,0.14
NH,New Hampshire,1980,69.11,30.74,0.15
NH,New Hampshire,1981,69.61,30.28,0.11
NH,New Hampshire,1982,71.35,28.56,0.09
NH,New Hampshire,1983,73.66,26.26,0.07
NH,New Hampshire,1984,71.85,28.04,0.1
NH,New Hampshire,1985,73.21,26.66,0.13
NH,New Hampshire,1986,76.36,23.48,0.15
NH,New Hampshire,1987,76.73,23.06,0.22
NH,New Hampshire,1988,76.81,23.02,0.17
NH,New Hampshire,1989,76.88,23.03,0.1
NH,New Hampshire,1990,78.28,21.62,0.1
NH,New Hampshire,1991,78.46,21.46,0.08
NH,New Hampshire,1992,78.67,21.23,0.1
NH,New Hampshire,1993,80.59,19.32,0.08
NH,New Hampshire,1994,79.38,20.52,0.1
NH,New Hampshire,1995,76.71,23.19,0.09
NH,New Hampshire,1996,74.79,25.11,0.09
NH,New Hampshire,1997,77.51,22.46,0.03
NH,New Hampshire,1998,78.98,20.97,0.05
NH,New Hampshire,1999,82.8,17.14,0.06
NH,New Hampshire,2000,83.08,16.85,0.07
NH,New Hampshire,2001,86.09,13.84,0.07
NH,New Hampshire,2002,86.58,13.32,0.1
NH,New Hampshire,2003,86.52,13.39,0.1
NH,New Hampshire,2004,87.25,12.65,0.1
NH,New Hampshire,2005,88.49,11.4,0.11
NH,New Hampshire,2006,88.1,11.76,0.14
NH,New Hampshire,2007,88.2,11.62,0.17
NH,New Hampshire,2008,88.85,11.0,0.15
NH,New Hampshire,2009,89.26,10.63,0.11
NH,New Hampshire,2010,88.98,10.91,0.11
NH,New Hampshire,2011,88.75,11.17,0.08
NH,New Hampshire,2012,89.44,10.46,0.1
NH,New Hampshire,2013,88.92,11.0,0.08
NH,New Hampshire,2014,90.1,9.81,0.09
NH,New Hampshire,2015,89.35,10.57,0.08
NH,New Hampshire,2016,89.24,10.64,0.12
NH,New Hampshire,2017,89.81,10.09,0.11
NH,New Hampshire,2018,89.87,9.94,0.19
NH,New Hampshire,2019,89.79,10.04,0.17
NH,New Hampshire,2020,89.85,10.01,0.14
NH,New Hampshire,2021,90.47,9.41,0.12
NH,New Hampshire,2022,90.06,9.8,0.15
NH,New Hampshire,2023,89.96,9.83,0.22
NH,New Hampshire,2024,90.25,9.52,0.24
NH,New Hampshire,2025,90.41,9.39,0.2
NJ,New Jersey,1963,65.81,33.98,0.21
NJ,New Jersey,1964,66.68,33.12,0.2
NJ,New Jersey,1965,65.73,34.1,0.17
NJ,New Jersey,1966,65.5,34.34,0.16
NJ,New Jersey,1967,66.6,33.27,0.14
NJ,New Jersey,1968,66.84,33.03,0.13
NJ,New Jersey,1969,67.44,32.42,0.13
NJ,New Jersey,1970,69.62,30.24,0.14
NJ,New Jersey,1971,71.51,28.35,0.14
NJ,New Jersey,1972,70.84,29.02,0.14
NJ,New Jersey,1973,71.77,28.07,0.15
NJ,New Jersey,1974,72.79,27.05,0.17
NJ,New Jersey,1975,74.62,25.26,0.13
NJ,New Jersey,1976,74.0,25.89,0.11
NJ,New Jersey,1977,73.18,26.73,0.09
NJ,New Jersey,1978,74.06,25.84,0.1
NJ,New Jersey,1979,73.55,26.35,0.1
NJ,New Jersey,1980,74.43,25.48,0.09
NJ,New Jersey,1981,74.55,25.38,0.07
NJ,New Jersey,1982,76.94,22.99,0.07
NJ,New Jersey,1983,77.78,22.16,0.06
NJ,New Jersey,1984,78.37,21.57,0.06
NJ,New Jersey,1985,79.55,20.39,0.06
NJ,New Jersey,1986,80.74,19.2,0.06
NJ,New Jersey,1987,81.18,18.75,0.07
NJ,New Jersey,1988,81.46,18.47,0.06
NJ,New Jersey,1989,82.38,17.56,0.06
NJ,New Jersey,1990,83.24,16.71,0.05
NJ,New Jersey,1991,83.73,16.22,0.05
NJ,New Jersey,1992,84.35,15.6,0.06
NJ,New Jersey,1993,84.39,15.54,0.06
NJ,New Jersey,1994,85.13,14.79,0.08
NJ,New Jersey,1995,85.56,14.36,0.07
NJ,New Jersey,1996,85.94,13.99,0.07
NJ,New Jersey,1997,85.27,14.66,0.06
NJ,New Jersey,1998,86.05,13.87,0.07
NJ,New Jersey,1999,85.86,14.07,0.07
NJ,New Jersey,2000,86.1,13.83,0.07
NJ,New Jersey,2001,86.94,12.99,0.06
NJ,New Jersey,2002,88.26,11.69,0.06
NJ,New Jersey,2003,88.01,11.93,0.05
NJ,New Jersey,2004,88.92,11.01,0.06
NJ,New Jersey,2005,89.63,10.3,0.07
NJ,New Jersey,2006,89.46,10.47,0.07
NJ,New Jersey,2007,89.49,10.43,0.08
NJ,New Jersey,2008,89.07,10.88,0.05
NJ,New Jersey,2009,90.39,9.55,0.06
NJ,New Jersey,2010,90.37,9.58,0.05
NJ,New Jersey,2011,90.97,8.99,0.05
NJ,New Jersey,2012,91.55,8.4,0.05
NJ,New Jersey,2013,91.82,8.1,0.08
NJ,New Jersey,2014,91.63,8.32,0.05
NJ,New Jersey,2015,92.04,7.9,0.07
NJ,New Jersey,2016,91.6,8.31,0.09
NJ,New Jersey,2017,92.02,7.92,0.06
NJ,New Jersey,2018,90.92,9.03,0.05
NJ,New Jersey,2019,91.37,8.56,0.07
NJ,New Jersey,2020,91.63,8.31,0.06
NJ,New Jersey,2021,91.61,8.33,0.06
NJ,New Jersey,2022,91.0,8.94,0.06
NJ,New Jersey,2023,91.26,8.67,0.06
NJ,New Jersey,2024,91.28,8.63,0.09
NJ,New Jersey,2025,91.42,8.49,0.09
NM,New Mexico,1963,77.61,4.13,18.26
NM,New Mexico,1964,78.04,4.53,17.43
NM,New Mexico,1965,79.03,4.56,16.4
NM,New Mexico,1966,79.29,4.59,16.12
NM,New Mexico,1967,79.75,4.52,15.73
NM,New Mexico,1968,78.88,4.65,16.48
NM,New Mexico,1969,80.13,4.44,15.43
NM,New Mexico,1970,80.66,4.43,14.91
NM,New Mexico,1971,82.42,4.22,13.36
NM,New Mexico,1972,82.54,5.02,12.44
NM,New Mexico,1973,81.33,5.15,13.52
NM,New Mexico,1974,76.38,5.12,18.5
NM,New Mexico,1975,76.21,4.99,18.81
NM,New Mexico,1976,75.95,4.68,19.37
NM,New Mexico,1977,75.91,5.62,18.47
NM,New Mexico,1978,76.12,5.55,18.34
NM,New Mexico,1979,74.32,6.2,19.48
NM,New Mexico,1980,68.09,5.3,26.61
NM,New Mexico,1981,65.56,5.08,29.35
NM,New Mexico,1982,67.63,5.25,27.12
NM,New Mexico,1983,71.55,5.73,22.72
NM,New Mexico,1984,73.54,5.5,20.96
NM,New Mexico,1985,75.01,6.17,18.82
NM,New Mexico,1986,81.0,7.44,11.56
NM,New Mexico,1987,81.98,6.2,11.82
NM,New Mexico,1988,82.02,5.84,12.13
NM,New Mexico,1989,82.53,6.28,11.19
NM,New Mexico,1990,82.68,5.84,11.48
NM,New Mexico,1991,78.74,12.08,9.18
NM,New Mexico,1992,78.61,13.17,8.21
NM,New Mexico,1993,75.28,16.58,8.15
NM,New Mexico,1994,71.88,20.65,7.48
NM,New Mexico,1995,75.62,16.59,7.79
NM,New Mexico,1996,74.44,16.81,8.75
NM,New Mexico,1997,74.22,20.74,5.03
NM,New Mexico,1998,80.02,15.55,4.43
NM,New Mexico,1999,79.31,16.47,4.22
NM,New Mexico,2000,80.49,13.68,5.83
NM,New Mexico,2001,83.99,9.28,6.73
NM,New Mexico,2002,86.34,7.81,5.86
NM,New Mexico,2003,83.1,9.85,7.06
NM,New Mexico,2004,79.49,13.16,7.35
NM,New Mexico,2005,80.1,10.3,9.59
NM,New Mexico,2006,81.19,8.68,10.14
NM,New Mexico,2007,82.76,6.56,10.68
NM,New Mexico,2008,83.24,4.19,12.56
NM,New Mexico,2009,84.67,6.71,8.62
NM,New Mexico,2010,84.6,5.91,9.49
NM,New Mexico,2011,84.46,4.63,10.91
NM,New Mexico,2012,85.2,4.21,10.58
NM,New Mexico,2013,85.21,3.65,11.14
NM,New Mexico,2014,84.78,3.79,11.43
NM,New Mexico,2015,87.95,4.3,7.75
NM,New Mexico,2016,90.31,4.02,5.68
NM,New Mexico,2017,89.43,3.81,6.75
NM,New Mexico,2018,87.9,3.9,8.2
NM,New Mexico,2019,87.48,4.2,8.32
NM,New Mexico,2020,90.22,3.82,5.96
NM,New Mexico,2021,86.36,3.88,9.76
NM,New Mexico,2022,83.32,3.66,13.02
NM,New Mexico,2023,84.07,3.2,12.72
NM,New Mexico,2024,84.32,3.03,12.65
NM,New Mexico,2025,84.73,2.94,12.32
NV,Nevada,1963,93.29,4.82,1.89
NV,Nevada,1964,93.47,4.69,1.84
NV,Nevada,1965,93.68,4.5,1.82
NV,Nevada,1966,92.92,4.98,2.1
NV,Nevada,1967,93.43,5.14,1.42
NV,Nevada,1968,93.43,4.63,1.95
NV,Nevada,1969,93.3,4.52,2.19
NV,Nevada,1970,93.42,4.37,2.22
NV,Nevada,1971,94.69,3.67,1.64
NV,Nevada,1972,94.31,3.96,1.72
NV,Nevada,1973,94.12,4.01,1.87
NV,Nevada,1974,94.09,4.03,1.88
NV,Nevada,1975,93.49,4.88,1.63
NV,Nevada,1976,93.58,4.98,1.45
NV,Nevada,1977,93.01,5.08,1.91
NV,Nevada,1978,93.01,5.11,1.89
NV,Nevada,1979,92.47,5.32,2.21
NV,Nevada,1980,91.73,5.13,3.14
NV,Nevada,1981,91.5,5.32,3.18
NV,Nevada,1982,91.7,5.09,3.21
NV,Nevada,1983,91.4,5.03,3.57
NV,Nevada,1984,91.63,5.01,3.36
NV,Nevada,1985,92.16,4.93,2.91
NV,Nevada,1986,91.63,4.64,3.73
NV,Nevada,1987,90.78,4.32,4.9
NV,Nevada,1988,90.27,4.21,5.52
NV,Nevada,1989,90.4,4.11,5.5
NV,Nevada,1990,90.37,4.08,5.55
NV,Nevada,1991,91.25,3.8,4.95
NV,Nevada,1992,91.54,3.75,4.71
NV,Nevada,1993,91.88,4.06,4.05
NV,Nevada,1994,91.39,4.4,4.21
NV,Nevada,1995,92.05,4.32,3.63
NV,Nevada,1996,92.17,4.51,3.32
NV,Nevada,1997,93.62,4.06,2.33
NV,Nevada,1998,93.78,4.0,2.23
NV,Nevada,1999,94.39,3.64,1.98
NV,Nevada,2000,94.54,3.61,1.86
NV,Nevada,2001,94.91,3.54,1.55
NV,Nevada,2002,94.76,3.69,1.55
NV,Nevada,2003,94.64,3.74,1.62
NV,Nevada,2004,93.92,4.34,1.74
NV,Nevada,2005,93.88,4.3,1.82
NV,Nevada,2006,93.22,4.19,2.59
NV,Nevada,2007,92.71,4.67,2.62
NV,Nevada,2008,92.15,4.72,3.12
NV,Nevada,2009,92.35,4.47,3.18
NV,Nevada,2010,91.74,4.1,4.15
NV,Nevada,2011,90.87,4.12,5.01
NV,Nevada,2012,90.98,4.62,4.4
NV,Nevada,2013,92.08,4.6,3.32
NV,Nevada,2014,93.07,4.43,2.49
NV,Nevada,2015,94.23,3.98,1.79
NV,Nevada,2016,94.18,3.9,1.92
NV,Nevada,2017,93.19,4.34,2.47
NV,Nevada,2018,93.66,4.33,2.01
NV,Nevada,2019,93.76,4.29,1.96
NV,Nevada,2020,92.88,4.52,2.6
NV,Nevada,2021,93.1,4.33,2.56
NV,Nevada,2022,93.58,4.41,2.01
NV,Nevada,2023,93.77,4.4,1.83
NV,Nevada,2024,93.59,4.43,1.98
NV,Nevada,2025,93.36,4.37,2.27
NY,New York,1963,76.03,23.78,0.19
NY,New York,1964,76.02,23.8,0.19
NY,New York,1965,75.64,24.2,0.17
NY,New York,1966,75.58,24.26,0.16
NY,New York,1967,76.61,23.25,0.14
NY,New York,1968,76.86,23.01,0.13
NY,New York,1969,77.43,22.44,0.12
NY,New York,1970,78.8,21.08,0.12
NY,New York,1971,79.7,20.19,0.12
NY,New York,1972,80.13,19.75,0.12
NY,New York,1973,80.1,19.76,0.15
NY,New York,1974,80.95,18.9,0.16
NY,New York,1975,81.61,18.25,0.14
NY,New York,1976,80.69,19.16,0.14
NY,New York,1977,79.95,19.9,0.16
NY,New York,1978,80.31,19.54,0.15
NY,New York,1979,80.64,19.22,0.14
NY,New York,1980,81.45,18.4,0.16
NY,New York,1981,81.57,18.28,0.15
NY,New York,1982,82.51,17.34,0.15
NY,New York,1983,82.73,17.13,0.14
NY,New York,1984,83.05,16.78,0.17
NY,New York,1985,83.93,15.9,0.17
NY,New York,1986,85.01,14.83,0.16
NY,New York,1987,85.71,14.14,0.15
NY,New York,1988,85.29,14.59,0.12
NY,New York,1989,85.99,13.92,0.1
NY,New York,1990,86.29,13.62,0.09
NY,New York,1991,86.53,13.39,0.08
NY,New York,1992,86.99,12.94,0.07
NY,New York,1993,87.68,12.24,0.08
NY,New York,1994,87.55,12.36,0.08
NY,New York,1995,88.14,11.78,0.08
NY,New York,1996,88.5,11.42,0.08
NY,New York,1997,91.79,8.16,0.05
NY,New York,1998,91.64,8.31,0.05
NY,New York,1999,92.03,7.92,0.05
NY,New York,2000,92.22,7.73,0.05
NY,New York,2001,92.94,7.01,0.05
NY,New York,2002,92.79,7.17,0.05
NY,New York,2003,93.16,6.79,0.05
NY,New York,2004,93.33,6.61,0.06
NY,New York,2005,93.49,6.44,0.07
NY,New York,2006,93.44,6.48,0.08
NY,New York,2007,93.77,6.14,0.09
NY,New York,2008,93.89,6.01,0.11
NY,New York,2009,93.91,6.0,0.09
NY,New York,2010,94.29,5.62,0.09
NY,New York,2011,94.78,5.14,0.08
NY,New York,2012,95.18,4.75,0.07
NY,New York,2013,95.28,4.66,0.06
NY,New York,2014,95.35,4.59,0.06
NY,New York,2015,95.3,4.66,0.04
NY,New York,2016,95.58,4.38,0.04
NY,New York,2017,95.69,4.27,0.04
NY,New York,2018,95.94,4.01,0.04
NY,New York,2019,95.91,4.05,0.04
NY,New York,2020,96.0,3.95,0.04
NY,New York,2021,95.95,4.0,0.04
NY,New York,2022,96.07,3.89,0.04
NY,New York,2023,96.21,3.75,0.04
NY,New York,2024,96.37,3.58,0.05
NY,New York,2025,96.52,3.44,0.05
OH,Ohio,1963,59.86,39.55,0.58
OH,Ohio,1964,60.2,39.2,0.61
OH,Ohio,1965,59.67,39.76,0.56
OH,Ohio,1966,59.64,39.81,0.55
OH,Ohio,1967,60.77,38.66,0.57
OH,Ohio,1968,60.72,38.72,0.56
OH,Ohio,1969,61.16,38.28,0.56
OH,Ohio,1970,63.91,35.44,0.65
OH,Ohio,1971,64.57,34.8,0.64
OH,Ohio,1972,63.68,35.65,0.66
OH,Ohio,1973,63.45,35.86,0.69
OH,Ohio,1974,64.48,34.54,0.97
OH,Ohio,1975,65.67,33.22,1.1
OH,Ohio,1976,64.6,34.44,0.96
OH,Ohio,1977,63.28,35.63,1.09
OH,Ohio,1978,63.5,35.42,1.08
OH,Ohio,1979,64.02,34.86,1.11
OH,Ohio,1980,66.07,32.64,1.3
OH,Ohio,1981,65.48,33.15,1.36
OH,Ohio,1982,67.88,30.67,1.45
OH,Ohio,1983,68.02,30.66,1.31
OH,Ohio,1984,67.06,31.66,1.28
OH,Ohio,1985,67.69,31.16,1.16
OH,Ohio,1986,68.93,30.15,0.92
OH,Ohio,1987,69.8,29.42,0.78
OH,Ohio,1988,69.24,29.97,0.78
OH,Ohio,1989,70.16,29.19,0.65
OH,Ohio,1990,71.12,28.29,0.59
OH,Ohio,1991,72.39,27.12,0.49
OH,Ohio,1992,72.41,27.17,0.42
OH,Ohio,1993,71.98,27.6,0.43
OH,Ohio,1994,72.74,26.81,0.45
OH,Ohio,1995,73.06,26.53,0.41
OH,Ohio,1996,73.64,25.9,0.45
OH,Ohio,1997,75.16,24.5,0.34
OH,Ohio,1998,75.11,24.54,0.35
OH,Ohio,1999,76.26,23.41,0.33
OH,Ohio,2000,76.96,22.65,0.39
OH,Ohio,2001,78.92,20.72,0.36
OH,Ohio,2002,79.25,20.37,0.38
OH,Ohio,2003,79.83,19.78,0.39
OH,Ohio,2004,79.68,19.89,0.43
OH,Ohio,2005,80.09,19.41,0.5
OH,Ohio,2006,80.21,19.23,0.56
OH,Ohio,2007,80.77,18.63,0.6
OH,Ohio,2008,82.02,17.28,0.7
OH,Ohio,2009,83.8,15.54,0.65
OH,Ohio,2010,83.12,16.27,0.61
OH,Ohio,2011,81.91,17.42,0.66
OH,Ohio,2012,82.5,16.92,0.57
OH,Ohio,2013,82.69,16.57,0.74
OH,Ohio,2014,81.77,17.31,0.92
OH,Ohio,2015,82.64,16.58,0.78
OH,Ohio,2016,83.34,16.01,0.65
OH,Ohio,2017,83.55,15.78,0.66
OH,Ohio,2018,83.45,15.85,0.7
OH,Ohio,2019,84.22,15.1,0.68
OH,Ohio,2020,85.36,14.08,0.55
OH,Ohio,2021,84.92,14.72,0.36
OH,Ohio,2022,84.75,14.85,0.41
OH,Ohio,2023,85.18,14.48,0.33
OH,Ohio,2024,85.41,14.27,0.31
OH,Ohio,2025,86.09,13.59,0.32
OK,Oklahoma,1963,77.19,11.76,11.05
OK,Oklahoma,1964,77.26,12.14,10.6
OK,Oklahoma,1965,77.27,12.52,10.21
OK,Oklahoma,1966,76.76,13.51,9.72
OK,Oklahoma,1967,76.6,13.59,9.81
OK,Oklahoma,1968,76.74,13.97,9.28
OK,Oklahoma,1969,77.39,14.0,8.61
OK,Oklahoma,1970,77.76,14.44,7.8
OK,Oklahoma,1971,79.0,13.71,7.3
OK,Oklahoma,1972,78.67,14.7,6.63
OK,Oklahoma,1973,79.22,14.31,6.47
OK,Oklahoma,1974,76.64,13.93,9.43
OK,Oklahoma,1975,75.96,14.53,9.51
OK,Oklahoma,1976,76.04,13.52,10.43
OK,Oklahoma,1977,72.26,14.67,13.07
OK,Oklahoma,1978,72.56,14.52,12.92
OK,Oklahoma,1979,71.8,15.37,12.83
OK,Oklahoma,1980,67.33,14.47,18.2
OK,Oklahoma,1981,63.93,14.12,21.95
OK,Oklahoma,1982,65.56,12.77,21.67
OK,Oklahoma,1983,69.08,12.61,18.31
OK,Oklahoma,1984,68.7,13.89,17.41
OK,Oklahoma,1985,69.05,15.22,15.73
OK,Oklahoma,1986,74.52,15.27,10.21
OK,Oklahoma,1987,74.62,15.65,9.72
OK,Oklahoma,1988,73.75,17.25,9.0
OK,Oklahoma,1989,74.06,17.7,8.25
OK,Oklahoma,1990,74.1,17.64,8.25
OK,Oklahoma,1991,75.63,17.97,6.41
OK,Oklahoma,1992,76.65,18.04,5.32
OK,Oklahoma,1993,76.93,17.51,5.56
OK,Oklahoma,1994,78.65,16.37,4.98
OK,Oklahoma,1995,78.53,16.61,4.86
OK,Oklahoma,1996,77.08,16.62,6.3
OK,Oklahoma,1997,79.73,15.65,4.62
OK,Oklahoma,1998,81.99,14.67,3.34
OK,Oklahoma,1999,82.01,14.56,3.44
OK,Oklahoma,2000,81.04,13.91,5.05
OK,Oklahoma,2001,81.1,12.74,6.16
OK,Oklahoma,2002,82.82,11.57,5.61
OK,Oklahoma,2003,80.53,11.88,7.58
OK,Oklahoma,2004,79.65,11.06,9.29
OK,Oklahoma,2005,76.94,10.98,12.08
OK,Oklahoma,2006,74.83,11.69,13.48
OK,Oklahoma,2007,74.4,10.84,14.76
OK,Oklahoma,2008,70.37,11.51,18.12
OK,Oklahoma,2009,77.05,10.4,12.56
OK,Oklahoma,2010,76.6,9.2,14.2
OK,Oklahoma,2011,74.48,9.67,15.85
OK,Oklahoma,2012,75.68,10.13,14.19
OK,Oklahoma,2013,75.0,9.16,15.84
OK,Oklahoma,2014,73.39,8.98,17.64
OK,Oklahoma,2015,79.43,9.42,11.15
OK,Oklahoma,2016,82.01,8.46,9.53
OK,Oklahoma,2017,79.17,8.59,12.24
OK,Oklahoma,2018,77.27,8.98,13.76
OK,Oklahoma,2019,79.14,9.29,11.57
OK,Oklahoma,2020,84.55,8.72,6.73
OK,Oklahoma,2021,81.02,8.66,10.32
OK,Oklahoma,2022,78.0,8.39,13.6
OK,Oklahoma,2023,80.29,9.4,10.31
OK,Oklahoma,2024,81.85,9.35,8.79
OK,Oklahoma,2025,82.25,9.06,8.69
OR,Oregon,1963,75.02,24.68,0.3
OR,Oregon,1964,74.83,24.87,0.3
OR,Oregon,1965,75.22,24.51,0.27
OR,Oregon,1966,75.31,24.45,0.25
OR,Oregon,1967,76.1,23.67,0.23
OR,Oregon,1968,74.09,25.71,0.21
OR,Oregon,1969,73.81,26.01,0.18
OR,Oregon,1970,75.36,24.44,0.2
OR,Oregon,1971,74.54,25.23,0.23
OR,Oregon,1972,75.19,24.61,0.2
OR,Oregon,1973,73.89,25.9,0.21
OR,Oregon,1974,74.83,24.92,0.25
OR,Oregon,1975,76.9,22.88,0.22
OR,Oregon,1976,75.87,23.94,0.19
OR,Oregon,1977,74.57,25.14,0.29
OR,Oregon,1978,74.15,25.5,0.34
OR,Oregon,1979,74.53,25.15,0.32
OR,Oregon,1980,76.7,23.0,0.3
OR,Oregon,1981,78.34,21.39,0.27
OR,Oregon,1982,79.38,20.41,0.21
OR,Oregon,1983,79.11,20.72,0.16
OR,Oregon,1984,77.75,22.09,0.16
OR,Oregon,1985,78.64,21.21,0.15
OR,Oregon,1986,79.04,20.83,0.13
OR,Oregon,1987,78.07,21.79,0.14
OR,Oregon,1988,78.15,21.72,0.12
OR,Oregon,1989,78.13,21.75,0.12
OR,Oregon,1990,80.55,19.3,0.14
OR,Oregon,1991,81.31,18.56,0.13
OR,Oregon,1992,81.45,18.42,0.13
OR,Oregon,1993,80.31,19.56,0.13
OR,Oregon,1994,80.8,19.07,0.13
OR,Oregon,1995,79.39,20.49,0.12
OR,Oregon,1996,75.87,24.0,0.13
OR,Oregon,1997,80.72,19.17,0.11
OR,Oregon,1998,80.87,19.01,0.12
OR,Oregon,1999,82.71,17.15,0.14
OR,Oregon,2000,81.19,18.68,0.13
OR,Oregon,2001,83.36,16.51,0.13
OR,Oregon,2002,82.76,17.1,0.14
OR,Oregon,2003,82.24,17.61,0.15
OR,Oregon,2004,81.02,18.82,0.17
OR,Oregon,2005,82.08,17.73,0.19
OR,Oregon,2006,82.36,17.44,0.21
OR,Oregon,2007,83.26,16.5,0.25
OR,Oregon,2008,83.54,16.27,0.19
OR,Oregon,2009,84.33,15.49,0.18
OR,Oregon,2010,84.3,15.54,0.15
OR,Oregon,2011,83.72,16.14,0.14
OR,Oregon,2012,84.73,15.15,0.12
OR,Oregon,2013,84.78,15.11,0.11
OR,Oregon,2014,85.4,14.49,0.1
OR,Oregon,2015,85.61,14.3,0.09
OR,Oregon,2016,86.18,13.71,0.11
OR,Oregon,2017,86.07,13.81,0.12
OR,Oregon,2018,86.47,13.42,0.12
OR,Oregon,2019,87.27,12.63,0.1
OR,Oregon,2020,87.4,12.48,0.12
OR,Oregon,2021,87.46,12.41,0.13
OR,Oregon,2022,87.7,12.16,0.14
OR,Oregon,2023,89.07,10.82,0.12
OR,Oregon,2024,89.24,10.65,0.12
OR,Oregon,2025,89.75,10.14,0.11
PA,Pennsylvania,1963,64.29,34.48,1.23
PA,Pennsylvania,1964,63.46,35.31,1.23
PA,Pennsylvania,1965,62.72,36.12,1.16
PA,Pennsylvania,1966,62.6,36.26,1.14
PA,Pennsylvania,1967,64.2,34.71,1.09
PA,Pennsylvania,1968,64.98,34.03,1.0
PA,Pennsylvania,1969,65.51,33.5,0.99
PA,Pennsylvania,1970,67.55,31.24,1.21
PA,Pennsylvania,1971,68.43,30.4,1.17
PA,Pennsylvania,1972,69.06,29.82,1.13
PA,Pennsylvania,1973,68.81,29.98,1.21
PA,Pennsylvania,1974,68.08,29.87,2.05
PA,Pennsylvania,1975,68.98,28.8,2.23
PA,Pennsylvania,1976,69.52,28.54,1.94
PA,Pennsylvania,1977,68.99,29.16,1.85
PA,Pennsylvania,1978,68.88,29.46,1.67
PA,Pennsylvania,1979,68.65,29.67,1.68
PA,Pennsylvania,1980,70.24,28.19,1.57
PA,Pennsylvania,1981,70.6,27.9,1.5
PA,Pennsylvania,1982,73.21,25.26,1.53
PA,Pennsylvania,1983,74.3,24.42,1.27
PA,Pennsylvania,1984,74.59,24.11,1.31
PA,Pennsylvania,1985,76.04,22.82,1.14
PA,Pennsylvania,1986,77.62,21.5,0.88
PA,Pennsylvania,1987,77.68,21.57,0.74
PA,Pennsylvania,1988,77.2,21.94,0.86
PA,Pennsylvania,1989,77.9,21.33,0.77
PA,Pennsylvania,1990,78.76,20.54,0.71
PA,Pennsylvania,1991,78.78,20.58,0.64
PA,Pennsylvania,1992,79.09,20.32,0.59
PA,Pennsylvania,1993,79.14,20.33,0.54
PA,Pennsylvania,1994,78.92,20.51,0.58
PA,Pennsylvania,1995,78.07,21.33,0.59
PA,Pennsylvania,1996,78.98,20.38,0.64
PA,Pennsylvania,1997,80.13,19.37,0.5
PA,Pennsylvania,1998,80.27,19.17,0.57
PA,Pennsylvania,1999,81.01,18.48,0.52
PA,Pennsylvania,2000,81.13,18.35,0.52
PA,Pennsylvania,2001,82.16,17.33,0.51
PA,Pennsylvania,2002,82.59,16.93,0.48
PA,Pennsylvania,2003,83.47,16.01,0.52
PA,Pennsylvania,2004,84.67,14.76,0.57
PA,Pennsylvania,2005,85.06,14.24,0.7
PA,Pennsylvania,2006,84.73,14.48,0.8
PA,Pennsylvania,2007,85.3,13.77,0.92
PA,Pennsylvania,2008,85.74,13.22,1.04
PA,Pennsylvania,2009,86.26,12.63,1.11
PA,Pennsylvania,2010,86.44,12.15,1.41
PA,Pennsylvania,2011,86.37,11.84,1.79
PA,Pennsylvania,2012,86.49,11.66,1.84
PA,Pennsylvania,2013,86.39,11.9,1.71
PA,Pennsylvania,2014,85.56,12.28,2.15
PA,Pennsylvania,2015,86.66,11.9,1.44
PA,Pennsylvania,2016,87.59,11.33,1.08
PA,Pennsylvania,2017,87.16,11.53,1.31
PA,Pennsylvania,2018,87.38,11.24,1.38
PA,Pennsylvania,2019,87.41,11.29,1.3
PA,Pennsylvania,2020,87.84,11.13,1.03
PA,Pennsylvania,2021,87.33,11.04,1.63
PA,Pennsylvania,2022,87.2,10.7,2.1
PA,Pennsylvania,2023,87.59,10.69,1.71
PA,Pennsylvania,2024,88.27,10.43,1.29
PA,Pennsylvania,2025,88.45,10.15,1.4
RI,Rhode Island,1963,70.55,29.39,0.07
RI,Rhode Island,1964,70.53,29.4,0.07
RI,Rhode Island,1965,68.28,31.65,0.07
RI,Rhode Island,1966,67.53,32.39,0.07
RI,Rhode Island,1967,69.49,30.44,0.07
RI,Rhode Island,1968,69.86,30.07,0.07
RI,Rhode Island,1969,70.9,29.02,0.08
RI,Rhode Island,1970,73.92,26.0,0.08
RI,Rhode Island,1971,74.54,25.38,0.08
RI,Rhode Island,1972,73.55,26.37,0.07
RI,Rhode Island,1973,73.22,26.71,0.07
RI,Rhode Island,1974,72.79,27.13,0.09
RI,Rhode Island,1975,73.69,26.24,0.08
RI,Rhode Island,1976,72.96,26.98,0.06
RI,Rhode Island,1977,70.73,29.22,0.05
RI,Rhode Island,1978,70.58,29.32,0.1
RI,Rhode Island,1979,71.22,28.68,0.1
RI,Rhode Island,1980,71.63,28.29,0.08
RI,Rhode Island,1981,71.29,28.63,0.08
RI,Rhode Island,1982,73.62,26.3,0.08
RI,Rhode Island,1983,75.11,24.83,0.06
RI,Rhode Island,1984,74.85,25.08,0.07
RI,Rhode Island,1985,75.8,24.15,0.05
RI,Rhode Island,1986,77.05,22.9,0.05
RI,Rhode Island,1987,79.05,20.9,0.06
RI,Rhode Island,1988,80.05,19.9,0.05
RI,Rhode Island,1989,79.93,20.04,0.03
RI,Rhode Island,1990,80.44,19.52,0.05
RI,Rhode Island,1991,80.46,19.5,0.04
RI,Rhode Island,1992,81.39,18.54,0.07
RI,Rhode Island,1993,81.55,18.38,0.06
RI,Rhode Island,1994,82.77,17.16,0.07
RI,Rhode Island,1995,83.34,16.59,0.06
RI,Rhode Island,1996,83.73,16.22,0.05
RI,Rhode Island,1997,85.54,14.42,0.05
RI,Rhode Island,1998,86.1,13.85,0.05
RI,Rhode Island,1999,86.42,13.53,0.05
RI,Rhode Island,2000,87.16,12.79,0.05
RI,Rhode Island,2001,87.74,12.22,0.04
RI,Rhode Island,2002,87.68,12.26,0.05
RI,Rhode Island,2003,89.41,10.54,0.05
RI,Rhode Island,2004,89.06,10.88,0.07
RI,Rhode Island,2005,90.44,9.5,0.06
RI,Rhode Island,2006,89.7,10.24,0.06
RI,Rhode Island,2007,90.98,8.95,0.07
RI,Rhode Island,2008,90.86,9.06,0.08
RI,Rhode Island,2009,91.74,8.18,0.08
RI,Rhode Island,2010,91.75,8.2,0.05
RI,Rhode Island,2011,91.93,8.03,0.04
RI,Rhode Island,2012,92.18,7.77,0.05
RI,Rhode Island,2013,91.71,8.26,0.04
RI,Rhode Island,2014,92.17,7.75,0.08
RI,Rhode Island,2015,91.52,8.39,0.1
RI,Rhode Island,2016,91.65,8.26,0.09
RI,Rhode Island,2017,91.91,7.99,0.1
RI,Rhode Island,2018,91.68,8.24,0.07
RI,Rhode Island,2019,92.4,7.54,0.07
RI,Rhode Island,2020,92.16,7.77,0.07
RI,Rhode Island,2021,91.97,7.93,0.1
RI,Rhode Island,2022,92.3,7.59,0.11
RI,Rhode Island,2023,92.5,7.37,0.13
RI,Rhode Island,2024,92.72,7.15,0.12
RI,Rhode Island,2025,92.89,6.99,0.12
SC,South Carolina,1963,66.6,33.07,0.33
SC,South Carolina,1964,65.29,34.38,0.33
SC,South Carolina,1965,63.9,35.82,0.28
SC,South Carolina,1966,64.83,34.92,0.26
SC,South Carolina,1967,66.69,33.07,0.24
SC,South Carolina,1968,66.19,33.59,0.22
SC,South Carolina,1969,66.44,33.34,0.22
SC,South Carolina,1970,67.52,32.28,0.2
SC,South Carolina,1971,67.92,31.85,0.22
SC,South Carolina,1972,68.03,31.73,0.24
SC,South Carolina,1973,68.42,31.35,0.23
SC,South Carolina,1974,69.15,30.62,0.23
SC,South Carolina,1975,71.31,28.47,0.22
SC,South Carolina,1976,69.57,30.25,0.18
SC,South Carolina,1977,68.81,30.97,0.22
SC,South Carolina,1978,68.58,31.18,0.24
SC,South Carolina,1979,68.82,30.93,0.25
SC,South Carolina,1980,69.6,30.16,0.24
SC,South Carolina,1981,69.93,29.86,0.21
SC,South Carolina,1982,71.33,28.47,0.2
SC,South Carolina,1983,71.31,28.48,0.21
SC,South Carolina,1984,71.21,28.54,0.24
SC,South Carolina,1985,73.23,26.55,0.22
SC,South Carolina,1986,72.84,26.93,0.23
SC,South Carolina,1987,72.44,27.31,0.26
SC,South Carolina,1988,72.97,26.79,0.23
SC,South Carolina,1989,72.57,27.13,0.3
SC,South Carolina,1990,74.37,25.32,0.31
SC,South Carolina,1991,73.57,26.21,0.22
SC,South Carolina,1992,73.28,26.51,0.21
SC,South Carolina,1993,73.58,26.21,0.21
SC,South Carolina,1994,73.0,26.77,0.23
SC,South Carolina,1995,73.55,26.25,0.2
SC,South Carolina,1996,74.99,24.81,0.2
SC,South Carolina,1997,77.25,22.61,0.14
SC,South Carolina,1998,77.48,22.36,0.15
SC,South Carolina,1999,78.03,21.8,0.17
SC,South Carolina,2000,78.85,20.98,0.18
SC,South Carolina,2001,79.0,20.85,0.15
SC,South Carolina,2002,78.91,20.93,0.16
SC,South Carolina,2003,79.27,20.57,0.16
SC,South Carolina,2004,82.07,17.73,0.2
SC,South Carolina,2005,82.89,16.92,0.18
SC,South Carolina,2006,83.19,16.59,0.22
SC,South Carolina,2007,83.51,16.32,0.16
SC,South Carolina,2008,84.23,15.6,0.17
SC,South Carolina,2009,84.41,15.43,0.16
SC,South Carolina,2010,84.0,15.86,0.14
SC,South Carolina,2011,83.52,16.34,0.14
SC,South Carolina,2012,83.59,16.29,0.11
SC,South Carolina,2013,84.02,15.87,0.11
SC,South Carolina,2014,84.14,15.74,0.12
SC,South Carolina,2015,83.49,16.34,0.17
SC,South Carolina,2016,83.86,15.97,0.17
SC,South Carolina,2017,85.06,14.74,0.2
SC,South Carolina,2018,85.0,14.77,0.22
SC,South Carolina,2019,84.85,14.92,0.23
SC,South Carolina,2020,86.12,13.65,0.22
SC,South Carolina,2021,86.56,13.22,0.22
SC,South Carolina,2022,85.99,13.82,0.19
SC,South Carolina,2023,85.86,13.86,0.28
SC,South Carolina,2024,86.3,13.46,0.25
SC,South Carolina,2025,86.89,12.86,0.25
SD,South Dakota,1963,92.13,6.44,1.44
SD,South Dakota,1964,92.07,6.65,1.28
SD,South Dakota,1965,92.74,6.17,1.09
SD,South Dakota,1966,92.61,6.31,1.09
SD,South Dakota,1967,92.94,6.37,0.69
SD,South Dakota,1968,92.64,6.73,0.64
SD,South Dakota,1969,92.78,6.54,0.68
SD,South Dakota,1970,92.48,6.69,0.84
SD,South Dakota,1971,93.05,6.12,0.84
SD,South Dakota,1972,93.02,6.2,0.78
SD,South Dakota,1973,93.26,5.87,0.87
SD,South Dakota,1974,92.3,6.65,1.05
SD,South Dakota,1975,92.52,6.56,0.92
SD,South Dakota,1976,91.8,7.16,1.04
SD,South Dakota,1977,90.72,8.07,1.21
SD,South Dakota,1978,90.5,8.25,1.25
SD,South Dakota,1979,89.58,9.01,1.4
SD,South Dakota,1980,88.05,9.47,2.48
SD,South Dakota,1981,88.64,9.37,1.98
SD,South Dakota,1982,88.95,9.71,1.35
SD,South Dakota,1983,87.4,10.58,2.01
SD,South Dakota,1984,88.04,10.23,1.73
SD,South Dakota,1985,88.57,9.79,1.65
SD,South Dakota,1986,88.52,9.65,1.83
SD,South Dakota,1987,88.69,9.28,2.04
SD,South Dakota,1988,87.88,10.2,1.92
SD,South Dakota,1989,88.18,10.11,1.72
SD,South Dakota,1990,87.52,10.84,1.64
SD,South Dakota,1991,87.9,10.58,1.52
SD,South Dakota,1992,87.16,11.37,1.47
SD,South Dakota,1993,85.25,13.43,1.33
SD,South Dakota,1994,87.45,11.42,1.13
SD,South Dakota,1995,84.18,14.8,1.02
SD,South Dakota,1996,86.32,12.73,0.96
SD,South Dakota,1997,86.95,12.38,0.67
SD,South Dakota,1998,86.82,12.69,0.5
SD,South Dakota,1999,87.15,12.39,0.46
SD,South Dakota,2000,85.83,13.81,0.36
SD,South Dakota,2001,88.0,11.65,0.36
SD,South Dakota,2002,85.78,13.96,0.26
SD,South Dakota,2003,90.35,9.38,0.27
SD,South Dakota,2004,89.88,9.82,0.29
SD,South Dakota,2005,89.85,9.84,0.31
SD,South Dakota,2006,89.71,9.99,0.31
SD,South Dakota,2007,89.66,9.99,0.35
SD,South Dakota,2008,90.19,9.43,0.39
SD,South Dakota,2009,90.92,8.72,0.37
SD,South Dakota,2010,90.81,8.73,0.45
SD,South Dakota,2011,90.53,9.06,0.42
SD,South Dakota,2012,90.89,8.71,0.41
SD,South Dakota,2013,90.94,8.72,0.34
SD,South Dakota,2014,90.99,8.73,0.28
SD,South Dakota,2015,90.98,8.85,0.18
SD,South Dakota,2016,90.7,9.1,0.2
SD,South Dakota,2017,91.04,8.73,0.23
SD,South Dakota,2018,91.48,8.33,0.2
SD,South Dakota,2019,92.38,7.45,0.17
SD,South Dakota,2020,91.83,7.91,0.26
SD,South Dakota,2021,91.51,8.2,0.3
SD,South Dakota,2022,92.68,7.06,0.26
SD,South Dakota,2023,92.77,6.96,0.27
SD,South Dakota,2024,92.82,6.93,0.25
SD,South Dakota,2025,93.23,6.54,0.23
TN,Tennessee,1963,70.79,28.34,0.88
TN,Tennessee,1964,70.58,28.55,0.87
TN,Tennessee,1965,69.18,30.07,0.75
TN,Tennessee,1966,68.53,30.75,0.72
TN,Tennessee,1967,69.23,30.14,0.63
TN,Tennessee,1968,68.6,30.83,0.57
TN,Tennessee,1969,69.22,30.24,0.54
TN,Tennessee,1970,69.6,29.8,0.6
TN,Tennessee,1971,70.42,28.97,0.61
TN,Tennessee,1972,70.66,28.74,0.6
TN,Tennessee,1973,71.03,28.35,0.62
TN,Tennessee,1974,71.1,28.04,0.86
TN,Tennessee,1975,72.62,26.54,0.84
TN,Tennessee,1976,72.64,26.61,0.75
TN,Tennessee,1977,70.93,28.19,0.87
TN,Tennessee,1978,71.92,27.17,0.91
TN,Tennessee,1979,72.48,26.71,0.81
TN,Tennessee,1980,73.29,25.91,0.8
TN,Tennessee,1981,72.65,26.55,0.8
TN,Tennessee,1982,73.65,25.6,0.74
TN,Tennessee,1983,72.68,26.67,0.65
TN,Tennessee,1984,73.08,26.25,0.66
TN,Tennessee,1985,74.23,25.15,0.62
TN,Tennessee,1986,74.92,24.6,0.49
TN,Tennessee,1987,74.67,24.86,0.47
TN,Tennessee,1988,74.84,24.68,0.48
TN,Tennessee,1989,74.27,25.26,0.47
TN,Tennessee,1990,75.42,24.1,0.49
TN,Tennessee,1991,75.21,24.39,0.41
TN,Tennessee,1992,75.13,24.51,0.36
TN,Tennessee,1993,75.51,24.19,0.31
TN,Tennessee,1994,75.85,23.85,0.29
TN,Tennessee,1995,76.67,23.02,0.31
TN,Tennessee,1996,78.45,21.22,0.33
TN,Tennessee,1997,79.0,20.72,0.28
TN,Tennessee,1998,79.96,19.76,0.28
TN,Tennessee,1999,79.95,19.74,0.31
TN,Tennessee,2000,81.02,18.7,0.28
TN,Tennessee,2001,81.4,18.34,0.27
TN,Tennessee,2002,81.85,17.91,0.24
TN,Tennessee,2003,81.85,17.9,0.24
TN,Tennessee,2004,81.09,18.62,0.29
TN,Tennessee,2005,82.01,17.64,0.34
TN,Tennessee,2006,82.29,17.31,0.4
TN,Tennessee,2007,83.35,16.18,0.46
TN,Tennessee,2008,83.87,15.72,0.41
TN,Tennessee,2009,84.54,15.1,0.36
TN,Tennessee,2010,84.98,14.63,0.39
TN,Tennessee,2011,85.03,14.64,0.33
TN,Tennessee,2012,84.51,15.23,0.27
TN,Tennessee,2013,84.23,15.54,0.23
TN,Tennessee,2014,84.56,15.21,0.23
TN,Tennessee,2015,84.48,15.33,0.19
TN,Tennessee,2016,84.54,15.25,0.2
TN,Tennessee,2017,84.25,15.54,0.21
TN,Tennessee,2018,84.98,14.78,0.25
TN,Tennessee,2019,85.44,14.33,0.23
TN,Tennessee,2020,85.29,14.47,0.24
TN,Tennessee,2021,86.49,13.25,0.26
TN,Tennessee,2022,87.38,12.35,0.27
TN,Tennessee,2023,87.19,12.56,0.25
TN,Tennessee,2024,87.55,12.2,0.25
TN,Tennessee,2025,88.13,11.61,0.27
TX,Texas,1963,69.99,17.82,12.19
TX,Texas,1964,70.13,18.37,11.5
TX,Texas,1965,70.03,19.17,10.81
TX,Texas,1966,70.37,19.56,10.07
TX,Texas,1967,70.3,19.64,10.06
TX,Texas,1968,70.54,19.75,9.71
TX,Texas,1969,72.14,19.04,8.82
TX,Texas,1970,73.15,18.28,8.57
TX,Texas,1971,73.89,17.99,8.12
TX,Texas,1972,74.28,17.95,7.77
TX,Texas,1973,74.02,17.75,8.24
TX,Texas,1974,70.91,17.23,11.86
TX,Texas,1975,69.97,17.61,12.42
TX,Texas,1976,69.76,17.32,12.93
TX,Texas,1977,69.9,17.99,12.11
TX,Texas,1978,70.35,17.41,12.24
TX,Texas,1979,69.83,18.13,12.04
TX,Texas,1980,66.23,16.63,17.14
TX,Texas,1981,64.5,16.23,19.27
TX,Texas,1982,66.74,15.11,18.15
TX,Texas,1983,70.5,14.13,15.37
TX,Texas,1984,71.4,14.25,14.35
TX,Texas,1985,72.62,13.54,13.84
TX,Texas,1986,76.83,14.07,9.1
TX,Texas,1987,75.54,15.13,9.33
TX,Texas,1988,74.33,16.91,8.77
TX,Texas,1989,74.59,16.54,8.86
TX,Texas,1990,74.1,15.88,10.02
TX,Texas,1991,76.71,14.59,8.69
TX,Texas,1992,78.03,13.98,7.99
TX,Texas,1993,78.21,14.06,7.74
TX,Texas,1994,78.27,15.05,6.68
TX,Texas,1995,78.38,15.14,6.48
TX,Texas,1996,77.92,14.37,7.71
TX,Texas,1997,77.2,16.89,5.92
TX,Texas,1998,79.22,16.49,4.29
TX,Texas,1999,80.8,14.72,4.47
TX,Texas,2000,79.95,14.2,5.85
TX,Texas,2001,79.75,13.59,6.65
TX,Texas,2002,80.77,13.2,6.03
TX,Texas,2003,79.6,12.98,7.42
TX,Texas,2004,76.71,15.39,7.89
TX,Texas,2005,75.52,14.59,9.89
TX,Texas,2006,74.3,15.22,10.48
TX,Texas,2007,73.31,15.23,11.46
TX,Texas,2008,72.63,13.18,14.19
TX,Texas,2009,77.21,13.26,9.53
TX,Texas,2010,76.02,14.26,9.72
TX,Texas,2011,73.81,15.35,10.84
TX,Texas,2012,74.43,14.41,11.16
TX,Texas,2013,73.37,14.41,12.22
TX,Texas,2014,74.76,12.31,12.93
TX,Texas,2015,79.52,12.72,7.75
TX,Texas,2016,82.03,11.84,6.13
TX,Texas,2017,80.73,11.93,7.35
TX,Texas,2018,78.63,12.93,8.44
TX,Texas,2019,80.93,11.34,7.72
TX,Texas,2020,84.82,10.34,4.85
TX,Texas,2021,80.88,11.4,7.71
TX,Texas,2022,77.95,12.45,9.6
TX,Texas,2023,79.88,11.88,8.24
TX,Texas,2024,80.37,11.79,7.84
TX,Texas,2025,81.8,11.33,6.88
UT,Utah,1963,72.7,19.37,7.93
UT,Utah,1964,74.55,18.45,7.0
UT,Utah,1965,75.81,17.92,6.26
UT,Utah,1966,76.86,17.09,6.04
UT,Utah,1967,79.26,16.23,4.5
UT,Utah,1968,79.68,15.7,4.62
UT,Utah,1969,79.85,14.81,5.34
UT,Utah,1970,79.93,14.11,5.96
UT,Utah,1971,81.32,13.59,5.09
UT,Utah,1972,81.05,14.39,4.56
UT,Utah,1973,79.32,14.12,6.56
UT,Utah,1974,77.32,14.23,8.45
UT,Utah,1975,78.0,14.07,7.93
UT,Utah,1976,79.15,13.59,7.26
UT,Utah,1977,80.09,14.24,5.67
UT,Utah,1978,79.63,14.63,5.74
UT,Utah,1979,78.27,15.34,6.39
UT,Utah,1980,77.49,15.01,7.5
UT,Utah,1981,76.57,15.1,8.34
UT,Utah,1982,78.32,14.84,6.84
UT,Utah,1983,79.6,14.68,5.73
UT,Utah,1984,79.81,14.46,5.74
UT,Utah,1985,79.96,14.57,5.47
UT,Utah,1986,81.7,14.07,4.23
UT,Utah,1987,81.46,13.66,4.88
UT,Utah,1988,80.45,14.16,5.39
UT,Utah,1989,80.36,14.48,5.16
UT,Utah,1990,80.34,14.38,5.28
UT,Utah,1991,80.97,14.68,4.35
UT,Utah,1992,82.34,14.05,3.62
UT,Utah,1993,83.18,13.21,3.62
UT,Utah,1994,83.16,13.49,3.35
UT,Utah,1995,83.08,13.88,3.04
UT,Utah,1996,81.89,15.32,2.79
UT,Utah,1997,84.23,14.11,1.66
UT,Utah,1998,84.91,13.69,1.41
UT,Utah,1999,86.01,12.71,1.28
UT,Utah,2000,85.48,13.1,1.42
UT,Utah,2001,87.24,11.23,1.53
UT,Utah,2002,87.71,11.05,1.24
UT,Utah,2003,86.95,11.64,1.41
UT,Utah,2004,86.85,11.41,1.73
UT,Utah,2005,86.14,11.39,2.46
UT,Utah,2006,85.31,11.79,2.9
UT,Utah,2007,84.93,11.98,3.09
UT,Utah,2008,84.67,11.76,3.57
UT,Utah,2009,82.95,13.89,3.15
UT,Utah,2010,81.93,14.69,3.38
UT,Utah,2011,81.94,14.45,3.61
UT,Utah,2012,84.48,12.38,3.15
UT,Utah,2013,84.92,11.97,3.1
UT,Utah,2014,85.49,11.18,3.34
UT,Utah,2015,86.8,11.2,2.0
UT,Utah,2016,88.25,10.11,1.64
UT,Utah,2017,87.65,10.48,1.87
UT,Utah,2018,87.32,10.88,1.8
UT,Utah,2019,87.79,10.5,1.71
UT,Utah,2020,88.62,9.62,1.76
UT,Utah,2021,87.68,10.36,1.96
UT,Utah,2022,87.82,10.37,1.81
UT,Utah,2023,88.52,9.95,1.53
UT,Utah,2024,88.71,9.64,1.66
UT,Utah,2025,89.17,9.29,1.54
VA,Virginia,1963,76.24,22.67,1.09
VA,Virginia,1964,76.31,22.58,1.11
VA,Virginia,1965,76.51,22.45,1.04
VA,Virginia,1966,76.27,22.7,1.03
VA,Virginia,1967,77.29,21.73,0.98
VA,Virginia,1968,76.78,22.3,0.92
VA,Virginia,1969,78.16,20.95,0.9
VA,Virginia,1970,78.53,20.35,1.12
VA,Virginia,1971,79.5,19.47,1.04
VA,Virginia,1972,79.01,19.82,1.17
VA,Virginia,1973,79.68,19.1,1.21
VA,Virginia,1974,79.49,18.25,2.26
VA,Virginia,1975,79.81,17.85,2.35
VA,Virginia,1976,78.88,19.36,1.76
VA,Virginia,1977,77.67,20.26,2.07
VA,Virginia,1978,78.47,19.72,1.81
VA,Virginia,1979,78.74,19.42,1.85
VA,Virginia,1980,79.26,18.99,1.75
VA,Virginia,1981,79.34,18.97,1.68
VA,Virginia,1982,79.79,18.58,1.63
VA,Virginia,1983,80.0,18.81,1.19
VA,Virginia,1984,80.54,18.29,1.17
VA,Virginia,1985,81.47,17.49,1.03
VA,Virginia,1986,81.98,17.25,0.77
VA,Virginia,1987,82.26,17.06,0.68
VA,Virginia,1988,83.01,16.14,0.85
VA,Virginia,1989,83.41,15.85,0.73
VA,Virginia,1990,83.24,16.03,0.73
VA,Virginia,1991,83.19,16.12,0.69
VA,Virginia,1992,83.62,15.72,0.67
VA,Virginia,1993,83.88,15.51,0.6
VA,Virginia,1994,84.39,15.03,0.58
VA,Virginia,1995,84.18,15.29,0.52
VA,Virginia,1996,84.76,14.71,0.53
VA,Virginia,1997,86.32,13.25,0.43
VA,Virginia,1998,86.48,13.1,0.42
VA,Virginia,1999,86.57,13.05,0.38
VA,Virginia,2000,86.46,13.17,0.37
VA,Virginia,2001,86.3,13.32,0.38
VA,Virginia,2002,87.96,11.7,0.34
VA,Virginia,2003,88.62,11.0,0.38
VA,Virginia,2004,89.36,10.19,0.45
VA,Virginia,2005,89.71,9.79,0.49
VA,Virginia,2006,90.07,9.32,0.61
VA,Virginia,2007,90.7,8.72,0.58
VA,Virginia,2008,91.09,8.25,0.66
VA,Virginia,2009,90.11,9.36,0.53
VA,Virginia,2010,89.96,9.44,0.6
VA,Virginia,2011,90.28,9.13,0.59
VA,Virginia,2012,90.44,9.06,0.5
VA,Virginia,2013,90.52,9.08,0.4
VA,Virginia,2014,91.09,8.58,0.33
VA,Virginia,2015,91.0,8.73,0.26
VA,Virginia,2016,91.35,8.43,0.21
VA,Virginia,2017,91.57,8.16,0.27
VA,Virginia,2018,91.5,8.24,0.27
VA,Virginia,2019,91.87,7.87,0.26
VA,Virginia,2020,91.89,7.87,0.24
VA,Virginia,2021,92.22,7.48,0.31
VA,Virginia,2022,92.45,7.17,0.38
VA,Virginia,2023,92.0,7.69,0.31
VA,Virginia,2024,92.35,7.39,0.26
VA,Virginia,2025,92.43,7.29,0.29
VT,Vermont,1963,73.84,25.39,0.78
VT,Vermont,1964,73.23,25.96,0.81
VT,Vermont,1965,70.63,28.65,0.71
VT,Vermont,1966,70.36,28.99,0.65
VT,Vermont,1967,71.76,27.6,0.64
VT,Vermont,1968,73.25,26.18,0.57
VT,Vermont,1969,74.56,24.95,0.49
VT,Vermont,1970,76.52,23.05,0.43
VT,Vermont,1971,78.86,20.6,0.53
VT,Vermont,1972,79.69,19.8,0.51
VT,Vermont,1973,79.17,20.4,0.43
VT,Vermont,1974,78.19,21.28,0.54
VT,Vermont,1975,76.37,23.21,0.42
VT,Vermont,1976,75.54,24.0,0.46
VT,Vermont,1977,77.05,22.41,0.54
VT,Vermont,1978,75.06,24.38,0.56
VT,Vermont,1979,74.08,25.37,0.55
VT,Vermont,1980,72.65,26.94,0.41
VT,Vermont,1981,72.92,26.7,0.39
VT,Vermont,1982,74.49,25.15,0.36
VT,Vermont,1983,75.35,24.39,0.26
VT,Vermont,1984,76.69,23.02,0.29
VT,Vermont,1985,77.96,21.79,0.25
VT,Vermont,1986,78.79,20.95,0.26
VT,Vermont,1987,79.62,20.07,0.31
VT,Vermont,1988,78.54,21.16,0.3
VT,Vermont,1989,77.67,21.98,0.35
VT,Vermont,1990,77.5,22.16,0.34
VT,Vermont,1991,78.07,21.63,0.3
VT,Vermont,1992,79.26,20.43,0.3
VT,Vermont,1993,79.64,20.12,0.24
VT,Vermont,1994,80.92,18.85,0.24
VT,Vermont,1995,81.67,18.11,0.21
VT,Vermont,1996,81.68,18.13,0.19
VT,Vermont,1997,83.25,16.44,0.31
VT,Vermont,1998,84.23,15.45,0.32
VT,Vermont,1999,84.24,15.43,0.33
VT,Vermont,2000,84.02,15.65,0.32
VT,Vermont,2001,84.32,15.34,0.34
VT,Vermont,2002,85.38,14.27,0.36
VT,Vermont,2003,86.02,13.54,0.44
VT,Vermont,2004,86.77,12.83,0.4
VT,Vermont,2005,87.39,12.1,0.5
VT,Vermont,2006,86.7,12.7,0.6
VT,Vermont,2007,88.69,10.73,0.58
VT,Vermont,2008,88.19,11.22,0.59
VT,Vermont,2009,89.16,10.03,0.81
VT,Vermont,2010,88.26,10.89,0.85
VT,Vermont,2011,88.21,10.98,0.81
VT,Vermont,2012,88.08,11.27,0.65
VT,Vermont,2013,90.31,9.12,0.57
VT,Vermont,2014,90.8,8.66,0.54
VT,Vermont,2015,90.43,9.04,0.52
VT,Vermont,2016,91.06,8.47,0.47
VT,Vermont,2017,90.44,9.02,0.54
VT,Vermont,2018,90.42,9.25,0.33
VT,Vermont,2019,90.63,9.09,0.28
VT,Vermont,2020,90.63,8.94,0.43
VT,Vermont,2021,91.8,7.81,0.39
VT,Vermont,2022,91.46,8.13,0.4
VT,Vermont,2023,91.42,8.16,0.42
VT,Vermont,2024,91.54,7.87,0.59
VT,Vermont,2025,91.78,7.77,0.46
WA,Washington,1963,71.04,28.72,0.24
WA,Washington,1964,72.67,27.1,0.23
WA,Washington,1965,72.5,27.3,0.19
WA,Washington,1966,70.93,28.91,0.17
WA,Washington,1967,71.6,28.28,0.12
WA,Washington,1968,73.93,25.95,0.12
WA,Washington,1969,74.98,24.89,0.13
WA,Washington,1970,77.0,22.85,0.15
WA,Washington,1971,78.85,20.99,0.16
WA,Washington,1972,78.08,21.75,0.17
WA,Washington,1973,77.26,22.57,0.17
WA,Washington,1974,77.0,22.81,0.19
WA,Washington,1975,78.13,21.69,0.17
WA,Washington,1976,78.78,21.07,0.16
WA,Washington,1977,78.38,21.47,0.15
WA,Washington,1978,78.4,21.4,0.2
WA,Washington,1979,78.23,21.53,0.24
WA,Washington,1980,79.12,20.63,0.25
WA,Washington,1981,78.77,20.99,0.25
WA,Washington,1982,78.87,20.9,0.24
WA,Washington,1983,80.45,19.35,0.2
WA,Washington,1984,80.01,19.8,0.19
WA,Washington,1985,80.61,19.2,0.18
WA,Washington,1986,79.54,20.23,0.23
WA,Washington,1987,79.29,20.46,0.25
WA,Washington,1988,78.78,20.92,0.29
WA,Washington,1989,78.6,21.12,0.27
WA,Washington,1990,79.78,19.96,0.27
WA,Washington,1991,81.42,18.32,0.26
WA,Washington,1992,81.9,17.86,0.23
WA,Washington,1993,82.49,17.29,0.22
WA,Washington,1994,83.15,16.56,0.29
WA,Washington,1995,84.4,15.31,0.29
WA,Washington,1996,84.27,15.47,0.27
WA,Washington,1997,84.04,15.79,0.17
WA,Washington,1998,84.79,15.05,0.17
WA,Washington,1999,85.46,14.39,0.16
WA,Washington,2000,85.12,14.74,0.14
WA,Washington,2001,86.39,13.5,0.11
WA,Washington,2002,86.93,12.97,0.11
WA,Washington,2003,88.11,11.77,0.13
WA,Washington,2004,88.53,11.35,0.12
WA,Washington,2005,86.47,13.33,0.2
WA,Washington,2006,86.29,13.45,0.26
WA,Washington,2007,85.86,13.91,0.22
WA,Washington,2008,87.04,12.82,0.15
WA,Washington,2009,86.29,13.56,0.15
WA,Washington,2010,85.78,14.07,0.15
WA,Washington,2011,85.7,14.17,0.13
WA,Washington,2012,85.48,14.42,0.09
WA,Washington,2013,85.62,14.28,0.09
WA,Washington,2014,85.8,14.1,0.1
WA,Washington,2015,85.67,14.24,0.08
WA,Washington,2016,87.91,12.0,0.09
WA,Washington,2017,88.07,11.83,0.1
WA,Washington,2018,88.37,11.53,0.1
WA,Washington,2019,88.78,11.14,0.07
WA,Washington,2020,91.59,8.34,0.06
WA,Washington,2021,92.53,7.41,0.07
WA,Washington,2022,92.4,7.53,0.07
WA,Washington,2023,92.62,7.32,0.06
WA,Washington,2024,92.9,7.04,0.06
WA,Washington,2025,92.95,7.0,0.06
WI,Wisconsin,1963,64.14,35.6,0.26
WI,Wisconsin,1964,64.88,34.87,0.25
WI,Wisconsin,1965,64.79,34.99,0.21
WI,Wisconsin,1966,64.5,35.3,0.2
WI,Wisconsin,1967,65.32,34.5,0.18
WI,Wisconsin,1968,65.6,34.24,0.16
WI,Wisconsin,1969,66.05,33.78,0.17
WI,Wisconsin,1970,68.37,31.44,0.2
WI,Wisconsin,1971,68.32,31.5,0.19
WI,Wisconsin,1972,68.81,31.0,0.19
WI,Wisconsin,1973,68.76,31.0,0.24
WI,Wisconsin,1974,68.83,30.95,0.22
WI,Wisconsin,1975,68.31,31.5,0.19
WI,Wisconsin,1976,68.18,31.67,0.15
WI,Wisconsin,1977,66.97,32.85,0.18
WI,Wisconsin,1978,67.1,32.71,0.19
WI,Wisconsin,1979,67.44,32.37,0.19
WI,Wisconsin,1980,68.83,31.01,0.17
WI,Wisconsin,1981,68.62,31.23,0.15
WI,Wisconsin,1982,70.42,29.47,0.11
WI,Wisconsin,1983,70.66,29.25,0.08
WI,Wisconsin,1984,69.49,30.4,0.11
WI,Wisconsin,1985,69.87,30.04,0.09
WI,Wisconsin,1986,70.7,29.18,0.12
WI,Wisconsin,1987,70.6,29.26,0.14
WI,Wisconsin,1988,69.85,30.01,0.14
WI,Wisconsin,1989,70.46,29.41,0.13
WI,Wisconsin,1990,71.48,28.37,0.15
WI,Wisconsin,1991,72.42,27.41,0.18
WI,Wisconsin,1992,72.03,27.79,0.18
WI,Wisconsin,1993,72.23,27.54,0.23
WI,Wisconsin,1994,72.56,27.2,0.24
WI,Wisconsin,1995,72.37,27.45,0.19
WI,Wisconsin,1996,72.79,27.03,0.18
WI,Wisconsin,1997,74.6,25.25,0.15
WI,Wisconsin,1998,74.72,25.14,0.14
WI,Wisconsin,1999,75.06,24.79,0.15
WI,Wisconsin,2000,75.37,24.48,0.15
WI,Wisconsin,2001,77.08,22.78,0.14
WI,Wisconsin,2002,77.85,22.0,0.15
WI,Wisconsin,2003,78.45,21.39,0.15
WI,Wisconsin,2004,78.97,20.84,0.18
WI,Wisconsin,2005,79.25,20.58,0.17
WI,Wisconsin,2006,78.7,21.09,0.21
WI,Wisconsin,2007,79.58,20.22,0.19
WI,Wisconsin,2008,80.92,18.89,0.19
WI,Wisconsin,2009,81.66,18.14,0.2
WI,Wisconsin,2010,81.01,18.75,0.24
WI,Wisconsin,2011,80.94,18.86,0.2
WI,Wisconsin,2012,80.29,19.54,0.18
WI,Wisconsin,2013,80.19,19.61,0.2
WI,Wisconsin,2014,80.55,19.12,0.32
WI,Wisconsin,2015,80.78,18.8,0.41
WI,Wisconsin,2016,81.54,18.27,0.18
WI,Wisconsin,2017,82.34,17.46,0.2
WI,Wisconsin,2018,82.51,17.18,0.31
WI,Wisconsin,2019,82.4,17.39,0.21
WI,Wisconsin,2020,82.77,17.08,0.15
WI,Wisconsin,2021,83.11,16.73,0.15
WI,Wisconsin,2022,82.9,16.85,0.26
WI,Wisconsin,2023,82.66,17.18,0.16
WI,Wisconsin,2024,83.26,16.57,0.16
WI,Wisconsin,2025,83.69,16.12,0.19
WV,West Virginia,1963,55.56,32.94,11.5
WV,West Virginia,1964,55.89,31.97,12.14
WV,West Virginia,1965,55.82,32.4,11.79
WV,West Virginia,1966,56.57,31.56,11.86
WV,West Virginia,1967,57.02,31.21,11.77
WV,West Virginia,1968,58.76,30.3,10.93
WV,West Virginia,1969,60.69,28.79,10.51
WV,West Virginia,1970,60.16,25.72,14.11
WV,West Virginia,1971,63.1,24.54,12.36
WV,West Virginia,1972,63.33,24.43,12.25
WV,West Virginia,1973,63.69,23.92,12.4
WV,West Virginia,1974,58.51,23.62,17.87
WV,West Virginia,1975,59.08,20.01,20.91
WV,West Virginia,1976,60.04,21.55,18.41
WV,West Virginia,1977,60.72,21.34,17.95
WV,West Virginia,1978,61.93,21.61,16.46
WV,West Virginia,1979,62.66,21.32,16.02
WV,West Virginia,1980,63.77,19.41,16.82
WV,West Virginia,1981,64.37,18.58,17.06
WV,West Virginia,1982,64.99,15.94,19.06
WV,West Virginia,1983,68.39,15.9,15.71
WV,West Virginia,1984,67.62,16.98,15.4
WV,West Virginia,1985,68.67,17.2,14.12
WV,West Virginia,1986,71.77,16.77,11.46
WV,West Virginia,1987,72.15,17.88,9.97
WV,West Virginia,1988,68.32,19.25,12.43
WV,West Virginia,1989,68.8,19.34,11.86
WV,West Virginia,1990,70.85,17.57,11.58
WV,West Virginia,1991,72.05,16.09,11.85
WV,West Virginia,1992,73.99,15.66,10.35
WV,West Virginia,1993,76.12,15.87,8.01
WV,West Virginia,1994,74.03,16.81,9.16
WV,West Virginia,1995,73.57,17.89,8.54
WV,West Virginia,1996,74.58,17.18,8.24
WV,West Virginia,1997,76.68,15.97,7.35
WV,West Virginia,1998,76.98,15.1,7.92
WV,West Virginia,1999,77.82,15.54,6.63
WV,West Virginia,2000,79.71,13.5,6.79
WV,West Virginia,2001,80.53,12.23,7.24
WV,West Virginia,2002,81.45,12.16,6.39
WV,West Virginia,2003,81.78,11.55,6.67
WV,West Virginia,2004,81.47,11.4,7.13
WV,West Virginia,2005,79.32,11.49,9.19
WV,West Virginia,2006,78.99,11.21,9.8
WV,West Virginia,2007,78.94,10.0,11.06
WV,West Virginia,2008,77.81,9.78,12.41
WV,West Virginia,2009,78.07,10.35,11.58
WV,West Virginia,2010,78.26,9.48,12.27
WV,West Virginia,2011,76.92,9.67,13.41
WV,West Virginia,2012,78.67,9.72,11.61
WV,West Virginia,2013,78.39,10.01,11.6
WV,West Virginia,2014,78.23,9.58,12.2
WV,West Virginia,2015,81.59,9.34,9.08
WV,West Virginia,2016,82.7,9.53,7.77
WV,West Virginia,2017,80.07,10.02,9.91
WV,West Virginia,2018,79.9,10.09,10.01
WV,West Virginia,2019,80.69,9.08,10.22
WV,West Virginia,2020,81.97,9.18,8.85
WV,West Virginia,2021,77.43,9.33,13.24
WV,West Virginia,2022,73.31,8.99,17.7
WV,West Virginia,2023,76.5,8.37,15.13
WV,West Virginia,2024,78.71,8.59,12.7
WV,West Virginia,2025,77.74,8.33,13.94
WY,Wyoming,1963,67.12,4.55,28.33
WY,Wyoming,1964,68.49,4.39,27.12
WY,Wyoming,1965,68.5,5.25,26.24
WY,Wyoming,1966,69.22,5.12,25.67
WY,Wyoming,1967,70.03,4.63,25.35
WY,Wyoming,1968,68.7,4.53,26.77
WY,Wyoming,1969,69.6,4.24,26.16
WY,Wyoming,1970,70.17,4.33,25.5
WY,Wyoming,1971,72.47,4.46,23.08
WY,Wyoming,1972,73.71,4.86,21.43
WY,Wyoming,1973,71.41,4.78,23.81
WY,Wyoming,1974,65.51,4.27,30.23
WY,Wyoming,1975,64.03,4.19,31.78
WY,Wyoming,1976,64.74,4.25,31.02
WY,Wyoming,1977,61.27,4.78,33.95
WY,Wyoming,1978,59.75,4.73,35.52
WY,Wyoming,1979,57.95,5.62,36.43
WY,Wyoming,1980,51.3,4.09,44.61
WY,Wyoming,1981,47.68,3.61,48.71
WY,Wyoming,1982,50.35,3.29,46.36
WY,Wyoming,1983,53.21,3.12,43.67
WY,Wyoming,1984,53.54,2.88,43.58
WY,Wyoming,1985,55.96,2.68,41.36
WY,Wyoming,1986,65.32,2.83,31.84
WY,Wyoming,1987,63.2,3.0,33.8
WY,Wyoming,1988,61.44,4.45,34.11
WY,Wyoming,1989,60.52,4.05,35.42
WY,Wyoming,1990,57.96,4.43,37.6
WY,Wyoming,1991,60.91,4.63,34.47
WY,Wyoming,1992,62.26,4.31,33.43
WY,Wyoming,1993,63.32,4.53,32.15
WY,Wyoming,1994,66.4,4.66,28.94
WY,Wyoming,1995,67.45,4.67,27.88
WY,Wyoming,1996,65.04,5.98,28.99
WY,Wyoming,1997,74.17,5.84,19.99
WY,Wyoming,1998,76.46,6.28,17.26
WY,Wyoming,1999,77.78,5.62,16.6
WY,Wyoming,2000,75.26,5.68,19.07
WY,Wyoming,2001,72.61,7.09,20.3
WY,Wyoming,2002,75.61,4.99,19.4
WY,Wyoming,2003,71.9,5.41,22.69
WY,Wyoming,2004,68.75,5.58,25.67
WY,Wyoming,2005,63.24,5.48,31.28
WY,Wyoming,2006,59.36,5.79,34.85
WY,Wyoming,2007,57.99,7.78,34.23
WY,Wyoming,2008,54.14,8.0,37.87
WY,Wyoming,2009,63.64,4.29,32.07
WY,Wyoming,2010,62.95,4.52,32.53
WY,Wyoming,2011,62.0,5.18,32.81
WY,Wyoming,2012,67.27,6.49,26.24
WY,Wyoming,2013,69.39,4.76,25.85
WY,Wyoming,2014,70.7,4.13,25.17
WY,Wyoming,2015,75.92,5.73,18.35
WY,Wyoming,2016,79.94,4.49,15.57
WY,Wyoming,2017,76.4,5.28,18.32
WY,Wyoming,2018,75.29,6.48,18.24
WY,Wyoming,2019,76.14,7.14,16.73
WY,Wyoming,2020,80.89,5.19,13.92
WY,Wyoming,2021,76.55,7.32,16.14
WY,Wyoming,2022,73.1,9.49,17.41
WY,Wyoming,2023,75.91,8.54,15.55
WY,Wyoming,2024,78.99,8.3,12.71
WY,Wyoming,2025,80.72,7.7,11.57
