st,state,year,homes_and_businesses_pct,industry_pct,transportation_pct
AK,Alaska,1960,26.46,27.78,45.76
AK,Alaska,1961,23.82,30.63,45.55
AK,Alaska,1962,22.97,32.44,44.6
AK,Alaska,1963,26.12,32.61,41.26
AK,Alaska,1964,30.23,30.83,38.95
AK,Alaska,1965,32.9,26.81,40.29
AK,Alaska,1966,30.48,33.46,36.06
AK,Alaska,1967,29.68,31.37,38.95
AK,Alaska,1968,30.43,30.25,39.32
AK,Alaska,1969,30.17,33.19,36.64
AK,Alaska,1970,29.17,28.27,42.56
AK,Alaska,1971,30.3,26.85,42.85
AK,Alaska,1972,30.49,30.15,39.36
AK,Alaska,1973,31.14,32.26,36.6
AK,Alaska,1974,31.59,29.86,38.56
AK,Alaska,1975,29.61,35.7,34.69
AK,Alaska,1976,28.88,35.75,35.37
AK,Alaska,1977,27.11,40.45,32.44
AK,Alaska,1978,25.78,43.68,30.54
AK,Alaska,1979,24.34,46.71,28.94
AK,Alaska,1980,22.55,46.69,30.76
AK,Alaska,1981,25.27,37.98,36.75
AK,Alaska,1982,20.88,53.89,25.24
AK,Alaska,1983,20.29,52.96,26.75
AK,Alaska,1984,21.86,48.23,29.91
AK,Alaska,1985,21.37,45.82,32.81
AK,Alaska,1986,27.39,42.38,30.23
AK,Alaska,1987,25.49,47.36,27.15
AK,Alaska,1988,17.25,53.53,29.22
AK,Alaska,1989,16.47,53.11,30.41
AK,Alaska,1990,17.71,53.03,29.26
AK,Alaska,1991,16.8,56.98,26.23
AK,Alaska,1992,16.67,58.86,24.47
AK,Alaska,1993,17.02,57.88,25.1
AK,Alaska,1994,17.42,56.96,25.62
AK,Alaska,1995,15.63,59.38,24.99
AK,Alaska,1996,16.03,60.37,23.6
AK,Alaska,1997,15.76,57.34,26.89
AK,Alaska,1998,15.49,57.66,26.85
AK,Alaska,1999,16.5,54.68,28.82
AK,Alaska,2000,15.67,54.45,29.89
AK,Alaska,2001,15.53,56.18,28.28
AK,Alaska,2002,14.44,56.61,28.95
AK,Alaska,2003,14.23,55.44,30.33
AK,Alaska,2004,14.55,50.71,34.74
AK,Alaska,2005,13.73,52.82,33.45
AK,Alaska,2006,16.36,47.69,35.96
AK,Alaska,2007,15.43,49.64,34.93
AK,Alaska,2008,17.45,49.15,33.39
AK,Alaska,2009,17.22,52.71,30.07
AK,Alaska,2010,17.76,51.47,30.77
AK,Alaska,2011,18.66,52.01,29.33
AK,Alaska,2012,18.75,54.13,27.13
AK,Alaska,2013,17.71,56.37,25.92
AK,Alaska,2014,17.58,55.89,26.53
AK,Alaska,2015,18.56,54.38,27.05
AK,Alaska,2016,17.43,56.14,26.43
AK,Alaska,2017,17.53,56.01,26.45
AK,Alaska,2018,16.57,55.78,27.66
AK,Alaska,2019,16.37,55.96,27.67
AK,Alaska,2020,15.83,57.76,26.41
AK,Alaska,2021,15.22,56.44,28.33
AK,Alaska,2022,13.92,58.85,27.23
AK,Alaska,2023,14.15,58.55,27.3
AK,Alaska,2024,13.94,59.08,26.99
AL,Alabama,1960,20.41,58.69,20.9
AL,Alabama,1961,21.78,56.89,21.32
AL,Alabama,1962,22.51,56.43,21.07
AL,Alabama,1963,23.39,55.23,21.38
AL,Alabama,1964,22.92,57.01,20.07
AL,Alabama,1965,21.32,58.83,19.85
AL,Alabama,1966,21.39,59.0,19.6
AL,Alabama,1967,20.46,59.92,19.62
AL,Alabama,1968,22.06,57.86,20.08
AL,Alabama,1969,22.55,57.77,19.69
AL,Alabama,1970,23.09,57.01,19.9
AL,Alabama,1971,23.86,55.13,21.01
AL,Alabama,1972,23.61,55.36,21.03
AL,Alabama,1973,24.04,53.82,22.14
AL,Alabama,1974,23.66,52.86,23.49
AL,Alabama,1975,22.64,52.59,24.77
AL,Alabama,1976,23.44,51.75,24.82
AL,Alabama,1977,23.67,51.37,24.96
AL,Alabama,1978,23.58,50.92,25.5
AL,Alabama,1979,22.38,55.57,22.06
AL,Alabama,1980,23.62,54.48,21.9
AL,Alabama,1981,24.7,53.37,21.93
AL,Alabama,1982,26.64,50.39,22.96
AL,Alabama,1983,27.68,49.07,23.25
AL,Alabama,1984,25.96,51.44,22.61
AL,Alabama,1985,26.69,50.61,22.69
AL,Alabama,1986,27.67,48.39,23.94
AL,Alabama,1987,27.22,48.46,24.31
AL,Alabama,1988,27.02,49.59,23.39
AL,Alabama,1989,27.68,47.83,24.49
AL,Alabama,1990,27.48,47.65,24.87
AL,Alabama,1991,27.15,47.75,25.1
AL,Alabama,1992,26.06,49.26,24.68
AL,Alabama,1993,26.46,49.84,23.71
AL,Alabama,1994,25.3,51.0,23.69
AL,Alabama,1995,25.24,50.92,23.84
AL,Alabama,1996,26.6,50.43,22.96
AL,Alabama,1997,27.78,49.12,23.1
AL,Alabama,1998,28.68,48.3,23.02
AL,Alabama,1999,28.74,48.59,22.67
AL,Alabama,2000,29.74,47.37,22.88
AL,Alabama,2001,31.22,44.83,23.95
AL,Alabama,2002,31.54,43.85,24.61
AL,Alabama,2003,30.78,45.07,24.15
AL,Alabama,2004,29.85,45.71,24.44
AL,Alabama,2005,30.58,45.17,24.25
AL,Alabama,2006,30.95,44.86,24.19
AL,Alabama,2007,31.9,43.93,24.16
AL,Alabama,2008,32.54,43.8,23.66
AL,Alabama,2009,34.15,39.62,26.23
AL,Alabama,2010,34.98,39.95,25.08
AL,Alabama,2011,32.59,42.04,25.38
AL,Alabama,2012,30.41,44.29,25.31
AL,Alabama,2013,31.06,44.18,24.76
AL,Alabama,2014,32.02,43.88,24.1
AL,Alabama,2015,31.37,43.07,25.55
AL,Alabama,2016,30.98,42.41,26.61
AL,Alabama,2017,29.75,43.56,26.7
AL,Alabama,2018,31.09,43.37,25.54
AL,Alabama,2019,30.72,42.69,26.59
AL,Alabama,2020,30.08,42.2,27.71
AL,Alabama,2021,29.19,41.99,28.81
AL,Alabama,2022,30.38,40.72,28.9
AL,Alabama,2023,29.9,41.0,29.11
AL,Alabama,2024,30.09,40.57,29.34
AR,Arkansas,1960,27.02,47.9,25.09
AR,Arkansas,1961,26.82,46.19,26.99
AR,Arkansas,1962,26.63,47.26,26.11
AR,Arkansas,1963,26.42,47.55,26.03
AR,Arkansas,1964,26.44,48.32,25.24
AR,Arkansas,1965,26.74,48.13,25.13
AR,Arkansas,1966,30.03,45.32,24.65
AR,Arkansas,1967,29.77,46.3,23.92
AR,Arkansas,1968,30.48,44.73,24.79
AR,Arkansas,1969,30.87,45.07,24.06
AR,Arkansas,1970,31.02,44.91,24.07
AR,Arkansas,1971,29.56,45.04,25.41
AR,Arkansas,1972,29.72,43.68,26.6
AR,Arkansas,1973,28.31,45.49,26.19
AR,Arkansas,1974,28.03,44.94,27.04
AR,Arkansas,1975,32.69,39.87,27.44
AR,Arkansas,1976,31.35,42.25,26.39
AR,Arkansas,1977,31.91,42.43,25.65
AR,Arkansas,1978,31.66,41.76,26.58
AR,Arkansas,1979,31.27,45.18,23.56
AR,Arkansas,1980,31.26,44.26,24.48
AR,Arkansas,1981,27.91,46.01,26.08
AR,Arkansas,1982,30.09,42.81,27.1
AR,Arkansas,1983,32.66,41.98,25.36
AR,Arkansas,1984,31.53,41.67,26.8
AR,Arkansas,1985,31.29,42.24,26.47
AR,Arkansas,1986,31.69,40.2,28.11
AR,Arkansas,1987,33.78,36.02,30.2
AR,Arkansas,1988,31.77,39.96,28.27
AR,Arkansas,1989,30.36,42.56,27.08
AR,Arkansas,1990,31.35,41.16,27.49
AR,Arkansas,1991,32.64,39.32,28.04
AR,Arkansas,1992,30.26,42.87,26.86
AR,Arkansas,1993,31.46,42.45,26.09
AR,Arkansas,1994,30.14,43.03,26.83
AR,Arkansas,1995,30.21,43.82,25.97
AR,Arkansas,1996,30.79,43.32,25.89
AR,Arkansas,1997,29.67,44.06,26.27
AR,Arkansas,1998,30.87,43.16,25.97
AR,Arkansas,1999,30.68,42.26,27.05
AR,Arkansas,2000,32.13,41.75,26.12
AR,Arkansas,2001,33.43,40.85,25.72
AR,Arkansas,2002,33.07,40.88,26.05
AR,Arkansas,2003,33.28,40.4,26.32
AR,Arkansas,2004,33.12,39.93,26.95
AR,Arkansas,2005,34.96,38.66,26.37
AR,Arkansas,2006,34.16,39.66,26.18
AR,Arkansas,2007,34.52,39.08,26.4
AR,Arkansas,2008,35.65,38.0,26.35
AR,Arkansas,2009,36.96,35.07,27.96
AR,Arkansas,2010,37.47,36.43,26.11
AR,Arkansas,2011,36.95,37.35,25.7
AR,Arkansas,2012,36.23,37.73,26.04
AR,Arkansas,2013,37.44,37.32,25.24
AR,Arkansas,2014,37.94,36.83,25.23
AR,Arkansas,2015,37.91,35.59,26.5
AR,Arkansas,2016,36.47,36.21,27.32
AR,Arkansas,2017,35.12,37.59,27.29
AR,Arkansas,2018,37.24,36.84,25.92
AR,Arkansas,2019,36.67,36.55,26.78
AR,Arkansas,2020,36.78,36.45,26.77
AR,Arkansas,2021,36.99,36.08,26.93
AR,Arkansas,2022,37.15,36.15,26.7
AR,Arkansas,2023,35.95,36.77,27.28
AR,Arkansas,2024,35.74,37.08,27.18
AZ,Arizona,1960,39.75,17.57,42.68
AZ,Arizona,1961,32.19,26.66,41.15
AZ,Arizona,1962,28.72,29.91,41.37
AZ,Arizona,1963,29.32,30.13,40.55
AZ,Arizona,1964,32.98,26.87,40.15
AZ,Arizona,1965,30.07,31.51,38.43
AZ,Arizona,1966,29.4,32.56,38.05
AZ,Arizona,1967,31.59,28.5,39.91
AZ,Arizona,1968,30.52,27.95,41.53
AZ,Arizona,1969,31.3,28.63,40.08
AZ,Arizona,1970,31.7,29.7,38.6
AZ,Arizona,1971,33.3,28.49,38.22
AZ,Arizona,1972,33.32,28.87,37.81
AZ,Arizona,1973,34.08,28.33,37.6
AZ,Arizona,1974,34.9,29.26,35.84
AZ,Arizona,1975,36.97,26.73,36.29
AZ,Arizona,1976,37.53,27.27,35.2
AZ,Arizona,1977,36.88,27.95,35.18
AZ,Arizona,1978,35.58,27.56,36.86
AZ,Arizona,1979,34.67,29.32,36.01
AZ,Arizona,1980,37.61,25.92,36.47
AZ,Arizona,1981,35.46,29.24,35.3
AZ,Arizona,1982,38.07,25.51,36.42
AZ,Arizona,1983,38.82,24.93,36.25
AZ,Arizona,1984,39.16,24.6,36.24
AZ,Arizona,1985,40.97,22.98,36.05
AZ,Arizona,1986,40.52,23.04,36.44
AZ,Arizona,1987,43.29,19.46,37.25
AZ,Arizona,1988,43.14,20.26,36.6
AZ,Arizona,1989,44.23,20.44,35.33
AZ,Arizona,1990,44.6,19.74,35.66
AZ,Arizona,1991,44.06,19.94,36.0
AZ,Arizona,1992,43.91,20.79,35.3
AZ,Arizona,1993,43.81,19.78,36.42
AZ,Arizona,1994,44.24,19.86,35.9
AZ,Arizona,1995,43.54,21.01,35.45
AZ,Arizona,1996,44.24,20.34,35.42
AZ,Arizona,1997,44.63,20.32,35.05
AZ,Arizona,1998,45.25,18.95,35.8
AZ,Arizona,1999,45.44,18.29,36.27
AZ,Arizona,2000,47.48,16.87,35.65
AZ,Arizona,2001,47.63,15.88,36.49
AZ,Arizona,2002,47.39,15.23,37.38
AZ,Arizona,2003,47.54,14.56,37.9
AZ,Arizona,2004,46.9,15.92,37.18
AZ,Arizona,2005,47.04,15.23,37.74
AZ,Arizona,2006,47.19,15.13,37.68
AZ,Arizona,2007,48.36,14.74,36.91
AZ,Arizona,2008,48.91,15.86,35.23
AZ,Arizona,2009,50.49,14.26,35.25
AZ,Arizona,2010,48.74,14.47,36.79
AZ,Arizona,2011,48.92,15.18,35.89
AZ,Arizona,2012,49.02,15.2,35.79
AZ,Arizona,2013,49.48,14.57,35.95
AZ,Arizona,2014,47.69,16.0,36.31
AZ,Arizona,2015,47.76,15.7,36.54
AZ,Arizona,2016,47.39,15.71,36.91
AZ,Arizona,2017,47.74,15.13,37.13
AZ,Arizona,2018,47.58,14.86,37.56
AZ,Arizona,2019,47.27,14.57,38.16
AZ,Arizona,2020,49.67,14.94,35.38
AZ,Arizona,2021,47.36,14.45,38.19
AZ,Arizona,2022,49.06,14.55,36.39
AZ,Arizona,2023,49.22,14.09,36.7
AZ,Arizona,2024,49.88,13.28,36.85
CA,California,1960,28.99,34.58,36.43
CA,California,1961,29.66,33.55,36.79
CA,California,1962,30.94,32.73,36.34
CA,California,1963,30.72,33.89,35.4
CA,California,1964,30.93,34.51,34.56
CA,California,1965,31.44,33.6,34.95
CA,California,1966,31.31,33.5,35.2
CA,California,1967,31.64,33.19,35.17
CA,California,1968,31.14,33.13,35.73
CA,California,1969,31.85,33.01,35.14
CA,California,1970,32.18,33.56,34.26
CA,California,1971,33.89,31.93,34.18
CA,California,1972,33.99,32.17,33.84
CA,California,1973,33.34,32.92,33.73
CA,California,1974,33.32,33.07,33.61
CA,California,1975,35.34,31.25,33.42
CA,California,1976,34.35,31.33,34.32
CA,California,1977,33.1,31.49,35.41
CA,California,1978,33.17,29.25,37.58
CA,California,1979,34.0,30.14,35.86
CA,California,1980,34.52,28.45,37.03
CA,California,1981,35.9,26.17,37.94
CA,California,1982,37.17,25.02,37.81
CA,California,1983,35.56,26.29,38.15
CA,California,1984,34.14,28.48,37.37
CA,California,1985,35.23,28.05,36.72
CA,California,1986,34.29,27.08,38.63
CA,California,1987,34.46,27.6,37.94
CA,California,1988,35.2,25.91,38.9
CA,California,1989,35.57,25.66,38.77
CA,California,1990,34.34,25.87,39.8
CA,California,1991,34.74,26.88,38.38
CA,California,1992,34.7,27.12,38.18
CA,California,1993,34.0,26.84,39.16
CA,California,1994,33.95,26.59,39.46
CA,California,1995,32.89,25.92,41.19
CA,California,1996,32.55,26.08,41.37
CA,California,1997,32.88,27.5,39.63
CA,California,1998,34.97,26.75,38.29
CA,California,1999,34.11,26.94,38.95
CA,California,2000,33.25,26.54,40.2
CA,California,2001,34.59,26.43,38.98
CA,California,2002,34.07,24.72,41.21
CA,California,2003,34.42,24.79,40.79
CA,California,2004,34.7,24.55,40.75
CA,California,2005,33.66,23.98,42.35
CA,California,2006,33.9,23.36,42.73
CA,California,2007,34.56,23.1,42.34
CA,California,2008,36.4,23.03,40.58
CA,California,2009,36.58,22.21,41.22
CA,California,2010,36.7,22.94,40.36
CA,California,2011,37.0,23.59,39.4
CA,California,2012,36.99,23.74,39.27
CA,California,2013,35.81,25.27,38.92
CA,California,2014,35.0,25.28,39.72
CA,California,2015,34.93,24.87,40.2
CA,California,2016,33.68,24.59,41.73
CA,California,2017,33.15,24.02,42.83
CA,California,2018,33.84,23.97,42.19
CA,California,2019,33.59,23.64,42.77
CA,California,2020,37.57,25.31,37.12
CA,California,2021,35.12,23.56,41.32
CA,California,2022,35.0,22.46,42.54
CA,California,2023,34.1,21.4,44.5
CA,California,2024,34.02,20.61,45.37
CO,Colorado,1960,34.32,40.63,25.05
CO,Colorado,1961,33.36,41.33,25.31
CO,Colorado,1962,34.37,38.91,26.72
CO,Colorado,1963,32.71,39.03,28.26
CO,Colorado,1964,35.24,37.41,27.36
CO,Colorado,1965,35.43,36.78,27.79
CO,Colorado,1966,38.32,33.4,28.28
CO,Colorado,1967,36.67,34.94,28.39
CO,Colorado,1968,36.97,34.82,28.21
CO,Colorado,1969,37.86,33.41,28.73
CO,Colorado,1970,38.11,32.49,29.4
CO,Colorado,1971,39.44,30.09,30.47
CO,Colorado,1972,38.88,30.87,30.25
CO,Colorado,1973,39.45,30.73,29.82
CO,Colorado,1974,39.28,30.65,30.07
CO,Colorado,1975,39.08,29.9,31.02
CO,Colorado,1976,38.21,30.44,31.35
CO,Colorado,1977,36.9,31.15,31.96
CO,Colorado,1978,36.75,29.68,33.57
CO,Colorado,1979,37.75,30.01,32.24
CO,Colorado,1980,39.33,29.99,30.68
CO,Colorado,1981,41.83,26.83,31.33
CO,Colorado,1982,46.22,21.7,32.08
CO,Colorado,1983,48.26,19.97,31.77
CO,Colorado,1984,47.06,21.22,31.71
CO,Colorado,1985,47.47,19.73,32.8
CO,Colorado,1986,45.55,21.11,33.34
CO,Colorado,1987,46.05,20.7,33.26
CO,Colorado,1988,47.16,21.88,30.96
CO,Colorado,1989,47.73,22.45,29.82
CO,Colorado,1990,48.38,22.54,29.08
CO,Colorado,1991,48.62,23.46,27.92
CO,Colorado,1992,47.96,23.8,28.24
CO,Colorado,1993,47.21,23.88,28.91
CO,Colorado,1994,44.65,26.1,29.25
CO,Colorado,1995,45.02,25.27,29.71
CO,Colorado,1996,45.5,25.34,29.16
CO,Colorado,1997,45.92,24.94,29.14
CO,Colorado,1998,44.76,26.18,29.06
CO,Colorado,1999,46.16,23.49,30.35
CO,Colorado,2000,46.26,24.63,29.11
CO,Colorado,2001,43.89,27.67,28.44
CO,Colorado,2002,45.76,26.03,28.21
CO,Colorado,2003,45.1,27.11,27.79
CO,Colorado,2004,43.07,26.93,30.0
CO,Colorado,2005,43.17,27.03,29.8
CO,Colorado,2006,42.49,27.33,30.17
CO,Colorado,2007,42.47,27.33,30.2
CO,Colorado,2008,42.97,27.75,29.27
CO,Colorado,2009,42.74,28.3,28.96
CO,Colorado,2010,41.45,30.09,28.45
CO,Colorado,2011,42.4,28.56,29.04
CO,Colorado,2012,41.27,29.24,29.48
CO,Colorado,2013,42.79,28.19,29.03
CO,Colorado,2014,41.37,28.99,29.63
CO,Colorado,2015,41.21,29.48,29.31
CO,Colorado,2016,41.84,27.28,30.88
CO,Colorado,2017,41.26,27.65,31.09
CO,Colorado,2018,41.09,27.83,31.08
CO,Colorado,2019,41.82,27.14,31.04
CO,Colorado,2020,43.02,28.87,28.11
CO,Colorado,2021,41.83,26.9,31.28
CO,Colorado,2022,41.05,26.14,32.81
CO,Colorado,2023,41.23,26.09,32.67
CO,Colorado,2024,40.89,25.97,33.14
CT,Connecticut,1960,43.05,33.4,23.55
CT,Connecticut,1961,42.74,32.46,24.8
CT,Connecticut,1962,41.55,33.46,24.99
CT,Connecticut,1963,41.6,33.08,25.32
CT,Connecticut,1964,39.15,35.86,25.0
CT,Connecticut,1965,40.49,34.16,25.35
CT,Connecticut,1966,38.21,36.51,25.28
CT,Connecticut,1967,38.93,35.45,25.62
CT,Connecticut,1968,40.37,32.92,26.71
CT,Connecticut,1969,41.45,31.57,26.98
CT,Connecticut,1970,43.35,29.55,27.11
CT,Connecticut,1971,45.33,26.77,27.9
CT,Connecticut,1972,45.89,26.13,27.97
CT,Connecticut,1973,44.87,27.23,27.9
CT,Connecticut,1974,45.52,25.75,28.73
CT,Connecticut,1975,45.83,24.71,29.46
CT,Connecticut,1976,45.62,26.46,27.92
CT,Connecticut,1977,45.62,26.5,27.88
CT,Connecticut,1978,45.38,27.14,27.48
CT,Connecticut,1979,49.85,23.69,26.46
CT,Connecticut,1980,49.03,24.83,26.14
CT,Connecticut,1981,51.85,21.33,26.82
CT,Connecticut,1982,51.15,21.21,27.64
CT,Connecticut,1983,51.36,20.36,28.28
CT,Connecticut,1984,51.04,20.75,28.2
CT,Connecticut,1985,51.23,20.76,28.01
CT,Connecticut,1986,52.62,19.48,27.89
CT,Connecticut,1987,52.32,19.59,28.09
CT,Connecticut,1988,53.53,18.65,27.82
CT,Connecticut,1989,55.61,16.79,27.6
CT,Connecticut,1990,56.35,17.05,26.61
CT,Connecticut,1991,56.06,17.51,26.43
CT,Connecticut,1992,57.55,16.97,25.47
CT,Connecticut,1993,57.12,16.91,25.97
CT,Connecticut,1994,57.69,16.51,25.8
CT,Connecticut,1995,57.24,16.89,25.87
CT,Connecticut,1996,57.29,16.32,26.39
CT,Connecticut,1997,57.09,16.05,26.86
CT,Connecticut,1998,57.01,15.34,27.65
CT,Connecticut,1999,57.04,14.61,28.35
CT,Connecticut,2000,58.15,14.75,27.1
CT,Connecticut,2001,57.5,13.74,28.76
CT,Connecticut,2002,57.64,13.19,29.17
CT,Connecticut,2003,58.39,13.63,27.99
CT,Connecticut,2004,55.67,12.82,31.51
CT,Connecticut,2005,56.36,13.52,30.12
CT,Connecticut,2006,54.97,13.57,31.46
CT,Connecticut,2007,56.57,12.74,30.69
CT,Connecticut,2008,58.03,10.44,31.53
CT,Connecticut,2009,57.31,11.37,31.32
CT,Connecticut,2010,57.3,11.53,31.17
CT,Connecticut,2011,56.7,11.59,31.71
CT,Connecticut,2012,57.04,11.46,31.49
CT,Connecticut,2013,57.94,11.82,30.24
CT,Connecticut,2014,58.44,11.45,30.11
CT,Connecticut,2015,59.49,10.39,30.13
CT,Connecticut,2016,57.31,10.93,31.76
CT,Connecticut,2017,57.15,10.78,32.07
CT,Connecticut,2018,58.13,10.22,31.65
CT,Connecticut,2019,57.84,10.19,31.98
CT,Connecticut,2020,59.68,10.67,29.65
CT,Connecticut,2021,59.95,9.31,30.74
CT,Connecticut,2022,58.75,9.78,31.47
CT,Connecticut,2023,58.7,9.71,31.59
CT,Connecticut,2024,58.27,9.45,32.29
DC,District of Columbia,1960,47.02,28.12,24.86
DC,District of Columbia,1961,46.09,27.96,25.94
DC,District of Columbia,1962,47.87,26.66,25.47
DC,District of Columbia,1963,49.67,24.95,25.38
DC,District of Columbia,1964,50.61,25.0,24.39
DC,District of Columbia,1965,51.11,26.89,22.0
DC,District of Columbia,1966,49.6,29.82,20.58
DC,District of Columbia,1967,52.52,29.05,18.43
DC,District of Columbia,1968,54.23,27.06,18.71
DC,District of Columbia,1969,52.61,30.1,17.3
DC,District of Columbia,1970,52.89,30.61,16.5
DC,District of Columbia,1971,52.54,30.14,17.31
DC,District of Columbia,1972,52.71,28.82,18.47
DC,District of Columbia,1973,51.59,27.69,20.72
DC,District of Columbia,1974,50.97,24.85,24.18
DC,District of Columbia,1975,50.86,25.39,23.75
DC,District of Columbia,1976,50.93,25.0,24.07
DC,District of Columbia,1977,49.06,27.17,23.77
DC,District of Columbia,1978,50.93,26.24,22.82
DC,District of Columbia,1979,51.1,28.22,20.68
DC,District of Columbia,1980,54.19,27.2,18.6
DC,District of Columbia,1981,52.21,27.38,20.41
DC,District of Columbia,1982,52.21,23.66,24.13
DC,District of Columbia,1983,57.05,24.16,18.79
DC,District of Columbia,1984,66.33,16.01,17.66
DC,District of Columbia,1985,65.28,17.02,17.7
DC,District of Columbia,1986,65.33,16.53,18.14
DC,District of Columbia,1987,65.96,16.98,17.06
DC,District of Columbia,1988,64.87,17.55,17.58
DC,District of Columbia,1989,64.97,18.19,16.84
DC,District of Columbia,1990,65.02,19.82,15.16
DC,District of Columbia,1991,65.83,19.46,14.71
DC,District of Columbia,1992,66.08,19.14,14.78
DC,District of Columbia,1993,67.0,18.57,14.43
DC,District of Columbia,1994,83.57,2.02,14.41
DC,District of Columbia,1995,83.93,1.91,14.16
DC,District of Columbia,1996,83.97,1.81,14.22
DC,District of Columbia,1997,83.28,2.0,14.73
DC,District of Columbia,1998,83.84,1.93,14.23
DC,District of Columbia,1999,83.46,2.17,14.36
DC,District of Columbia,2000,83.77,1.96,14.27
DC,District of Columbia,2001,84.11,2.29,13.6
DC,District of Columbia,2002,84.9,2.27,12.82
DC,District of Columbia,2003,84.11,2.46,13.43
DC,District of Columbia,2004,84.06,2.24,13.7
DC,District of Columbia,2005,86.07,2.0,11.93
DC,District of Columbia,2006,86.2,2.05,11.76
DC,District of Columbia,2007,86.69,2.14,11.16
DC,District of Columbia,2008,87.55,1.97,10.48
DC,District of Columbia,2009,85.3,3.89,10.81
DC,District of Columbia,2010,85.77,3.9,10.33
DC,District of Columbia,2011,84.18,3.82,12.0
DC,District of Columbia,2012,84.3,4.19,11.51
DC,District of Columbia,2013,84.26,4.21,11.53
DC,District of Columbia,2014,83.7,4.17,12.13
DC,District of Columbia,2015,84.16,4.02,11.82
DC,District of Columbia,2016,83.75,3.46,12.79
DC,District of Columbia,2017,84.8,3.54,11.66
DC,District of Columbia,2018,84.36,3.33,12.31
DC,District of Columbia,2019,83.31,3.03,13.67
DC,District of Columbia,2020,84.05,3.52,12.43
DC,District of Columbia,2021,83.15,4.11,12.74
DC,District of Columbia,2022,83.75,3.7,12.55
DC,District of Columbia,2023,83.97,3.17,12.86
DC,District of Columbia,2024,83.11,3.36,13.52
DE,Delaware,1960,29.18,42.37,28.45
DE,Delaware,1961,28.74,41.46,29.81
DE,Delaware,1962,28.87,44.74,26.39
DE,Delaware,1963,29.64,45.05,25.31
DE,Delaware,1964,28.67,45.62,25.71
DE,Delaware,1965,29.51,46.43,24.06
DE,Delaware,1966,29.9,46.65,23.45
DE,Delaware,1967,29.55,45.67,24.79
DE,Delaware,1968,28.68,45.66,25.66
DE,Delaware,1969,28.91,46.45,24.64
DE,Delaware,1970,30.51,45.96,23.53
DE,Delaware,1971,31.12,45.37,23.51
DE,Delaware,1972,31.25,45.23,23.52
DE,Delaware,1973,30.3,46.01,23.7
DE,Delaware,1974,29.22,45.18,25.59
DE,Delaware,1975,32.13,41.97,25.9
DE,Delaware,1976,32.77,41.45,25.78
DE,Delaware,1977,33.86,40.64,25.5
DE,Delaware,1978,32.66,42.46,24.89
DE,Delaware,1979,35.09,42.98,21.93
DE,Delaware,1980,38.34,38.87,22.79
DE,Delaware,1981,36.2,36.85,26.95
DE,Delaware,1982,35.17,37.48,27.36
DE,Delaware,1983,30.54,40.52,28.94
DE,Delaware,1984,32.15,40.99,26.86
DE,Delaware,1985,32.75,40.06,27.19
DE,Delaware,1986,31.98,39.46,28.55
DE,Delaware,1987,33.73,36.9,29.37
DE,Delaware,1988,35.15,36.79,28.06
DE,Delaware,1989,35.18,36.93,27.89
DE,Delaware,1990,34.49,40.44,25.06
DE,Delaware,1991,36.86,35.5,27.64
DE,Delaware,1992,35.57,39.44,24.99
DE,Delaware,1993,35.12,39.37,25.5
DE,Delaware,1994,35.44,40.36,24.2
DE,Delaware,1995,36.52,40.6,22.87
DE,Delaware,1996,37.22,38.38,24.4
DE,Delaware,1997,37.38,38.7,23.92
DE,Delaware,1998,37.44,38.42,24.14
DE,Delaware,1999,37.72,38.3,23.98
DE,Delaware,2000,39.84,36.98,23.18
DE,Delaware,2001,38.74,38.74,22.52
DE,Delaware,2002,40.56,36.92,22.52
DE,Delaware,2003,41.39,36.19,22.42
DE,Delaware,2004,43.02,32.99,23.99
DE,Delaware,2005,42.9,32.7,24.4
DE,Delaware,2006,41.87,32.07,26.06
DE,Delaware,2007,43.42,30.89,25.69
DE,Delaware,2008,44.35,30.97,24.68
DE,Delaware,2009,50.38,22.68,26.93
DE,Delaware,2010,50.48,18.92,30.6
DE,Delaware,2011,43.87,29.92,26.21
DE,Delaware,2012,41.44,32.68,25.87
DE,Delaware,2013,42.82,32.47,24.71
DE,Delaware,2014,43.69,31.32,24.99
DE,Delaware,2015,42.6,31.49,25.91
DE,Delaware,2016,40.98,31.66,27.36
DE,Delaware,2017,40.64,30.29,29.07
DE,Delaware,2018,42.62,28.79,28.6
DE,Delaware,2019,41.38,28.85,29.77
DE,Delaware,2020,40.57,31.72,27.71
DE,Delaware,2021,41.57,29.96,28.46
DE,Delaware,2022,42.55,29.28,28.17
DE,Delaware,2023,40.57,29.39,30.04
DE,Delaware,2024,43.76,26.44,29.79
FL,Florida,1960,27.56,28.02,44.42
FL,Florida,1961,27.91,28.36,43.73
FL,Florida,1962,27.77,27.83,44.39
FL,Florida,1963,29.2,27.58,43.22
FL,Florida,1964,30.05,27.3,42.64
FL,Florida,1965,29.34,28.02,42.63
FL,Florida,1966,30.42,28.01,41.57
FL,Florida,1967,31.72,26.09,42.19
FL,Florida,1968,32.6,25.11,42.29
FL,Florida,1969,34.39,23.82,41.79
FL,Florida,1970,36.35,23.46,40.18
FL,Florida,1971,36.9,23.08,40.02
FL,Florida,1972,37.18,22.01,40.82
FL,Florida,1973,37.85,21.89,40.26
FL,Florida,1974,38.97,20.95,40.09
FL,Florida,1975,38.9,20.76,40.34
FL,Florida,1976,38.86,21.92,39.22
FL,Florida,1977,38.94,22.37,38.69
FL,Florida,1978,38.69,22.24,39.07
FL,Florida,1979,36.97,23.19,39.84
FL,Florida,1980,38.11,22.72,39.17
FL,Florida,1981,40.01,20.2,39.79
FL,Florida,1982,41.36,17.93,40.71
FL,Florida,1983,42.0,17.94,40.06
FL,Florida,1984,43.52,18.59,37.89
FL,Florida,1985,45.57,17.61,36.82
FL,Florida,1986,46.02,16.3,37.68
FL,Florida,1987,45.99,15.63,38.38
FL,Florida,1988,45.81,16.05,38.13
FL,Florida,1989,46.83,16.91,36.25
FL,Florida,1990,49.06,16.21,34.73
FL,Florida,1991,50.52,16.18,33.3
FL,Florida,1992,49.77,16.56,33.67
FL,Florida,1993,49.76,17.28,32.96
FL,Florida,1994,49.07,16.82,34.11
FL,Florida,1995,49.83,16.56,33.6
FL,Florida,1996,50.11,16.67,33.21
FL,Florida,1997,50.01,15.8,34.19
FL,Florida,1998,51.71,14.94,33.36
FL,Florida,1999,51.22,14.86,33.92
FL,Florida,2000,51.74,13.74,34.52
FL,Florida,2001,52.05,13.79,34.16
FL,Florida,2002,53.24,12.74,34.02
FL,Florida,2003,53.55,13.0,33.45
FL,Florida,2004,52.11,12.2,35.68
FL,Florida,2005,51.79,12.13,36.09
FL,Florida,2006,51.27,12.34,36.38
FL,Florida,2007,51.83,11.9,36.27
FL,Florida,2008,52.62,12.16,35.22
FL,Florida,2009,54.05,11.35,34.59
FL,Florida,2010,52.23,11.65,36.12
FL,Florida,2011,51.61,11.5,36.89
FL,Florida,2012,51.06,11.68,37.26
FL,Florida,2013,51.03,11.64,37.33
FL,Florida,2014,51.42,11.22,37.37
FL,Florida,2015,51.2,11.41,37.4
FL,Florida,2016,50.74,11.33,37.93
FL,Florida,2017,49.66,11.34,39.01
FL,Florida,2018,48.94,10.93,40.13
FL,Florida,2019,48.73,11.05,40.21
FL,Florida,2020,52.51,11.61,35.88
FL,Florida,2021,49.15,11.45,39.4
FL,Florida,2022,48.73,11.06,40.21
FL,Florida,2023,48.37,10.37,41.25
FL,Florida,2024,48.33,10.11,41.56
GA,Georgia,1960,32.07,37.35,30.58
GA,Georgia,1961,31.97,37.71,30.33
GA,Georgia,1962,31.29,38.37,30.34
GA,Georgia,1963,31.21,38.18,30.61
GA,Georgia,1964,31.06,39.06,29.88
GA,Georgia,1965,29.91,41.18,28.92
GA,Georgia,1966,29.86,40.99,29.15
GA,Georgia,1967,29.33,39.87,30.8
GA,Georgia,1968,30.04,38.47,31.49
GA,Georgia,1969,30.85,37.46,31.7
GA,Georgia,1970,31.48,36.23,32.29
GA,Georgia,1971,31.16,35.74,33.1
GA,Georgia,1972,30.46,36.39,33.15
GA,Georgia,1973,29.99,36.35,33.66
GA,Georgia,1974,30.0,36.22,33.78
GA,Georgia,1975,32.75,33.38,33.87
GA,Georgia,1976,32.87,33.34,33.78
GA,Georgia,1977,34.62,32.13,33.25
GA,Georgia,1978,32.66,33.68,33.66
GA,Georgia,1979,30.45,35.69,33.86
GA,Georgia,1980,32.4,34.67,32.93
GA,Georgia,1981,33.04,34.08,32.88
GA,Georgia,1982,33.66,32.96,33.38
GA,Georgia,1983,33.24,33.52,33.23
GA,Georgia,1984,33.72,34.09,32.18
GA,Georgia,1985,33.2,35.29,31.51
GA,Georgia,1986,34.39,32.74,32.86
GA,Georgia,1987,34.53,32.28,33.2
GA,Georgia,1988,34.63,32.17,33.2
GA,Georgia,1989,34.61,34.18,31.21
GA,Georgia,1990,33.27,35.54,31.18
GA,Georgia,1991,34.16,35.29,30.55
GA,Georgia,1992,34.63,35.22,30.15
GA,Georgia,1993,35.36,33.4,31.24
GA,Georgia,1994,34.5,34.06,31.44
GA,Georgia,1995,35.51,33.86,30.63
GA,Georgia,1996,36.08,33.31,30.61
GA,Georgia,1997,36.29,34.08,29.64
GA,Georgia,1998,37.21,32.52,30.27
GA,Georgia,1999,36.66,32.4,30.94
GA,Georgia,2000,39.15,31.23,29.63
GA,Georgia,2001,39.34,29.98,30.68
GA,Georgia,2002,38.68,31.77,29.56
GA,Georgia,2003,39.7,29.92,30.37
GA,Georgia,2004,40.1,29.72,30.18
GA,Georgia,2005,40.12,28.52,31.36
GA,Georgia,2006,40.47,28.55,30.98
GA,Georgia,2007,42.02,27.73,30.25
GA,Georgia,2008,44.02,26.39,29.6
GA,Georgia,2009,43.54,24.29,32.18
GA,Georgia,2010,44.18,24.11,31.71
GA,Georgia,2011,42.8,24.85,32.35
GA,Georgia,2012,42.07,25.5,32.43
GA,Georgia,2013,41.41,25.9,32.69
GA,Georgia,2014,42.93,26.26,30.81
GA,Georgia,2015,41.51,26.17,32.32
GA,Georgia,2016,42.41,26.18,31.4
GA,Georgia,2017,40.44,25.98,33.58
GA,Georgia,2018,42.25,25.69,32.07
GA,Georgia,2019,41.82,25.93,32.26
GA,Georgia,2020,42.61,26.33,31.06
GA,Georgia,2021,42.27,26.55,31.18
GA,Georgia,2022,43.11,26.13,30.76
GA,Georgia,2023,41.92,25.06,33.02
GA,Georgia,2024,44.0,24.41,31.59
HI,Hawaii,1960,13.01,21.71,65.28
HI,Hawaii,1961,11.28,23.54,65.18
HI,Hawaii,1962,12.39,26.48,61.13
HI,Hawaii,1963,13.02,26.1,60.88
HI,Hawaii,1964,13.15,25.81,61.04
HI,Hawaii,1965,12.95,26.21,60.84
HI,Hawaii,1966,12.48,24.26,63.26
HI,Hawaii,1967,12.26,23.3,64.44
HI,Hawaii,1968,11.96,21.06,66.98
HI,Hawaii,1969,12.97,21.22,65.81
HI,Hawaii,1970,14.22,21.89,63.89
HI,Hawaii,1971,13.83,20.38,65.78
HI,Hawaii,1972,14.86,22.38,62.77
HI,Hawaii,1973,14.97,22.05,62.98
HI,Hawaii,1974,15.87,23.28,60.84
HI,Hawaii,1975,15.64,23.29,61.07
HI,Hawaii,1976,16.68,23.3,60.02
HI,Hawaii,1977,16.59,22.68,60.73
HI,Hawaii,1978,16.59,22.23,61.18
HI,Hawaii,1979,16.05,22.87,61.08
HI,Hawaii,1980,15.67,28.27,56.05
HI,Hawaii,1981,16.51,30.94,52.55
HI,Hawaii,1982,16.73,36.28,47.0
HI,Hawaii,1983,16.87,29.68,53.45
HI,Hawaii,1984,16.38,27.8,55.83
HI,Hawaii,1985,15.41,26.94,57.66
HI,Hawaii,1986,16.87,31.19,51.94
HI,Hawaii,1987,18.34,31.77,49.9
HI,Hawaii,1988,20.71,30.53,48.77
HI,Hawaii,1989,19.8,30.2,49.99
HI,Hawaii,1990,21.12,30.68,48.2
HI,Hawaii,1991,18.58,30.06,51.36
HI,Hawaii,1992,22.31,30.5,47.19
HI,Hawaii,1993,21.2,32.51,46.28
HI,Hawaii,1994,21.73,31.12,47.15
HI,Hawaii,1995,21.98,31.12,46.9
HI,Hawaii,1996,23.12,33.56,43.33
HI,Hawaii,1997,24.51,32.24,43.25
HI,Hawaii,1998,28.44,29.28,42.29
HI,Hawaii,1999,25.17,28.77,46.06
HI,Hawaii,2000,25.47,28.32,46.21
HI,Hawaii,2001,25.24,25.53,49.23
HI,Hawaii,2002,25.89,24.7,49.4
HI,Hawaii,2003,22.85,22.72,54.43
HI,Hawaii,2004,23.26,21.75,54.99
HI,Hawaii,2005,22.33,22.15,55.53
HI,Hawaii,2006,22.43,21.7,55.87
HI,Hawaii,2007,21.59,20.22,58.18
HI,Hawaii,2008,26.41,23.59,50.0
HI,Hawaii,2009,26.35,24.87,48.78
HI,Hawaii,2010,23.95,22.69,53.35
HI,Hawaii,2011,23.67,22.11,54.22
HI,Hawaii,2012,22.84,21.71,55.45
HI,Hawaii,2013,22.38,21.54,56.08
HI,Hawaii,2014,23.03,21.76,55.21
HI,Hawaii,2015,22.77,21.4,55.83
HI,Hawaii,2016,22.79,20.94,56.27
HI,Hawaii,2017,22.88,19.61,57.51
HI,Hawaii,2018,22.99,18.37,58.64
HI,Hawaii,2019,23.1,18.24,58.65
HI,Hawaii,2020,30.01,20.4,49.59
HI,Hawaii,2021,26.14,18.24,55.61
HI,Hawaii,2022,24.74,17.7,57.57
HI,Hawaii,2023,23.85,17.22,58.93
HI,Hawaii,2024,23.95,16.97,59.08
IA,Iowa,1960,37.54,36.83,25.63
IA,Iowa,1961,38.27,36.59,25.14
IA,Iowa,1962,39.18,35.68,25.13
IA,Iowa,1963,38.15,36.61,25.24
IA,Iowa,1964,37.39,37.95,24.66
IA,Iowa,1965,38.13,38.08,23.78
IA,Iowa,1966,38.23,36.65,25.11
IA,Iowa,1967,37.58,37.32,25.11
IA,Iowa,1968,37.72,36.61,25.67
IA,Iowa,1969,38.08,36.14,25.78
IA,Iowa,1970,38.36,36.34,25.3
IA,Iowa,1971,37.95,34.72,27.34
IA,Iowa,1972,38.39,34.56,27.05
IA,Iowa,1973,36.23,36.53,27.24
IA,Iowa,1974,36.83,36.48,26.69
IA,Iowa,1975,38.78,34.14,27.08
IA,Iowa,1976,37.28,35.8,26.91
IA,Iowa,1977,37.48,35.38,27.14
IA,Iowa,1978,37.84,34.45,27.71
IA,Iowa,1979,38.27,36.22,25.51
IA,Iowa,1980,36.73,38.47,24.8
IA,Iowa,1981,36.81,39.21,23.98
IA,Iowa,1982,39.02,36.42,24.56
IA,Iowa,1983,39.45,35.68,24.87
IA,Iowa,1984,37.6,37.33,25.06
IA,Iowa,1985,36.96,37.64,25.4
IA,Iowa,1986,35.04,40.12,24.84
IA,Iowa,1987,33.1,41.18,25.72
IA,Iowa,1988,34.2,41.31,24.5
IA,Iowa,1989,35.43,38.76,25.81
IA,Iowa,1990,35.82,39.16,25.02
IA,Iowa,1991,37.2,39.47,23.33
IA,Iowa,1992,35.21,41.36,23.43
IA,Iowa,1993,36.11,41.46,22.43
IA,Iowa,1994,34.24,42.45,23.31
IA,Iowa,1995,34.53,42.14,23.33
IA,Iowa,1996,34.66,41.47,23.87
IA,Iowa,1997,34.82,41.6,23.58
IA,Iowa,1998,33.23,42.62,24.15
IA,Iowa,1999,33.89,43.05,23.06
IA,Iowa,2000,34.38,42.79,22.84
IA,Iowa,2001,35.31,41.39,23.3
IA,Iowa,2002,35.63,40.83,23.54
IA,Iowa,2003,36.21,39.91,23.88
IA,Iowa,2004,33.41,42.56,24.03
IA,Iowa,2005,32.92,43.21,23.87
IA,Iowa,2006,32.14,43.86,24.0
IA,Iowa,2007,31.69,45.2,23.11
IA,Iowa,2008,31.65,46.69,21.66
IA,Iowa,2009,30.36,48.29,21.34
IA,Iowa,2010,29.26,49.6,21.14
IA,Iowa,2011,28.82,49.85,21.33
IA,Iowa,2012,27.74,50.78,21.48
IA,Iowa,2013,29.05,50.19,20.76
IA,Iowa,2014,28.58,50.11,21.32
IA,Iowa,2015,26.48,52.2,21.32
IA,Iowa,2016,25.07,52.56,22.37
IA,Iowa,2017,23.87,55.37,20.76
IA,Iowa,2018,25.33,54.67,20.0
IA,Iowa,2019,24.95,54.79,20.26
IA,Iowa,2020,23.91,55.53,20.55
IA,Iowa,2021,23.5,55.17,21.33
IA,Iowa,2022,24.72,54.33,20.95
IA,Iowa,2023,22.45,56.65,20.9
IA,Iowa,2024,21.13,57.39,21.48
ID,Idaho,1960,31.89,44.78,23.33
ID,Idaho,1961,32.06,46.29,21.65
ID,Idaho,1962,32.06,45.84,22.1
ID,Idaho,1963,32.01,46.44,21.55
ID,Idaho,1964,31.34,48.01,20.65
ID,Idaho,1965,28.85,49.04,22.11
ID,Idaho,1966,29.53,47.58,22.89
ID,Idaho,1967,29.8,48.8,21.4
ID,Idaho,1968,29.26,50.33,20.41
ID,Idaho,1969,28.88,49.05,22.07
ID,Idaho,1970,27.8,48.96,23.24
ID,Idaho,1971,29.95,47.1,22.95
ID,Idaho,1972,30.28,46.79,22.93
ID,Idaho,1973,30.8,45.97,23.24
ID,Idaho,1974,30.84,46.12,23.05
ID,Idaho,1975,36.04,40.94,23.02
ID,Idaho,1976,36.11,39.65,24.24
ID,Idaho,1977,37.87,37.34,24.79
ID,Idaho,1978,34.87,39.09,26.04
ID,Idaho,1979,36.24,36.87,26.89
ID,Idaho,1980,36.88,38.23,24.89
ID,Idaho,1981,37.29,40.62,22.09
ID,Idaho,1982,39.45,38.01,22.54
ID,Idaho,1983,38.35,38.95,22.7
ID,Idaho,1984,39.71,36.79,23.49
ID,Idaho,1985,40.58,35.98,23.45
ID,Idaho,1986,39.2,36.25,24.55
ID,Idaho,1987,37.45,37.88,24.67
ID,Idaho,1988,38.4,37.84,23.76
ID,Idaho,1989,37.24,39.81,22.95
ID,Idaho,1990,33.26,40.07,26.67
ID,Idaho,1991,34.46,40.23,25.31
ID,Idaho,1992,35.49,40.34,24.17
ID,Idaho,1993,33.86,38.68,27.47
ID,Idaho,1994,34.9,38.87,26.23
ID,Idaho,1995,31.59,39.8,28.61
ID,Idaho,1996,31.35,40.64,28.01
ID,Idaho,1997,30.89,40.08,29.03
ID,Idaho,1998,31.35,40.45,28.2
ID,Idaho,1999,32.58,39.03,28.39
ID,Idaho,2000,35.39,37.97,26.65
ID,Idaho,2001,36.76,36.25,26.99
ID,Idaho,2002,37.5,34.01,28.49
ID,Idaho,2003,35.25,36.19,28.56
ID,Idaho,2004,34.8,37.57,27.63
ID,Idaho,2005,36.33,36.48,27.18
ID,Idaho,2006,35.89,34.82,29.29
ID,Idaho,2007,37.01,34.5,28.48
ID,Idaho,2008,38.83,34.68,26.49
ID,Idaho,2009,38.47,32.84,28.69
ID,Idaho,2010,35.61,34.19,30.2
ID,Idaho,2011,35.36,33.4,31.24
ID,Idaho,2012,34.67,34.23,31.1
ID,Idaho,2013,37.07,32.78,30.15
ID,Idaho,2014,35.41,33.19,31.4
ID,Idaho,2015,35.64,31.49,32.87
ID,Idaho,2016,35.39,30.28,34.33
ID,Idaho,2017,36.33,29.28,34.39
ID,Idaho,2018,35.25,29.71,35.03
ID,Idaho,2019,36.71,28.42,34.87
ID,Idaho,2020,35.73,30.04,34.23
ID,Idaho,2021,35.99,29.5,34.5
ID,Idaho,2022,37.79,28.97,33.24
ID,Idaho,2023,37.19,28.27,34.54
ID,Idaho,2024,38.62,28.33,33.04
IL,Illinois,1960,35.22,44.38,20.4
IL,Illinois,1961,35.9,43.8,20.3
IL,Illinois,1962,36.79,43.16,20.05
IL,Illinois,1963,36.11,43.03,20.87
IL,Illinois,1964,36.01,43.59,20.4
IL,Illinois,1965,36.46,43.35,20.19
IL,Illinois,1966,37.37,42.39,20.24
IL,Illinois,1967,37.64,41.43,20.93
IL,Illinois,1968,37.17,41.18,21.65
IL,Illinois,1969,37.94,40.67,21.39
IL,Illinois,1970,37.95,40.13,21.92
IL,Illinois,1971,38.96,38.71,22.33
IL,Illinois,1972,38.66,38.27,23.07
IL,Illinois,1973,37.17,39.3,23.54
IL,Illinois,1974,38.04,39.06,22.9
IL,Illinois,1975,39.58,36.9,23.52
IL,Illinois,1976,40.35,36.22,23.43
IL,Illinois,1977,40.66,35.85,23.49
IL,Illinois,1978,40.8,35.43,23.78
IL,Illinois,1979,39.38,37.12,23.5
IL,Illinois,1980,40.35,37.32,22.33
IL,Illinois,1981,42.18,35.18,22.64
IL,Illinois,1982,44.01,32.71,23.28
IL,Illinois,1983,43.22,33.37,23.41
IL,Illinois,1984,44.6,34.61,20.79
IL,Illinois,1985,43.07,35.04,21.89
IL,Illinois,1986,42.11,36.07,21.81
IL,Illinois,1987,41.18,37.16,21.66
IL,Illinois,1988,42.17,36.16,21.67
IL,Illinois,1989,43.92,33.4,22.68
IL,Illinois,1990,43.87,34.3,21.83
IL,Illinois,1991,45.2,34.14,20.65
IL,Illinois,1992,43.85,34.95,21.19
IL,Illinois,1993,44.7,33.96,21.35
IL,Illinois,1994,44.31,34.97,20.72
IL,Illinois,1995,45.16,34.25,20.59
IL,Illinois,1996,45.48,33.76,20.77
IL,Illinois,1997,44.54,34.28,21.18
IL,Illinois,1998,43.57,34.32,22.11
IL,Illinois,1999,43.87,32.78,23.35
IL,Illinois,2000,44.95,31.02,24.03
IL,Illinois,2001,45.48,30.48,24.04
IL,Illinois,2002,46.84,30.01,23.15
IL,Illinois,2003,45.36,30.47,24.17
IL,Illinois,2004,43.44,31.39,25.17
IL,Illinois,2005,43.27,29.93,26.8
IL,Illinois,2006,43.34,30.15,26.51
IL,Illinois,2007,44.14,29.87,25.99
IL,Illinois,2008,45.18,29.96,24.87
IL,Illinois,2009,45.97,28.46,25.57
IL,Illinois,2010,44.56,30.69,24.75
IL,Illinois,2011,44.43,30.91,24.66
IL,Illinois,2012,43.48,31.84,24.68
IL,Illinois,2013,45.03,30.81,24.16
IL,Illinois,2014,45.08,30.56,24.35
IL,Illinois,2015,43.53,30.14,26.33
IL,Illinois,2016,43.56,30.17,26.27
IL,Illinois,2017,43.03,30.31,26.65
IL,Illinois,2018,44.84,29.35,25.81
IL,Illinois,2019,44.69,29.76,25.55
IL,Illinois,2020,46.07,31.44,22.49
IL,Illinois,2021,45.17,30.55,24.29
IL,Illinois,2022,45.67,30.25,24.08
IL,Illinois,2023,43.5,31.1,25.4
IL,Illinois,2024,43.13,31.08,25.79
IN,Indiana,1960,24.91,57.44,17.65
IN,Indiana,1961,25.16,57.58,17.25
IN,Indiana,1962,26.12,55.99,17.89
IN,Indiana,1963,25.42,56.86,17.72
IN,Indiana,1964,24.62,58.18,17.2
IN,Indiana,1965,24.56,58.42,17.03
IN,Indiana,1966,24.52,58.68,16.8
IN,Indiana,1967,25.58,57.33,17.09
IN,Indiana,1968,26.01,56.88,17.11
IN,Indiana,1969,26.44,56.52,17.04
IN,Indiana,1970,26.85,55.75,17.4
IN,Indiana,1971,27.8,54.28,17.91
IN,Indiana,1972,27.34,54.85,17.81
IN,Indiana,1973,26.09,55.66,18.25
IN,Indiana,1974,26.56,55.28,18.16
IN,Indiana,1975,27.65,53.77,18.58
IN,Indiana,1976,27.73,53.3,18.97
IN,Indiana,1977,27.55,53.85,18.6
IN,Indiana,1978,27.82,53.45,18.73
IN,Indiana,1979,26.54,54.82,18.63
IN,Indiana,1980,27.94,53.21,18.85
IN,Indiana,1981,27.11,53.51,19.38
IN,Indiana,1982,30.37,49.17,20.46
IN,Indiana,1983,30.0,49.35,20.65
IN,Indiana,1984,29.47,47.32,23.21
IN,Indiana,1985,28.31,48.49,23.2
IN,Indiana,1986,28.56,46.38,25.06
IN,Indiana,1987,27.57,47.63,24.8
IN,Indiana,1988,29.15,47.8,23.05
IN,Indiana,1989,29.66,46.89,23.45
IN,Indiana,1990,28.57,48.04,23.39
IN,Indiana,1991,30.21,46.79,23.0
IN,Indiana,1992,29.94,47.31,22.75
IN,Indiana,1993,30.64,46.73,22.63
IN,Indiana,1994,30.43,45.93,23.64
IN,Indiana,1995,30.83,45.42,23.75
IN,Indiana,1996,31.35,46.14,22.5
IN,Indiana,1997,30.73,46.55,22.72
IN,Indiana,1998,29.89,47.13,22.98
IN,Indiana,1999,30.21,47.14,22.65
IN,Indiana,2000,30.25,46.76,22.99
IN,Indiana,2001,32.33,45.86,21.81
IN,Indiana,2002,30.95,46.33,22.72
IN,Indiana,2003,31.27,45.84,22.9
IN,Indiana,2004,30.68,47.48,21.84
IN,Indiana,2005,31.71,46.25,22.04
IN,Indiana,2006,30.43,46.59,22.98
IN,Indiana,2007,32.29,46.02,21.68
IN,Indiana,2008,33.95,45.4,20.65
IN,Indiana,2009,34.66,43.82,21.52
IN,Indiana,2010,33.7,45.52,20.78
IN,Indiana,2011,32.89,46.38,20.73
IN,Indiana,2012,31.91,47.13,20.96
IN,Indiana,2013,32.98,46.03,20.99
IN,Indiana,2014,33.21,45.67,21.12
IN,Indiana,2015,31.89,46.19,21.93
IN,Indiana,2016,31.86,45.87,22.27
IN,Indiana,2017,31.53,46.27,22.2
IN,Indiana,2018,32.92,46.35,20.73
IN,Indiana,2019,32.07,46.96,20.97
IN,Indiana,2020,32.53,46.43,21.03
IN,Indiana,2021,31.97,46.1,21.93
IN,Indiana,2022,33.14,45.15,21.71
IN,Indiana,2023,31.23,46.71,22.07
IN,Indiana,2024,31.68,46.35,21.97
KS,Kansas,1960,29.87,42.27,27.86
KS,Kansas,1961,29.45,41.18,29.37
KS,Kansas,1962,30.54,41.3,28.16
KS,Kansas,1963,29.93,39.21,30.86
KS,Kansas,1964,31.43,40.87,27.7
KS,Kansas,1965,30.41,41.81,27.78
KS,Kansas,1966,28.02,44.03,27.94
KS,Kansas,1967,29.92,39.77,30.32
KS,Kansas,1968,30.47,40.18,29.35
KS,Kansas,1969,31.63,39.55,28.82
KS,Kansas,1970,31.91,38.83,29.26
KS,Kansas,1971,31.59,39.57,28.84
KS,Kansas,1972,31.59,39.44,28.97
KS,Kansas,1973,30.63,40.98,28.4
KS,Kansas,1974,30.66,40.44,28.9
KS,Kansas,1975,32.21,38.0,29.79
KS,Kansas,1976,32.15,39.14,28.71
KS,Kansas,1977,31.4,40.76,27.84
KS,Kansas,1978,32.32,39.5,28.18
KS,Kansas,1979,28.84,45.19,25.97
KS,Kansas,1980,31.52,40.61,27.88
KS,Kansas,1981,32.32,39.01,28.67
KS,Kansas,1982,34.13,38.19,27.68
KS,Kansas,1983,36.03,36.36,27.61
KS,Kansas,1984,32.69,41.43,25.89
KS,Kansas,1985,33.11,39.83,27.06
KS,Kansas,1986,32.93,38.41,28.66
KS,Kansas,1987,32.34,39.76,27.9
KS,Kansas,1988,32.52,39.54,27.94
KS,Kansas,1989,33.58,38.51,27.91
KS,Kansas,1990,35.07,38.84,26.09
KS,Kansas,1991,37.13,38.54,24.33
KS,Kansas,1992,34.94,40.85,24.21
KS,Kansas,1993,36.97,39.07,23.97
KS,Kansas,1994,35.28,42.47,22.24
KS,Kansas,1995,37.28,37.29,25.43
KS,Kansas,1996,39.19,36.18,24.63
KS,Kansas,1997,37.77,37.61,24.62
KS,Kansas,1998,39.16,36.04,24.8
KS,Kansas,1999,37.93,36.31,25.76
KS,Kansas,2000,39.97,35.84,24.19
KS,Kansas,2001,40.45,35.92,23.63
KS,Kansas,2002,40.59,35.65,23.75
KS,Kansas,2003,39.06,35.83,25.12
KS,Kansas,2004,39.23,36.36,24.41
KS,Kansas,2005,41.85,33.9,24.26
KS,Kansas,2006,39.76,35.21,25.03
KS,Kansas,2007,38.54,37.19,24.27
KS,Kansas,2008,41.04,34.06,24.9
KS,Kansas,2009,40.97,32.43,26.6
KS,Kansas,2010,41.25,33.54,25.21
KS,Kansas,2011,41.42,33.75,24.83
KS,Kansas,2012,39.22,35.25,25.54
KS,Kansas,2013,39.16,33.88,26.96
KS,Kansas,2014,38.46,33.47,28.07
KS,Kansas,2015,38.08,35.16,26.76
KS,Kansas,2016,37.01,36.04,26.95
KS,Kansas,2017,35.97,36.96,27.07
KS,Kansas,2018,37.23,35.62,27.14
KS,Kansas,2019,36.52,35.39,28.09
KS,Kansas,2020,36.01,37.4,26.58
KS,Kansas,2021,36.09,37.24,26.67
KS,Kansas,2022,36.35,36.94,26.72
KS,Kansas,2023,36.2,36.69,27.1
KS,Kansas,2024,34.32,36.45,29.23
KY,Kentucky,1960,23.13,57.15,19.71
KY,Kentucky,1961,23.51,56.72,19.77
KY,Kentucky,1962,23.42,55.2,21.37
KY,Kentucky,1963,23.07,55.61,21.32
KY,Kentucky,1964,22.1,55.84,22.06
KY,Kentucky,1965,22.74,54.99,22.27
KY,Kentucky,1966,22.57,53.83,23.6
KY,Kentucky,1967,24.84,51.74,23.42
KY,Kentucky,1968,26.63,49.56,23.81
KY,Kentucky,1969,27.77,48.22,24.01
KY,Kentucky,1970,28.2,47.27,24.53
KY,Kentucky,1971,27.86,47.44,24.7
KY,Kentucky,1972,25.79,49.65,24.56
KY,Kentucky,1973,26.19,48.89,24.92
KY,Kentucky,1974,26.47,49.17,24.37
KY,Kentucky,1975,27.58,48.82,23.59
KY,Kentucky,1976,28.98,48.49,22.53
KY,Kentucky,1977,30.59,46.83,22.58
KY,Kentucky,1978,30.58,44.72,24.69
KY,Kentucky,1979,29.61,45.68,24.72
KY,Kentucky,1980,31.09,44.39,24.52
KY,Kentucky,1981,31.48,42.74,25.78
KY,Kentucky,1982,32.47,41.25,26.28
KY,Kentucky,1983,32.92,39.89,27.2
KY,Kentucky,1984,31.26,43.2,25.54
KY,Kentucky,1985,31.68,43.16,25.16
KY,Kentucky,1986,32.48,40.2,27.32
KY,Kentucky,1987,31.94,40.53,27.53
KY,Kentucky,1988,32.32,39.8,27.88
KY,Kentucky,1989,31.26,41.13,27.62
KY,Kentucky,1990,30.2,43.97,25.83
KY,Kentucky,1991,32.25,42.39,25.35
KY,Kentucky,1992,30.46,44.24,25.3
KY,Kentucky,1993,31.27,43.23,25.5
KY,Kentucky,1994,30.53,44.81,24.67
KY,Kentucky,1995,30.84,44.62,24.54
KY,Kentucky,1996,31.53,45.65,22.82
KY,Kentucky,1997,31.45,44.08,24.47
KY,Kentucky,1998,31.81,43.27,24.92
KY,Kentucky,1999,32.34,43.15,24.52
KY,Kentucky,2000,33.83,41.49,24.68
KY,Kentucky,2001,32.34,42.88,24.78
KY,Kentucky,2002,32.35,44.01,23.63
KY,Kentucky,2003,32.69,43.66,23.65
KY,Kentucky,2004,31.68,43.76,24.56
KY,Kentucky,2005,32.73,43.46,23.81
KY,Kentucky,2006,31.55,44.72,23.72
KY,Kentucky,2007,32.57,43.13,24.3
KY,Kentucky,2008,32.98,44.04,22.98
KY,Kentucky,2009,33.01,42.59,24.4
KY,Kentucky,2010,33.76,42.86,23.38
KY,Kentucky,2011,32.88,43.13,23.99
KY,Kentucky,2012,32.27,44.14,23.6
KY,Kentucky,2013,36.28,39.37,24.34
KY,Kentucky,2014,36.9,37.46,25.64
KY,Kentucky,2015,36.01,37.2,26.79
KY,Kentucky,2016,36.53,36.2,27.26
KY,Kentucky,2017,35.11,36.26,28.62
KY,Kentucky,2018,36.25,35.21,28.54
KY,Kentucky,2019,35.23,35.66,29.11
KY,Kentucky,2020,34.75,35.63,29.61
KY,Kentucky,2021,34.1,36.01,29.88
KY,Kentucky,2022,35.02,35.36,29.62
KY,Kentucky,2023,33.28,35.78,30.94
KY,Kentucky,2024,34.63,35.29,30.09
LA,Louisiana,1960,11.34,71.38,17.28
LA,Louisiana,1961,11.57,72.05,16.38
LA,Louisiana,1962,11.81,71.8,16.38
LA,Louisiana,1963,11.58,72.97,15.45
LA,Louisiana,1964,11.92,72.71,15.37
LA,Louisiana,1965,11.84,70.97,17.19
LA,Louisiana,1966,12.11,71.54,16.35
LA,Louisiana,1967,12.63,71.93,15.44
LA,Louisiana,1968,12.95,72.06,14.99
LA,Louisiana,1969,12.61,72.91,14.47
LA,Louisiana,1970,13.4,72.59,14.01
LA,Louisiana,1971,13.31,73.01,13.68
LA,Louisiana,1972,13.49,72.51,14.0
LA,Louisiana,1973,13.35,72.17,14.49
LA,Louisiana,1974,13.01,71.83,15.16
LA,Louisiana,1975,13.41,69.9,16.68
LA,Louisiana,1976,12.2,72.15,15.65
LA,Louisiana,1977,12.38,72.62,15.01
LA,Louisiana,1978,12.59,72.87,14.54
LA,Louisiana,1979,15.36,70.09,14.55
LA,Louisiana,1980,13.82,69.42,16.76
LA,Louisiana,1981,14.8,68.28,16.92
LA,Louisiana,1982,15.71,68.06,16.23
LA,Louisiana,1983,13.73,68.47,17.8
LA,Louisiana,1984,14.05,68.91,17.04
LA,Louisiana,1985,15.41,66.77,17.82
LA,Louisiana,1986,14.37,66.45,19.18
LA,Louisiana,1987,13.77,67.7,18.53
LA,Louisiana,1988,13.7,66.82,19.48
LA,Louisiana,1989,13.43,67.9,18.68
LA,Louisiana,1990,12.3,69.03,18.66
LA,Louisiana,1991,12.46,67.95,19.59
LA,Louisiana,1992,11.9,69.07,19.03
LA,Louisiana,1993,12.18,69.14,18.67
LA,Louisiana,1994,11.97,68.99,19.04
LA,Louisiana,1995,12.42,68.75,18.84
LA,Louisiana,1996,12.13,68.13,19.74
LA,Louisiana,1997,11.7,69.74,18.56
LA,Louisiana,1998,13.15,67.52,19.33
LA,Louisiana,1999,12.74,67.96,19.31
LA,Louisiana,2000,12.79,67.47,19.74
LA,Louisiana,2001,13.31,66.97,19.72
LA,Louisiana,2002,13.58,66.81,19.61
LA,Louisiana,2003,13.26,66.45,20.29
LA,Louisiana,2004,12.82,68.29,18.89
LA,Louisiana,2005,13.93,67.45,18.62
LA,Louisiana,2006,11.77,69.07,19.16
LA,Louisiana,2007,14.6,68.8,16.61
LA,Louisiana,2008,14.43,69.58,15.98
LA,Louisiana,2009,15.43,67.98,16.59
LA,Louisiana,2010,16.05,69.03,14.92
LA,Louisiana,2011,15.6,69.16,15.23
LA,Louisiana,2012,15.24,70.48,14.28
LA,Louisiana,2013,15.46,70.34,14.21
LA,Louisiana,2014,15.45,70.94,13.61
LA,Louisiana,2015,15.26,70.87,13.87
LA,Louisiana,2016,14.26,71.5,14.24
LA,Louisiana,2017,13.52,71.74,14.73
LA,Louisiana,2018,13.94,72.26,13.79
LA,Louisiana,2019,13.22,72.13,14.65
LA,Louisiana,2020,12.48,73.0,14.52
LA,Louisiana,2021,12.77,70.85,16.39
LA,Louisiana,2022,12.63,69.69,17.68
LA,Louisiana,2023,12.13,70.08,17.8
LA,Louisiana,2024,11.93,70.28,17.79
MA,Massachusetts,1960,50.98,27.74,21.28
MA,Massachusetts,1961,50.98,27.07,21.95
MA,Massachusetts,1962,51.38,26.4,22.22
MA,Massachusetts,1963,50.81,25.47,23.72
MA,Massachusetts,1964,49.67,27.11,23.22
MA,Massachusetts,1965,49.53,28.48,21.99
MA,Massachusetts,1966,48.19,29.66,22.15
MA,Massachusetts,1967,49.49,28.12,22.38
MA,Massachusetts,1968,49.31,27.38,23.31
MA,Massachusetts,1969,50.0,26.35,23.64
MA,Massachusetts,1970,50.32,25.34,24.34
MA,Massachusetts,1971,51.07,24.09,24.83
MA,Massachusetts,1972,51.27,23.61,25.12
MA,Massachusetts,1973,51.24,23.46,25.29
MA,Massachusetts,1974,51.95,22.25,25.81
MA,Massachusetts,1975,52.98,20.34,26.68
MA,Massachusetts,1976,53.57,20.45,25.98
MA,Massachusetts,1977,53.34,20.29,26.37
MA,Massachusetts,1978,52.89,20.25,26.86
MA,Massachusetts,1979,50.28,19.52,30.2
MA,Massachusetts,1980,54.18,16.35,29.48
MA,Massachusetts,1981,51.09,18.63,30.29
MA,Massachusetts,1982,52.25,17.51,30.24
MA,Massachusetts,1983,50.82,18.76,30.42
MA,Massachusetts,1984,51.03,19.47,29.5
MA,Massachusetts,1985,50.9,19.3,29.8
MA,Massachusetts,1986,50.46,20.66,28.88
MA,Massachusetts,1987,50.76,19.86,29.38
MA,Massachusetts,1988,52.55,17.4,30.06
MA,Massachusetts,1989,54.69,15.83,29.48
MA,Massachusetts,1990,55.3,15.76,28.94
MA,Massachusetts,1991,55.93,15.56,28.51
MA,Massachusetts,1992,56.37,16.66,26.97
MA,Massachusetts,1993,56.02,16.74,27.25
MA,Massachusetts,1994,57.11,15.53,27.37
MA,Massachusetts,1995,56.29,15.55,28.16
MA,Massachusetts,1996,55.77,15.19,29.05
MA,Massachusetts,1997,55.49,15.04,29.48
MA,Massachusetts,1998,54.77,15.19,30.03
MA,Massachusetts,1999,53.59,15.94,30.48
MA,Massachusetts,2000,54.62,15.68,29.7
MA,Massachusetts,2001,54.28,16.09,29.63
MA,Massachusetts,2002,54.46,16.01,29.52
MA,Massachusetts,2003,57.18,12.72,30.1
MA,Massachusetts,2004,55.59,12.54,31.87
MA,Massachusetts,2005,54.89,12.6,32.51
MA,Massachusetts,2006,53.13,13.13,33.74
MA,Massachusetts,2007,54.05,12.36,33.59
MA,Massachusetts,2008,54.85,11.44,33.7
MA,Massachusetts,2009,50.46,16.99,32.55
MA,Massachusetts,2010,50.47,17.26,32.27
MA,Massachusetts,2011,49.56,17.53,32.91
MA,Massachusetts,2012,48.79,17.99,33.22
MA,Massachusetts,2013,49.84,17.18,32.98
MA,Massachusetts,2014,56.89,11.39,31.72
MA,Massachusetts,2015,56.53,11.14,32.34
MA,Massachusetts,2016,54.59,11.18,34.23
MA,Massachusetts,2017,55.64,10.53,33.83
MA,Massachusetts,2018,56.35,10.0,33.66
MA,Massachusetts,2019,56.34,9.81,33.85
MA,Massachusetts,2020,59.68,10.79,29.53
MA,Massachusetts,2021,57.98,10.67,31.36
MA,Massachusetts,2022,57.81,10.39,31.8
MA,Massachusetts,2023,56.79,10.04,33.17
MA,Massachusetts,2024,56.39,9.78,33.83
MD,Maryland,1960,30.44,44.27,25.29
MD,Maryland,1961,31.57,43.25,25.18
MD,Maryland,1962,30.72,42.23,27.05
MD,Maryland,1963,31.12,42.6,26.27
MD,Maryland,1964,30.61,43.71,25.68
MD,Maryland,1965,30.41,43.77,25.83
MD,Maryland,1966,30.56,43.42,26.02
MD,Maryland,1967,32.49,42.24,25.28
MD,Maryland,1968,32.68,41.05,26.27
MD,Maryland,1969,32.88,41.5,25.62
MD,Maryland,1970,33.71,40.01,26.28
MD,Maryland,1971,34.24,40.28,25.49
MD,Maryland,1972,34.76,38.72,26.52
MD,Maryland,1973,33.39,40.99,25.63
MD,Maryland,1974,34.76,37.98,27.26
MD,Maryland,1975,36.94,34.36,28.69
MD,Maryland,1976,36.05,36.14,27.81
MD,Maryland,1977,36.75,34.17,29.08
MD,Maryland,1978,36.91,34.08,29.01
MD,Maryland,1979,36.35,36.83,26.83
MD,Maryland,1980,38.16,33.48,28.36
MD,Maryland,1981,36.64,34.2,29.16
MD,Maryland,1982,38.63,31.99,29.37
MD,Maryland,1983,39.05,32.64,28.32
MD,Maryland,1984,38.01,35.27,26.71
MD,Maryland,1985,37.77,34.01,28.22
MD,Maryland,1986,38.58,32.96,28.46
MD,Maryland,1987,39.31,32.85,27.84
MD,Maryland,1988,39.84,32.26,27.9
MD,Maryland,1989,39.02,32.88,28.1
MD,Maryland,1990,39.8,33.74,26.46
MD,Maryland,1991,42.32,30.89,26.79
MD,Maryland,1992,43.41,28.98,27.6
MD,Maryland,1993,44.72,28.92,26.35
MD,Maryland,1994,46.14,27.55,26.31
MD,Maryland,1995,54.51,19.16,26.34
MD,Maryland,1996,54.32,19.14,26.54
MD,Maryland,1997,52.38,20.53,27.09
MD,Maryland,1998,53.25,19.03,27.72
MD,Maryland,1999,53.58,17.99,28.42
MD,Maryland,2000,54.47,17.64,27.89
MD,Maryland,2001,53.85,18.02,28.13
MD,Maryland,2002,48.68,24.82,26.5
MD,Maryland,2003,45.46,27.84,26.7
MD,Maryland,2004,46.94,24.62,28.44
MD,Maryland,2005,46.8,24.2,29.0
MD,Maryland,2006,55.87,12.39,31.74
MD,Maryland,2007,57.15,12.06,30.79
MD,Maryland,2008,57.57,11.84,30.58
MD,Maryland,2009,57.74,10.32,31.94
MD,Maryland,2010,58.82,9.77,31.41
MD,Maryland,2011,58.22,9.76,32.02
MD,Maryland,2012,57.98,9.16,32.86
MD,Maryland,2013,59.43,7.9,32.67
MD,Maryland,2014,59.85,8.14,32.02
MD,Maryland,2015,59.02,8.03,32.95
MD,Maryland,2016,58.89,8.03,33.08
MD,Maryland,2017,57.58,8.17,34.24
MD,Maryland,2018,58.07,7.55,34.38
MD,Maryland,2019,57.12,7.38,35.5
MD,Maryland,2020,59.48,7.31,33.21
MD,Maryland,2021,58.25,7.34,34.4
MD,Maryland,2022,59.95,7.29,32.76
MD,Maryland,2023,57.27,7.03,35.7
MD,Maryland,2024,58.58,6.85,34.57
ME,Maine,1960,35.24,34.63,30.13
ME,Maine,1961,37.36,32.71,29.93
ME,Maine,1962,38.55,30.47,30.98
ME,Maine,1963,40.04,28.65,31.3
ME,Maine,1964,36.38,33.0,30.62
ME,Maine,1965,38.77,30.22,31.01
ME,Maine,1966,35.28,32.36,32.35
ME,Maine,1967,36.85,33.08,30.07
ME,Maine,1968,36.78,32.34,30.89
ME,Maine,1969,36.32,34.24,29.44
ME,Maine,1970,35.84,33.87,30.29
ME,Maine,1971,31.9,40.78,27.33
ME,Maine,1972,31.73,38.86,29.41
ME,Maine,1973,31.15,38.42,30.43
ME,Maine,1974,32.89,38.69,28.41
ME,Maine,1975,36.78,33.5,29.72
ME,Maine,1976,36.82,36.61,26.57
ME,Maine,1977,37.66,36.6,25.74
ME,Maine,1978,37.39,35.94,26.67
ME,Maine,1979,36.14,37.04,26.82
ME,Maine,1980,32.39,44.9,22.71
ME,Maine,1981,29.59,47.9,22.51
ME,Maine,1982,26.39,52.7,20.91
ME,Maine,1983,27.24,50.36,22.4
ME,Maine,1984,28.08,49.73,22.2
ME,Maine,1985,29.86,47.1,23.04
ME,Maine,1986,31.33,45.16,23.52
ME,Maine,1987,31.39,42.72,25.89
ME,Maine,1988,31.9,42.11,26.0
ME,Maine,1989,32.85,43.27,23.87
ME,Maine,1990,30.86,40.87,28.28
ME,Maine,1991,30.34,44.15,25.51
ME,Maine,1992,28.82,46.94,24.24
ME,Maine,1993,29.68,46.01,24.32
ME,Maine,1994,28.05,47.71,24.23
ME,Maine,1995,28.01,47.11,24.88
ME,Maine,1996,30.21,45.62,24.16
ME,Maine,1997,28.45,45.14,26.41
ME,Maine,1998,31.46,41.28,27.26
ME,Maine,1999,31.17,41.47,27.36
ME,Maine,2000,30.3,42.65,27.05
ME,Maine,2001,32.65,41.42,25.94
ME,Maine,2002,31.09,39.75,29.16
ME,Maine,2003,37.63,30.86,31.52
ME,Maine,2004,37.68,34.02,28.3
ME,Maine,2005,36.87,32.68,30.45
ME,Maine,2006,34.41,33.49,32.09
ME,Maine,2007,36.36,34.5,29.15
ME,Maine,2008,33.55,39.31,27.14
ME,Maine,2009,36.04,32.63,31.33
ME,Maine,2010,35.06,35.07,29.87
ME,Maine,2011,34.7,35.31,29.99
ME,Maine,2012,33.26,36.77,29.97
ME,Maine,2013,33.01,34.75,32.25
ME,Maine,2014,35.4,31.92,32.68
ME,Maine,2015,39.6,28.41,31.99
ME,Maine,2016,38.8,26.51,34.69
ME,Maine,2017,40.49,25.51,34.01
ME,Maine,2018,43.27,26.6,30.13
ME,Maine,2019,42.35,27.13,30.52
ME,Maine,2020,41.07,28.65,30.28
ME,Maine,2021,41.17,27.14,31.69
ME,Maine,2022,41.65,25.67,32.68
ME,Maine,2023,41.42,23.55,35.03
ME,Maine,2024,42.48,24.07,33.45
MI,Michigan,1960,35.21,43.36,21.43
MI,Michigan,1961,36.06,42.73,21.21
MI,Michigan,1962,36.6,42.44,20.96
MI,Michigan,1963,35.29,43.48,21.23
MI,Michigan,1964,34.53,43.89,21.58
MI,Michigan,1965,34.83,44.12,21.05
MI,Michigan,1966,34.78,44.09,21.13
MI,Michigan,1967,35.62,42.65,21.73
MI,Michigan,1968,35.64,41.94,22.41
MI,Michigan,1969,36.09,41.12,22.78
MI,Michigan,1970,37.77,39.68,22.55
MI,Michigan,1971,38.29,39.39,22.33
MI,Michigan,1972,38.22,38.95,22.82
MI,Michigan,1973,37.71,39.21,23.08
MI,Michigan,1974,39.45,37.06,23.5
MI,Michigan,1975,39.16,37.13,23.71
MI,Michigan,1976,38.31,37.73,23.96
MI,Michigan,1977,37.08,37.61,25.31
MI,Michigan,1978,37.97,36.79,25.23
MI,Michigan,1979,39.02,36.75,24.22
MI,Michigan,1980,41.67,35.84,22.48
MI,Michigan,1981,41.41,35.6,22.99
MI,Michigan,1982,43.34,33.54,23.11
MI,Michigan,1983,42.75,33.63,23.62
MI,Michigan,1984,41.66,34.51,23.84
MI,Michigan,1985,41.23,34.83,23.94
MI,Michigan,1986,40.35,35.07,24.58
MI,Michigan,1987,42.18,31.96,25.86
MI,Michigan,1988,41.72,33.19,25.09
MI,Michigan,1989,43.12,32.24,24.64
MI,Michigan,1990,41.23,34.81,23.96
MI,Michigan,1991,42.06,32.99,24.95
MI,Michigan,1992,41.89,33.41,24.7
MI,Michigan,1993,45.15,28.81,26.04
MI,Michigan,1994,44.32,29.74,25.93
MI,Michigan,1995,44.68,29.86,25.45
MI,Michigan,1996,45.44,29.75,24.81
MI,Michigan,1997,44.52,30.17,25.3
MI,Michigan,1998,43.67,30.01,26.32
MI,Michigan,1999,43.49,30.41,26.1
MI,Michigan,2000,44.86,29.74,25.41
MI,Michigan,2001,45.9,28.14,25.96
MI,Michigan,2002,47.13,26.68,26.19
MI,Michigan,2003,46.6,28.43,24.97
MI,Michigan,2004,46.91,27.53,25.55
MI,Michigan,2005,47.84,27.1,25.06
MI,Michigan,2006,46.6,27.09,26.31
MI,Michigan,2007,48.13,25.69,26.18
MI,Michigan,2008,49.37,25.15,25.48
MI,Michigan,2009,50.36,22.65,26.99
MI,Michigan,2010,48.22,24.9,26.88
MI,Michigan,2011,48.57,25.35,26.08
MI,Michigan,2012,47.01,26.29,26.71
MI,Michigan,2013,47.65,25.86,26.5
MI,Michigan,2014,48.25,25.89,25.86
MI,Michigan,2015,47.19,25.36,27.45
MI,Michigan,2016,46.99,25.02,27.99
MI,Michigan,2017,46.96,25.34,27.7
MI,Michigan,2018,48.04,24.55,27.41
MI,Michigan,2019,48.16,24.42,27.41
MI,Michigan,2020,50.87,23.76,25.37
MI,Michigan,2021,49.1,24.22,26.68
MI,Michigan,2022,49.28,24.55,26.17
MI,Michigan,2023,47.15,25.28,27.57
MI,Michigan,2024,47.14,24.64,28.21
MN,Minnesota,1960,35.62,38.77,25.61
MN,Minnesota,1961,36.62,37.78,25.6
MN,Minnesota,1962,37.92,37.27,24.81
MN,Minnesota,1963,37.51,36.88,25.61
MN,Minnesota,1964,34.44,40.82,24.73
MN,Minnesota,1965,35.54,39.95,24.51
MN,Minnesota,1966,36.53,38.94,24.53
MN,Minnesota,1967,39.46,35.97,24.58
MN,Minnesota,1968,39.15,35.57,25.28
MN,Minnesota,1969,38.14,37.19,24.68
MN,Minnesota,1970,39.07,35.56,25.37
MN,Minnesota,1971,38.38,35.83,25.79
MN,Minnesota,1972,38.24,36.11,25.66
MN,Minnesota,1973,35.98,37.75,26.28
MN,Minnesota,1974,37.94,35.7,26.35
MN,Minnesota,1975,38.21,35.44,26.35
MN,Minnesota,1976,36.74,37.37,25.89
MN,Minnesota,1977,36.27,36.92,26.81
MN,Minnesota,1978,36.16,37.39,26.45
MN,Minnesota,1979,34.32,38.39,27.29
MN,Minnesota,1980,36.09,36.1,27.81
MN,Minnesota,1981,36.93,35.32,27.75
MN,Minnesota,1982,40.44,32.9,26.66
MN,Minnesota,1983,39.23,33.72,27.05
MN,Minnesota,1984,38.39,33.51,28.11
MN,Minnesota,1985,39.02,33.75,27.23
MN,Minnesota,1986,37.97,34.19,27.84
MN,Minnesota,1987,36.4,36.19,27.4
MN,Minnesota,1988,38.16,35.54,26.31
MN,Minnesota,1989,38.79,35.86,25.35
MN,Minnesota,1990,37.63,38.14,24.24
MN,Minnesota,1991,38.21,36.62,25.17
MN,Minnesota,1992,36.08,37.36,26.56
MN,Minnesota,1993,36.22,36.61,27.16
MN,Minnesota,1994,35.7,36.73,27.57
MN,Minnesota,1995,35.95,37.0,27.05
MN,Minnesota,1996,36.55,36.9,26.56
MN,Minnesota,1997,35.54,37.57,26.89
MN,Minnesota,1998,33.54,37.75,28.71
MN,Minnesota,1999,33.97,36.59,29.44
MN,Minnesota,2000,34.49,35.96,29.54
MN,Minnesota,2001,39.98,30.62,29.4
MN,Minnesota,2002,40.94,30.11,28.95
MN,Minnesota,2003,41.99,30.15,27.86
MN,Minnesota,2004,40.06,31.3,28.64
MN,Minnesota,2005,40.23,31.0,28.77
MN,Minnesota,2006,39.61,31.68,28.71
MN,Minnesota,2007,39.89,31.91,28.21
MN,Minnesota,2008,40.17,33.04,26.79
MN,Minnesota,2009,41.62,31.77,26.61
MN,Minnesota,2010,39.31,35.07,25.62
MN,Minnesota,2011,39.23,35.42,25.35
MN,Minnesota,2012,37.83,35.72,26.45
MN,Minnesota,2013,40.16,34.25,25.59
MN,Minnesota,2014,40.34,34.62,25.03
MN,Minnesota,2015,39.23,33.96,26.81
MN,Minnesota,2016,38.36,33.84,27.8
MN,Minnesota,2017,38.66,33.54,27.8
MN,Minnesota,2018,40.52,32.83,26.65
MN,Minnesota,2019,39.68,32.92,27.41
MN,Minnesota,2020,41.86,33.53,24.61
MN,Minnesota,2021,40.66,33.59,25.74
MN,Minnesota,2022,42.32,32.16,25.52
MN,Minnesota,2023,40.23,32.91,26.86
MN,Minnesota,2024,39.17,33.21,27.62
MO,Missouri,1960,37.91,33.32,28.77
MO,Missouri,1961,37.95,32.99,29.06
MO,Missouri,1962,37.48,32.5,30.02
MO,Missouri,1963,36.82,32.99,30.2
MO,Missouri,1964,36.44,33.36,30.19
MO,Missouri,1965,35.28,34.84,29.88
MO,Missouri,1966,37.02,34.64,28.34
MO,Missouri,1967,38.26,32.53,29.21
MO,Missouri,1968,37.61,32.01,30.38
MO,Missouri,1969,38.21,31.77,30.01
MO,Missouri,1970,38.76,30.62,30.62
MO,Missouri,1971,38.85,29.89,31.26
MO,Missouri,1972,39.41,29.17,31.42
MO,Missouri,1973,38.21,30.87,30.92
MO,Missouri,1974,38.54,30.51,30.96
MO,Missouri,1975,40.21,28.84,30.95
MO,Missouri,1976,42.09,26.94,30.97
MO,Missouri,1977,42.06,27.0,30.94
MO,Missouri,1978,43.13,25.98,30.89
MO,Missouri,1979,43.74,26.31,29.95
MO,Missouri,1980,45.02,25.28,29.69
MO,Missouri,1981,42.24,27.68,30.08
MO,Missouri,1982,43.78,25.49,30.73
MO,Missouri,1983,45.17,23.65,31.18
MO,Missouri,1984,44.68,23.83,31.49
MO,Missouri,1985,43.93,24.57,31.5
MO,Missouri,1986,44.32,22.72,32.96
MO,Missouri,1987,44.59,22.46,32.95
MO,Missouri,1988,45.14,22.38,32.48
MO,Missouri,1989,45.66,21.49,32.86
MO,Missouri,1990,46.42,21.58,32.0
MO,Missouri,1991,48.47,20.56,30.97
MO,Missouri,1992,46.54,21.15,32.31
MO,Missouri,1993,48.25,20.51,31.24
MO,Missouri,1994,46.76,21.59,31.65
MO,Missouri,1995,47.2,21.09,31.71
MO,Missouri,1996,47.76,20.61,31.63
MO,Missouri,1997,47.21,20.45,32.34
MO,Missouri,1998,45.8,19.95,34.25
MO,Missouri,1999,45.7,21.2,33.1
MO,Missouri,2000,49.22,20.37,30.41
MO,Missouri,2001,49.03,21.07,29.91
MO,Missouri,2002,48.73,20.71,30.56
MO,Missouri,2003,48.25,20.19,31.56
MO,Missouri,2004,47.91,21.48,30.61
MO,Missouri,2005,48.29,21.79,29.92
MO,Missouri,2006,47.28,22.48,30.24
MO,Missouri,2007,47.82,21.77,30.42
MO,Missouri,2008,49.85,20.46,29.68
MO,Missouri,2009,50.75,18.68,30.57
MO,Missouri,2010,50.86,19.01,30.14
MO,Missouri,2011,50.85,18.76,30.39
MO,Missouri,2012,49.53,19.84,30.63
MO,Missouri,2013,50.99,19.1,29.91
MO,Missouri,2014,51.51,19.09,29.4
MO,Missouri,2015,49.49,19.67,30.83
MO,Missouri,2016,50.46,17.19,32.35
MO,Missouri,2017,49.76,17.39,32.85
MO,Missouri,2018,52.46,16.7,30.84
MO,Missouri,2019,51.3,16.66,32.04
MO,Missouri,2020,51.03,18.06,30.91
MO,Missouri,2021,50.4,17.49,32.11
MO,Missouri,2022,51.44,17.07,31.48
MO,Missouri,2023,49.93,17.45,32.62
MO,Missouri,2024,49.56,17.61,32.83
MS,Mississippi,1960,29.05,38.35,32.6
MS,Mississippi,1961,28.75,39.1,32.15
MS,Mississippi,1962,28.9,38.1,33.0
MS,Mississippi,1963,27.94,38.96,33.11
MS,Mississippi,1964,27.28,41.28,31.44
MS,Mississippi,1965,25.68,41.87,32.46
MS,Mississippi,1966,25.98,43.47,30.55
MS,Mississippi,1967,25.63,43.14,31.23
MS,Mississippi,1968,26.09,42.34,31.57
MS,Mississippi,1969,26.37,42.09,31.54
MS,Mississippi,1970,27.61,42.72,29.67
MS,Mississippi,1971,27.91,42.28,29.81
MS,Mississippi,1972,28.18,42.07,29.75
MS,Mississippi,1973,28.41,41.17,30.41
MS,Mississippi,1974,29.16,39.72,31.12
MS,Mississippi,1975,29.22,39.93,30.85
MS,Mississippi,1976,29.24,39.78,30.98
MS,Mississippi,1977,29.85,39.14,31.01
MS,Mississippi,1978,30.11,38.69,31.2
MS,Mississippi,1979,31.94,37.87,30.19
MS,Mississippi,1980,31.5,36.38,32.12
MS,Mississippi,1981,31.59,36.07,32.34
MS,Mississippi,1982,29.94,38.07,31.99
MS,Mississippi,1983,30.08,39.48,30.44
MS,Mississippi,1984,28.93,41.89,29.18
MS,Mississippi,1985,30.39,38.83,30.78
MS,Mississippi,1986,29.97,37.27,32.76
MS,Mississippi,1987,29.66,35.68,34.66
MS,Mississippi,1988,28.81,36.92,34.27
MS,Mississippi,1989,28.99,40.18,30.83
MS,Mississippi,1990,28.52,42.76,28.72
MS,Mississippi,1991,27.99,41.63,30.38
MS,Mississippi,1992,27.49,41.67,30.83
MS,Mississippi,1993,28.0,41.24,30.76
MS,Mississippi,1994,28.63,40.95,30.42
MS,Mississippi,1995,29.32,40.57,30.11
MS,Mississippi,1996,30.14,39.9,29.97
MS,Mississippi,1997,31.27,37.9,30.84
MS,Mississippi,1998,33.71,35.29,31.0
MS,Mississippi,1999,31.84,38.06,30.1
MS,Mississippi,2000,33.7,37.38,28.92
MS,Mississippi,2001,33.25,36.01,30.74
MS,Mississippi,2002,34.6,35.12,30.29
MS,Mississippi,2003,34.14,34.55,31.3
MS,Mississippi,2004,33.09,36.76,30.15
MS,Mississippi,2005,33.63,35.96,30.41
MS,Mississippi,2006,32.54,36.32,31.14
MS,Mississippi,2007,33.16,36.37,30.46
MS,Mississippi,2008,33.79,35.19,31.03
MS,Mississippi,2009,34.19,33.74,32.07
MS,Mississippi,2010,35.12,35.71,29.16
MS,Mississippi,2011,34.79,36.3,28.92
MS,Mississippi,2012,30.89,37.48,31.63
MS,Mississippi,2013,34.0,36.72,29.28
MS,Mississippi,2014,34.45,36.26,29.3
MS,Mississippi,2015,32.65,36.18,31.17
MS,Mississippi,2016,31.87,35.98,32.15
MS,Mississippi,2017,30.98,37.46,31.56
MS,Mississippi,2018,32.34,36.95,30.71
MS,Mississippi,2019,32.04,36.09,31.87
MS,Mississippi,2020,30.71,37.19,32.1
MS,Mississippi,2021,31.15,36.63,32.21
MS,Mississippi,2022,31.16,36.7,32.15
MS,Mississippi,2023,31.04,35.83,33.13
MS,Mississippi,2024,30.31,37.02,32.67
MT,Montana,1960,27.64,45.93,26.43
MT,Montana,1961,26.64,47.02,26.34
MT,Montana,1962,26.05,48.86,25.09
MT,Montana,1963,25.71,50.57,23.72
MT,Montana,1964,26.55,50.88,22.57
MT,Montana,1965,27.31,49.6,23.1
MT,Montana,1966,25.83,50.86,23.31
MT,Montana,1967,28.32,49.04,22.64
MT,Montana,1968,26.3,50.93,22.77
MT,Montana,1969,25.58,52.53,21.9
MT,Montana,1970,27.25,50.89,21.86
MT,Montana,1971,27.28,50.61,22.1
MT,Montana,1972,27.35,49.74,22.91
MT,Montana,1973,27.4,47.85,24.76
MT,Montana,1974,25.76,49.12,25.12
MT,Montana,1975,29.65,45.79,24.56
MT,Montana,1976,28.44,46.66,24.91
MT,Montana,1977,28.77,46.92,24.31
MT,Montana,1978,29.78,44.07,26.15
MT,Montana,1979,28.77,47.52,23.71
MT,Montana,1980,28.26,46.34,25.4
MT,Montana,1981,29.07,45.34,25.59
MT,Montana,1982,34.2,39.39,26.41
MT,Montana,1983,34.28,39.05,26.68
MT,Montana,1984,38.03,38.0,23.97
MT,Montana,1985,36.26,40.99,22.75
MT,Montana,1986,35.0,41.12,23.88
MT,Montana,1987,30.56,43.79,25.65
MT,Montana,1988,31.43,43.31,25.26
MT,Montana,1989,32.5,43.25,24.25
MT,Montana,1990,30.32,43.28,26.4
MT,Montana,1991,30.85,43.29,25.86
MT,Montana,1992,30.32,42.09,27.6
MT,Montana,1993,31.12,41.31,27.57
MT,Montana,1994,30.59,41.64,27.77
MT,Montana,1995,28.8,43.13,28.07
MT,Montana,1996,29.84,42.07,28.09
MT,Montana,1997,31.52,38.24,30.24
MT,Montana,1998,28.9,42.79,28.31
MT,Montana,1999,26.87,43.75,29.38
MT,Montana,2000,30.35,41.2,28.45
MT,Montana,2001,34.88,33.05,32.07
MT,Montana,2002,33.44,35.52,31.04
MT,Montana,2003,35.8,34.8,29.4
MT,Montana,2004,33.85,36.39,29.76
MT,Montana,2005,33.89,35.88,30.24
MT,Montana,2006,32.73,37.49,29.78
MT,Montana,2007,30.94,39.83,29.23
MT,Montana,2008,33.52,38.39,28.09
MT,Montana,2009,36.69,34.49,28.82
MT,Montana,2010,36.91,31.72,31.37
MT,Montana,2011,37.35,30.07,32.58
MT,Montana,2012,35.71,32.05,32.24
MT,Montana,2013,36.78,31.36,31.86
MT,Montana,2014,37.52,31.44,31.05
MT,Montana,2015,38.35,31.4,30.26
MT,Montana,2016,38.27,30.25,31.49
MT,Montana,2017,38.74,30.33,30.93
MT,Montana,2018,39.7,30.11,30.19
MT,Montana,2019,40.76,30.46,28.78
MT,Montana,2020,37.62,30.89,31.49
MT,Montana,2021,38.11,30.48,31.41
MT,Montana,2022,39.98,30.15,29.87
MT,Montana,2023,39.6,30.41,29.99
MT,Montana,2024,38.21,30.63,31.15
NC,North Carolina,1960,35.02,35.96,29.02
NC,North Carolina,1961,34.68,36.07,29.25
NC,North Carolina,1962,35.15,36.19,28.66
NC,North Carolina,1963,34.53,36.07,29.41
NC,North Carolina,1964,33.27,37.35,29.38
NC,North Carolina,1965,34.18,36.86,28.96
NC,North Carolina,1966,34.5,37.47,28.02
NC,North Carolina,1967,34.86,37.08,28.06
NC,North Carolina,1968,35.91,35.91,28.18
NC,North Carolina,1969,36.12,35.59,28.29
NC,North Carolina,1970,36.39,35.42,28.19
NC,North Carolina,1971,36.32,35.86,27.82
NC,North Carolina,1972,35.46,36.52,28.02
NC,North Carolina,1973,35.04,36.42,28.54
NC,North Carolina,1974,34.57,35.78,29.65
NC,North Carolina,1975,35.19,34.46,30.36
NC,North Carolina,1976,35.23,35.22,29.55
NC,North Carolina,1977,35.71,35.06,29.23
NC,North Carolina,1978,35.96,33.94,30.09
NC,North Carolina,1979,34.97,36.3,28.73
NC,North Carolina,1980,36.58,35.81,27.61
NC,North Carolina,1981,36.81,34.67,28.52
NC,North Carolina,1982,37.25,33.36,29.4
NC,North Carolina,1983,36.77,33.85,29.38
NC,North Carolina,1984,38.12,34.16,27.71
NC,North Carolina,1985,37.99,33.55,28.47
NC,North Carolina,1986,38.06,33.23,28.71
NC,North Carolina,1987,38.82,32.6,28.59
NC,North Carolina,1988,39.08,32.01,28.91
NC,North Carolina,1989,39.7,32.78,27.52
NC,North Carolina,1990,38.91,34.37,26.73
NC,North Carolina,1991,40.54,33.01,26.45
NC,North Carolina,1992,39.9,34.42,25.68
NC,North Carolina,1993,41.25,33.25,25.5
NC,North Carolina,1994,40.49,33.05,26.46
NC,North Carolina,1995,40.99,33.09,25.92
NC,North Carolina,1996,42.11,31.29,26.6
NC,North Carolina,1997,40.93,31.82,27.24
NC,North Carolina,1998,42.22,30.47,27.31
NC,North Carolina,1999,43.03,29.39,27.58
NC,North Carolina,2000,44.23,28.63,27.15
NC,North Carolina,2001,44.57,28.05,27.38
NC,North Carolina,2002,46.01,26.45,27.53
NC,North Carolina,2003,46.1,25.8,28.1
NC,North Carolina,2004,47.01,24.99,28.0
NC,North Carolina,2005,47.61,24.25,28.14
NC,North Carolina,2006,47.5,24.24,28.25
NC,North Carolina,2007,48.79,22.69,28.51
NC,North Carolina,2008,49.26,22.41,28.34
NC,North Carolina,2009,51.6,20.57,27.84
NC,North Carolina,2010,51.13,20.79,28.08
NC,North Carolina,2011,49.56,21.74,28.7
NC,North Carolina,2012,48.56,22.59,28.85
NC,North Carolina,2013,48.19,22.13,29.68
NC,North Carolina,2014,49.18,21.3,29.52
NC,North Carolina,2015,48.31,21.47,30.22
NC,North Carolina,2016,47.8,21.32,30.88
NC,North Carolina,2017,46.34,21.79,31.88
NC,North Carolina,2018,47.69,21.05,31.25
NC,North Carolina,2019,46.83,20.92,32.25
NC,North Carolina,2020,47.39,21.45,31.16
NC,North Carolina,2021,46.96,21.03,32.01
NC,North Carolina,2022,47.76,20.96,31.28
NC,North Carolina,2023,46.34,20.21,33.46
NC,North Carolina,2024,47.05,19.33,33.62
ND,North Dakota,1960,26.62,46.93,26.45
ND,North Dakota,1961,27.34,46.06,26.6
ND,North Dakota,1962,27.23,44.04,28.73
ND,North Dakota,1963,26.56,45.26,28.17
ND,North Dakota,1964,26.18,45.39,28.43
ND,North Dakota,1965,27.15,44.54,28.31
ND,North Dakota,1966,29.27,42.7,28.02
ND,North Dakota,1967,27.83,43.26,28.91
ND,North Dakota,1968,28.34,41.14,30.52
ND,North Dakota,1969,29.2,41.43,29.36
ND,North Dakota,1970,30.67,40.4,28.93
ND,North Dakota,1971,29.69,39.88,30.42
ND,North Dakota,1972,31.29,38.27,30.44
ND,North Dakota,1973,29.96,38.4,31.65
ND,North Dakota,1974,33.03,36.77,30.2
ND,North Dakota,1975,33.6,35.18,31.21
ND,North Dakota,1976,33.54,34.51,31.96
ND,North Dakota,1977,33.04,32.85,34.12
ND,North Dakota,1978,34.79,32.72,32.49
ND,North Dakota,1979,35.84,32.83,31.33
ND,North Dakota,1980,36.84,29.84,33.32
ND,North Dakota,1981,33.08,35.52,31.4
ND,North Dakota,1982,36.17,31.77,32.06
ND,North Dakota,1983,34.86,34.25,30.89
ND,North Dakota,1984,32.09,40.0,27.91
ND,North Dakota,1985,29.57,47.07,23.37
ND,North Dakota,1986,27.69,49.84,22.47
ND,North Dakota,1987,25.27,52.01,22.71
ND,North Dakota,1988,27.53,49.77,22.7
ND,North Dakota,1989,27.66,50.88,21.46
ND,North Dakota,1990,28.52,50.4,21.07
ND,North Dakota,1991,29.25,49.97,20.77
ND,North Dakota,1992,26.78,51.85,21.36
ND,North Dakota,1993,27.66,50.12,22.23
ND,North Dakota,1994,27.04,51.49,21.47
ND,North Dakota,1995,28.21,50.7,21.09
ND,North Dakota,1996,30.17,48.37,21.46
ND,North Dakota,1997,29.05,49.52,21.43
ND,North Dakota,1998,28.47,52.1,19.42
ND,North Dakota,1999,26.92,50.94,22.14
ND,North Dakota,2000,28.03,50.6,21.37
ND,North Dakota,2001,28.33,49.93,21.74
ND,North Dakota,2002,30.25,47.7,22.05
ND,North Dakota,2003,30.22,47.31,22.46
ND,North Dakota,2004,30.04,46.94,23.02
ND,North Dakota,2005,29.31,48.0,22.69
ND,North Dakota,2006,28.12,49.7,22.18
ND,North Dakota,2007,28.57,47.58,23.85
ND,North Dakota,2008,29.78,48.95,21.27
ND,North Dakota,2009,29.78,49.75,20.47
ND,North Dakota,2010,26.48,51.6,21.92
ND,North Dakota,2011,25.33,51.82,22.85
ND,North Dakota,2012,23.64,51.61,24.75
ND,North Dakota,2013,25.48,50.6,23.92
ND,North Dakota,2014,23.71,52.53,23.76
ND,North Dakota,2015,24.11,52.6,23.29
ND,North Dakota,2016,24.51,53.42,22.07
ND,North Dakota,2017,22.71,55.3,21.98
ND,North Dakota,2018,23.35,54.5,22.14
ND,North Dakota,2019,23.72,53.51,22.77
ND,North Dakota,2020,21.02,58.21,20.76
ND,North Dakota,2021,20.96,58.22,20.82
ND,North Dakota,2022,22.79,57.11,20.1
ND,North Dakota,2023,25.39,54.87,19.74
ND,North Dakota,2024,25.02,55.29,19.69
NE,Nebraska,1960,38.39,30.36,31.25
NE,Nebraska,1961,38.54,30.11,31.35
NE,Nebraska,1962,39.07,29.32,31.62
NE,Nebraska,1963,38.19,28.74,33.07
NE,Nebraska,1964,38.96,29.47,31.57
NE,Nebraska,1965,41.48,28.47,30.04
NE,Nebraska,1966,39.96,31.78,28.25
NE,Nebraska,1967,43.4,25.68,30.92
NE,Nebraska,1968,42.71,25.87,31.42
NE,Nebraska,1969,44.55,25.62,29.83
NE,Nebraska,1970,44.5,26.18,29.32
NE,Nebraska,1971,44.57,25.86,29.57
NE,Nebraska,1972,43.46,25.28,31.26
NE,Nebraska,1973,39.75,28.2,32.05
NE,Nebraska,1974,39.89,29.76,30.35
NE,Nebraska,1975,40.08,30.61,29.31
NE,Nebraska,1976,40.1,30.7,29.2
NE,Nebraska,1977,39.65,29.56,30.79
NE,Nebraska,1978,38.69,29.51,31.8
NE,Nebraska,1979,39.66,31.02,29.32
NE,Nebraska,1980,42.41,29.06,28.53
NE,Nebraska,1981,44.06,27.62,28.32
NE,Nebraska,1982,46.27,25.33,28.4
NE,Nebraska,1983,45.72,24.58,29.7
NE,Nebraska,1984,46.63,24.55,28.82
NE,Nebraska,1985,46.51,24.47,29.02
NE,Nebraska,1986,45.98,23.8,30.22
NE,Nebraska,1987,43.87,25.52,30.6
NE,Nebraska,1988,44.33,24.92,30.75
NE,Nebraska,1989,45.12,25.41,29.47
NE,Nebraska,1990,45.72,25.44,28.84
NE,Nebraska,1991,47.49,24.85,27.66
NE,Nebraska,1992,45.16,25.48,29.36
NE,Nebraska,1993,45.68,27.13,27.19
NE,Nebraska,1994,45.43,27.86,26.71
NE,Nebraska,1995,44.25,28.71,27.04
NE,Nebraska,1996,43.79,28.18,28.03
NE,Nebraska,1997,42.5,29.58,27.92
NE,Nebraska,1998,40.15,31.43,28.42
NE,Nebraska,1999,39.88,30.46,29.65
NE,Nebraska,2000,42.88,30.92,26.2
NE,Nebraska,2001,43.75,31.55,24.7
NE,Nebraska,2002,43.57,31.47,24.96
NE,Nebraska,2003,41.77,32.85,25.39
NE,Nebraska,2004,40.63,34.26,25.11
NE,Nebraska,2005,41.1,34.18,24.73
NE,Nebraska,2006,39.96,35.57,24.47
NE,Nebraska,2007,39.51,37.03,23.46
NE,Nebraska,2008,38.96,38.76,22.28
NE,Nebraska,2009,38.04,39.14,22.82
NE,Nebraska,2010,34.78,41.15,24.07
NE,Nebraska,2011,33.85,42.58,23.57
NE,Nebraska,2012,32.19,44.74,23.06
NE,Nebraska,2013,34.32,43.02,22.66
NE,Nebraska,2014,34.05,42.54,23.41
NE,Nebraska,2015,32.46,43.52,24.03
NE,Nebraska,2016,31.65,44.81,23.54
NE,Nebraska,2017,30.95,45.11,23.94
NE,Nebraska,2018,33.48,42.56,23.97
NE,Nebraska,2019,33.58,42.32,24.1
NE,Nebraska,2020,32.57,43.9,23.53
NE,Nebraska,2021,31.45,44.97,23.59
NE,Nebraska,2022,31.37,45.0,23.63
NE,Nebraska,2023,32.8,43.69,23.51
NE,Nebraska,2024,32.7,43.85,23.45
NH,New Hampshire,1960,43.49,25.3,31.21
NH,New Hampshire,1961,45.97,23.72,30.31
NH,New Hampshire,1962,45.56,25.66,28.78
NH,New Hampshire,1963,46.15,25.5,28.34
NH,New Hampshire,1964,43.56,27.13,29.31
NH,New Hampshire,1965,45.33,25.22,29.44
NH,New Hampshire,1966,40.72,30.26,29.02
NH,New Hampshire,1967,43.66,25.2,31.14
NH,New Hampshire,1968,43.91,25.29,30.8
NH,New Hampshire,1969,43.05,28.42,28.52
NH,New Hampshire,1970,42.82,29.12,28.06
NH,New Hampshire,1971,42.51,30.32,27.17
NH,New Hampshire,1972,42.92,30.31,26.77
NH,New Hampshire,1973,42.43,30.5,27.07
NH,New Hampshire,1974,43.03,28.56,28.41
NH,New Hampshire,1975,43.18,27.74,29.08
NH,New Hampshire,1976,44.14,28.67,27.19
NH,New Hampshire,1977,42.78,29.47,27.74
NH,New Hampshire,1978,43.95,27.96,28.08
NH,New Hampshire,1979,40.97,27.0,32.02
NH,New Hampshire,1980,43.64,27.65,28.71
NH,New Hampshire,1981,43.69,27.32,28.99
NH,New Hampshire,1982,43.42,27.63,28.95
NH,New Hampshire,1983,42.36,28.51,29.13
NH,New Hampshire,1984,41.64,29.39,28.97
NH,New Hampshire,1985,42.41,29.72,27.87
NH,New Hampshire,1986,41.45,30.33,28.22
NH,New Hampshire,1987,43.21,28.66,28.14
NH,New Hampshire,1988,43.89,27.15,28.97
NH,New Hampshire,1989,47.26,23.83,28.91
NH,New Hampshire,1990,46.16,25.39,28.44
NH,New Hampshire,1991,47.23,22.6,30.17
NH,New Hampshire,1992,46.0,25.12,28.89
NH,New Hampshire,1993,46.45,24.12,29.43
NH,New Hampshire,1994,51.09,18.84,30.08
NH,New Hampshire,1995,50.27,18.89,30.83
NH,New Hampshire,1996,49.95,19.55,30.49
NH,New Hampshire,1997,49.32,18.6,32.08
NH,New Hampshire,1998,47.59,17.59,34.82
NH,New Hampshire,1999,47.99,17.2,34.8
NH,New Hampshire,2000,48.25,18.22,33.54
NH,New Hampshire,2001,49.14,17.12,33.74
NH,New Hampshire,2002,48.64,14.89,36.47
NH,New Hampshire,2003,51.18,15.64,33.17
NH,New Hampshire,2004,50.56,16.24,33.2
NH,New Hampshire,2005,51.78,15.78,32.44
NH,New Hampshire,2006,50.72,14.94,34.34
NH,New Hampshire,2007,51.32,14.03,34.65
NH,New Hampshire,2008,51.23,13.91,34.85
NH,New Hampshire,2009,52.55,12.24,35.21
NH,New Hampshire,2010,51.18,13.05,35.76
NH,New Hampshire,2011,51.28,13.49,35.23
NH,New Hampshire,2012,50.69,13.87,35.44
NH,New Hampshire,2013,52.29,13.92,33.79
NH,New Hampshire,2014,53.07,13.67,33.26
NH,New Hampshire,2015,54.14,13.13,32.73
NH,New Hampshire,2016,53.1,13.21,33.69
NH,New Hampshire,2017,52.74,14.37,32.89
NH,New Hampshire,2018,54.73,12.85,32.42
NH,New Hampshire,2019,54.45,12.56,32.99
NH,New Hampshire,2020,55.28,13.48,31.24
NH,New Hampshire,2021,53.2,13.02,33.78
NH,New Hampshire,2022,53.36,12.96,33.68
NH,New Hampshire,2023,52.4,12.87,34.72
NH,New Hampshire,2024,52.07,12.89,35.03
NJ,New Jersey,1960,36.31,37.18,26.51
NJ,New Jersey,1961,38.03,37.21,24.77
NJ,New Jersey,1962,37.26,37.2,25.53
NJ,New Jersey,1963,37.9,36.03,26.07
NJ,New Jersey,1964,37.96,35.48,26.56
NJ,New Jersey,1965,38.22,35.7,26.08
NJ,New Jersey,1966,38.56,35.8,25.63
NJ,New Jersey,1967,39.53,35.05,25.42
NJ,New Jersey,1968,39.6,34.6,25.8
NJ,New Jersey,1969,40.35,34.46,25.19
NJ,New Jersey,1970,41.2,33.25,25.55
NJ,New Jersey,1971,42.03,31.39,26.59
NJ,New Jersey,1972,42.03,30.55,27.42
NJ,New Jersey,1973,41.86,31.15,26.99
NJ,New Jersey,1974,41.97,30.58,27.45
NJ,New Jersey,1975,42.93,28.71,28.36
NJ,New Jersey,1976,43.91,28.93,27.16
NJ,New Jersey,1977,42.6,29.46,27.94
NJ,New Jersey,1978,41.94,29.25,28.81
NJ,New Jersey,1979,39.5,32.69,27.81
NJ,New Jersey,1980,42.84,28.78,28.38
NJ,New Jersey,1981,42.29,26.69,31.02
NJ,New Jersey,1982,39.88,24.62,35.5
NJ,New Jersey,1983,39.37,22.96,37.66
NJ,New Jersey,1984,39.38,23.21,37.41
NJ,New Jersey,1985,40.45,21.43,38.12
NJ,New Jersey,1986,40.92,20.66,38.41
NJ,New Jersey,1987,41.27,21.08,37.65
NJ,New Jersey,1988,43.68,20.68,35.64
NJ,New Jersey,1989,44.32,19.82,35.86
NJ,New Jersey,1990,44.92,19.58,35.5
NJ,New Jersey,1991,45.06,19.46,35.48
NJ,New Jersey,1992,43.93,21.72,34.35
NJ,New Jersey,1993,44.43,23.11,32.46
NJ,New Jersey,1994,44.43,21.58,33.99
NJ,New Jersey,1995,43.24,22.1,34.66
NJ,New Jersey,1996,44.81,21.49,33.69
NJ,New Jersey,1997,44.01,22.13,33.85
NJ,New Jersey,1998,43.61,21.71,34.67
NJ,New Jersey,1999,44.79,22.07,33.14
NJ,New Jersey,2000,46.87,16.57,36.56
NJ,New Jersey,2001,46.08,17.99,35.94
NJ,New Jersey,2002,47.07,17.09,35.84
NJ,New Jersey,2003,49.61,15.72,34.67
NJ,New Jersey,2004,49.6,15.08,35.32
NJ,New Jersey,2005,48.51,14.68,36.8
NJ,New Jersey,2006,46.99,14.36,38.64
NJ,New Jersey,2007,47.49,13.76,38.75
NJ,New Jersey,2008,47.71,12.2,40.09
NJ,New Jersey,2009,51.4,11.1,37.5
NJ,New Jersey,2010,53.53,11.89,34.58
NJ,New Jersey,2011,52.84,12.2,34.96
NJ,New Jersey,2012,52.33,12.7,34.97
NJ,New Jersey,2013,53.24,12.27,34.49
NJ,New Jersey,2014,54.6,11.68,33.73
NJ,New Jersey,2015,53.61,12.1,34.29
NJ,New Jersey,2016,51.38,12.15,36.48
NJ,New Jersey,2017,52.05,12.26,35.69
NJ,New Jersey,2018,52.89,11.96,35.15
NJ,New Jersey,2019,52.89,12.48,34.63
NJ,New Jersey,2020,56.42,12.65,30.94
NJ,New Jersey,2021,55.81,12.19,31.99
NJ,New Jersey,2022,55.32,12.72,31.96
NJ,New Jersey,2023,53.2,13.02,33.77
NJ,New Jersey,2024,54.7,11.54,33.76
NM,New Mexico,1960,19.68,52.0,28.31
NM,New Mexico,1961,20.69,48.88,30.43
NM,New Mexico,1962,19.79,50.81,29.39
NM,New Mexico,1963,20.84,48.45,30.7
NM,New Mexico,1964,22.29,47.36,30.35
NM,New Mexico,1965,22.57,44.38,33.05
NM,New Mexico,1966,23.65,45.86,30.49
NM,New Mexico,1967,26.43,44.38,29.2
NM,New Mexico,1968,26.4,43.72,29.88
NM,New Mexico,1969,26.52,41.87,31.61
NM,New Mexico,1970,27.0,42.34,30.66
NM,New Mexico,1971,27.57,41.54,30.88
NM,New Mexico,1972,27.03,40.71,32.26
NM,New Mexico,1973,24.88,41.31,33.81
NM,New Mexico,1974,25.36,40.42,34.22
NM,New Mexico,1975,25.48,39.49,35.03
NM,New Mexico,1976,27.96,39.49,32.55
NM,New Mexico,1977,26.95,37.89,35.16
NM,New Mexico,1978,26.95,35.82,37.23
NM,New Mexico,1979,28.14,35.11,36.75
NM,New Mexico,1980,28.39,34.28,37.33
NM,New Mexico,1981,26.76,31.67,41.56
NM,New Mexico,1982,28.27,33.36,38.37
NM,New Mexico,1983,30.48,35.22,34.3
NM,New Mexico,1984,31.68,37.69,30.63
NM,New Mexico,1985,31.05,33.06,35.89
NM,New Mexico,1986,32.18,29.53,38.28
NM,New Mexico,1987,31.3,31.38,37.33
NM,New Mexico,1988,32.59,29.15,38.26
NM,New Mexico,1989,31.79,28.96,39.25
NM,New Mexico,1990,29.28,32.11,38.62
NM,New Mexico,1991,29.99,31.78,38.24
NM,New Mexico,1992,31.01,32.9,36.09
NM,New Mexico,1993,30.7,32.15,37.15
NM,New Mexico,1994,30.75,33.14,36.11
NM,New Mexico,1995,31.41,35.06,33.54
NM,New Mexico,1996,32.68,36.45,30.87
NM,New Mexico,1997,31.6,32.11,36.29
NM,New Mexico,1998,32.65,31.0,36.35
NM,New Mexico,1999,33.33,30.56,36.1
NM,New Mexico,2000,33.84,31.97,34.19
NM,New Mexico,2001,34.48,30.72,34.8
NM,New Mexico,2002,35.36,30.39,34.24
NM,New Mexico,2003,34.21,32.69,33.1
NM,New Mexico,2004,33.85,33.07,33.09
NM,New Mexico,2005,35.18,32.66,32.16
NM,New Mexico,2006,34.1,32.84,33.07
NM,New Mexico,2007,34.23,35.04,30.73
NM,New Mexico,2008,36.01,33.88,30.1
NM,New Mexico,2009,36.23,32.76,31.01
NM,New Mexico,2010,36.87,32.77,30.36
NM,New Mexico,2011,36.35,33.2,30.44
NM,New Mexico,2012,35.51,33.78,30.71
NM,New Mexico,2013,36.45,32.84,30.71
NM,New Mexico,2014,34.86,33.78,31.35
NM,New Mexico,2015,34.98,33.23,31.79
NM,New Mexico,2016,34.85,33.3,31.85
NM,New Mexico,2017,32.84,33.45,33.71
NM,New Mexico,2018,32.85,32.86,34.29
NM,New Mexico,2019,33.88,32.92,33.2
NM,New Mexico,2020,32.34,34.33,33.34
NM,New Mexico,2021,30.02,34.97,35.01
NM,New Mexico,2022,30.09,36.17,33.74
NM,New Mexico,2023,29.46,36.82,33.72
NM,New Mexico,2024,28.92,38.53,32.55
NV,Nevada,1960,25.77,26.15,48.08
NV,Nevada,1961,23.91,29.93,46.16
NV,Nevada,1962,24.44,27.18,48.38
NV,Nevada,1963,27.75,25.74,46.51
NV,Nevada,1964,31.24,22.41,46.35
NV,Nevada,1965,32.13,23.18,44.69
NV,Nevada,1966,33.2,26.2,40.6
NV,Nevada,1967,34.47,23.5,42.03
NV,Nevada,1968,34.16,21.1,44.75
NV,Nevada,1969,35.57,21.66,42.78
NV,Nevada,1970,37.87,22.17,39.96
NV,Nevada,1971,39.3,21.91,38.79
NV,Nevada,1972,39.59,21.63,38.78
NV,Nevada,1973,38.97,21.75,39.29
NV,Nevada,1974,39.61,21.39,39.0
NV,Nevada,1975,40.46,19.27,40.27
NV,Nevada,1976,38.42,21.7,39.88
NV,Nevada,1977,38.15,20.94,40.91
NV,Nevada,1978,38.78,19.81,41.41
NV,Nevada,1979,35.23,25.16,39.61
NV,Nevada,1980,32.42,26.3,41.27
NV,Nevada,1981,32.72,25.82,41.47
NV,Nevada,1982,33.46,26.01,40.53
NV,Nevada,1983,32.38,27.67,39.95
NV,Nevada,1984,38.57,23.42,38.01
NV,Nevada,1985,39.7,22.32,37.98
NV,Nevada,1986,38.85,21.73,39.42
NV,Nevada,1987,38.28,22.22,39.49
NV,Nevada,1988,38.56,23.39,38.06
NV,Nevada,1989,38.04,26.78,35.18
NV,Nevada,1990,39.16,27.2,33.64
NV,Nevada,1991,39.55,26.07,34.38
NV,Nevada,1992,38.95,27.27,33.78
NV,Nevada,1993,39.42,27.33,33.25
NV,Nevada,1994,39.85,27.93,32.22
NV,Nevada,1995,37.7,29.51,32.79
NV,Nevada,1996,38.85,27.88,33.27
NV,Nevada,1997,38.95,27.96,33.09
NV,Nevada,1998,38.73,28.15,33.12
NV,Nevada,1999,38.91,27.14,33.96
NV,Nevada,2000,39.72,26.34,33.94
NV,Nevada,2001,39.78,26.58,33.65
NV,Nevada,2002,40.27,25.19,34.55
NV,Nevada,2003,40.58,25.54,33.89
NV,Nevada,2004,39.68,26.17,34.15
NV,Nevada,2005,38.89,26.5,34.61
NV,Nevada,2006,38.78,26.05,35.17
NV,Nevada,2007,38.89,25.03,36.08
NV,Nevada,2008,40.02,25.68,34.3
NV,Nevada,2009,40.62,25.73,33.64
NV,Nevada,2010,37.97,24.19,37.84
NV,Nevada,2011,38.82,23.22,37.96
NV,Nevada,2012,38.28,23.53,38.19
NV,Nevada,2013,38.56,23.31,38.12
NV,Nevada,2014,36.94,25.05,38.01
NV,Nevada,2015,38.07,22.6,39.33
NV,Nevada,2016,37.54,22.82,39.64
NV,Nevada,2017,38.26,21.95,39.79
NV,Nevada,2018,39.41,21.58,39.01
NV,Nevada,2019,39.45,21.53,39.02
NV,Nevada,2020,43.54,21.23,35.23
NV,Nevada,2021,41.49,20.67,37.84
NV,Nevada,2022,40.69,20.19,39.11
NV,Nevada,2023,40.9,20.16,38.94
NV,Nevada,2024,41.79,19.03,39.18
NY,New York,1960,42.85,29.73,27.42
NY,New York,1961,42.47,30.42,27.11
NY,New York,1962,42.71,31.45,25.84
NY,New York,1963,44.39,29.71,25.9
NY,New York,1964,43.34,30.67,25.99
NY,New York,1965,44.1,31.2,24.7
NY,New York,1966,44.49,30.91,24.6
NY,New York,1967,45.33,29.21,25.46
NY,New York,1968,45.67,28.64,25.69
NY,New York,1969,45.35,28.39,26.26
NY,New York,1970,46.18,27.67,26.16
NY,New York,1971,47.02,25.56,27.41
NY,New York,1972,48.1,24.7,27.2
NY,New York,1973,46.83,25.7,27.47
NY,New York,1974,47.38,25.99,26.63
NY,New York,1975,48.44,24.05,27.51
NY,New York,1976,48.1,25.02,26.87
NY,New York,1977,48.24,25.17,26.59
NY,New York,1978,48.69,24.42,26.89
NY,New York,1979,45.81,26.11,28.08
NY,New York,1980,49.0,23.75,27.25
NY,New York,1981,49.68,23.49,26.82
NY,New York,1982,52.35,22.46,25.19
NY,New York,1983,53.9,21.74,24.36
NY,New York,1984,56.55,21.49,21.95
NY,New York,1985,54.52,20.74,24.74
NY,New York,1986,56.4,18.69,24.91
NY,New York,1987,55.63,18.93,25.44
NY,New York,1988,57.12,19.24,23.64
NY,New York,1989,57.44,18.78,23.78
NY,New York,1990,55.35,18.73,25.92
NY,New York,1991,55.81,18.55,25.64
NY,New York,1992,56.58,18.97,24.44
NY,New York,1993,56.73,18.55,24.72
NY,New York,1994,56.71,18.56,24.73
NY,New York,1995,56.49,18.38,25.14
NY,New York,1996,56.28,18.32,25.4
NY,New York,1997,57.42,17.64,24.94
NY,New York,1998,57.09,17.35,25.56
NY,New York,1999,59.89,15.32,24.79
NY,New York,2000,61.03,14.57,24.41
NY,New York,2001,61.01,13.98,25.01
NY,New York,2002,61.16,13.24,25.61
NY,New York,2003,61.68,11.88,26.44
NY,New York,2004,61.39,11.75,26.86
NY,New York,2005,61.29,11.94,26.77
NY,New York,2006,59.46,11.07,29.47
NY,New York,2007,59.76,11.59,28.65
NY,New York,2008,60.39,10.29,29.32
NY,New York,2009,60.09,9.69,30.22
NY,New York,2010,57.98,9.29,32.74
NY,New York,2011,58.35,9.7,31.95
NY,New York,2012,57.56,9.93,32.51
NY,New York,2013,57.76,10.57,31.68
NY,New York,2014,57.36,10.19,32.44
NY,New York,2015,57.98,10.29,31.73
NY,New York,2016,56.06,10.3,33.64
NY,New York,2017,55.75,10.16,34.09
NY,New York,2018,57.38,9.84,32.78
NY,New York,2019,57.18,9.93,32.89
NY,New York,2020,60.54,10.62,28.84
NY,New York,2021,58.54,10.27,31.19
NY,New York,2022,57.76,9.65,32.58
NY,New York,2023,56.79,9.58,33.63
NY,New York,2024,56.56,9.48,33.96
OH,Ohio,1960,29.7,53.59,16.71
OH,Ohio,1961,30.96,52.07,16.97
OH,Ohio,1962,31.03,51.92,17.06
OH,Ohio,1963,30.75,52.3,16.95
OH,Ohio,1964,29.76,53.19,17.05
OH,Ohio,1965,29.95,53.33,16.71
OH,Ohio,1966,30.28,53.01,16.71
OH,Ohio,1967,31.36,51.51,17.13
OH,Ohio,1968,31.1,51.53,17.37
OH,Ohio,1969,31.61,50.96,17.43
OH,Ohio,1970,32.18,50.2,17.62
OH,Ohio,1971,33.36,48.25,18.39
OH,Ohio,1972,33.13,48.28,18.59
OH,Ohio,1973,32.12,48.94,18.93
OH,Ohio,1974,32.57,48.92,18.51
OH,Ohio,1975,33.15,47.07,19.77
OH,Ohio,1976,33.15,47.3,19.56
OH,Ohio,1977,32.74,47.37,19.89
OH,Ohio,1978,33.33,46.52,20.14
OH,Ohio,1979,30.68,49.67,19.65
OH,Ohio,1980,33.35,46.18,20.47
OH,Ohio,1981,33.81,45.82,20.37
OH,Ohio,1982,36.7,41.65,21.65
OH,Ohio,1983,36.52,41.29,22.2
OH,Ohio,1984,36.33,42.39,21.27
OH,Ohio,1985,36.04,42.38,21.58
OH,Ohio,1986,37.36,40.07,22.57
OH,Ohio,1987,37.13,40.4,22.46
OH,Ohio,1988,38.06,40.17,21.77
OH,Ohio,1989,38.06,40.5,21.44
OH,Ohio,1990,37.05,41.85,21.1
OH,Ohio,1991,39.07,40.07,20.86
OH,Ohio,1992,38.53,41.04,20.44
OH,Ohio,1993,39.51,39.41,21.08
OH,Ohio,1994,38.24,40.86,20.9
OH,Ohio,1995,39.17,39.98,20.85
OH,Ohio,1996,39.47,39.29,21.24
OH,Ohio,1997,38.64,39.31,22.05
OH,Ohio,1998,37.66,39.45,22.89
OH,Ohio,1999,38.37,38.92,22.71
OH,Ohio,2000,39.13,37.75,23.12
OH,Ohio,2001,39.7,35.84,24.45
OH,Ohio,2002,41.53,33.47,25.0
OH,Ohio,2003,41.9,33.34,24.77
OH,Ohio,2004,41.75,33.15,25.11
OH,Ohio,2005,42.45,32.67,24.88
OH,Ohio,2006,40.74,33.16,26.1
OH,Ohio,2007,41.71,32.82,25.46
OH,Ohio,2008,42.19,33.16,24.65
OH,Ohio,2009,44.37,30.35,25.28
OH,Ohio,2010,43.84,32.43,23.73
OH,Ohio,2011,43.8,32.5,23.7
OH,Ohio,2012,42.33,33.74,23.93
OH,Ohio,2013,43.41,32.75,23.84
OH,Ohio,2014,43.65,32.64,23.72
OH,Ohio,2015,42.93,32.65,24.41
OH,Ohio,2016,42.51,32.87,24.62
OH,Ohio,2017,41.65,33.12,25.23
OH,Ohio,2018,42.9,32.68,24.41
OH,Ohio,2019,42.43,32.68,24.89
OH,Ohio,2020,43.22,32.48,24.3
OH,Ohio,2021,42.16,32.79,25.06
OH,Ohio,2022,42.9,32.28,24.82
OH,Ohio,2023,40.86,33.26,25.89
OH,Ohio,2024,41.22,32.84,25.94
OK,Oklahoma,1960,29.55,44.02,26.43
OK,Oklahoma,1961,28.95,43.68,27.37
OK,Oklahoma,1962,25.73,50.01,24.26
OK,Oklahoma,1963,24.69,52.29,23.02
OK,Oklahoma,1964,24.87,52.64,22.49
OK,Oklahoma,1965,26.23,49.86,23.9
OK,Oklahoma,1966,28.73,44.98,26.28
OK,Oklahoma,1967,29.63,43.7,26.67
OK,Oklahoma,1968,29.89,43.99,26.12
OK,Oklahoma,1969,30.24,44.18,25.57
OK,Oklahoma,1970,30.96,42.75,26.3
OK,Oklahoma,1971,30.38,43.39,26.23
OK,Oklahoma,1972,31.55,42.07,26.38
OK,Oklahoma,1973,31.36,41.38,27.26
OK,Oklahoma,1974,30.95,43.05,26.0
OK,Oklahoma,1975,31.28,41.99,26.73
OK,Oklahoma,1976,29.78,43.98,26.23
OK,Oklahoma,1977,30.86,43.16,25.97
OK,Oklahoma,1978,30.63,43.47,25.9
OK,Oklahoma,1979,28.3,47.08,24.62
OK,Oklahoma,1980,30.96,43.0,26.03
OK,Oklahoma,1981,31.43,41.49,27.08
OK,Oklahoma,1982,32.21,40.4,27.39
OK,Oklahoma,1983,33.06,39.89,27.05
OK,Oklahoma,1984,31.76,41.36,26.88
OK,Oklahoma,1985,32.48,40.59,26.93
OK,Oklahoma,1986,32.55,39.75,27.7
OK,Oklahoma,1987,30.84,42.24,26.91
OK,Oklahoma,1988,33.01,40.4,26.58
OK,Oklahoma,1989,31.39,41.14,27.47
OK,Oklahoma,1990,33.36,41.88,24.76
OK,Oklahoma,1991,33.02,40.39,26.59
OK,Oklahoma,1992,30.6,40.96,28.44
OK,Oklahoma,1993,32.33,41.16,26.51
OK,Oklahoma,1994,32.04,40.83,27.13
OK,Oklahoma,1995,32.79,40.72,26.48
OK,Oklahoma,1996,34.16,39.05,26.79
OK,Oklahoma,1997,34.0,39.69,26.31
OK,Oklahoma,1998,35.37,37.82,26.81
OK,Oklahoma,1999,34.41,37.22,28.37
OK,Oklahoma,2000,35.89,35.18,28.93
OK,Oklahoma,2001,35.32,33.51,31.17
OK,Oklahoma,2002,36.56,33.35,30.09
OK,Oklahoma,2003,35.24,34.63,30.13
OK,Oklahoma,2004,34.54,37.15,28.31
OK,Oklahoma,2005,34.23,36.7,29.07
OK,Oklahoma,2006,33.31,37.76,28.94
OK,Oklahoma,2007,33.8,36.5,29.71
OK,Oklahoma,2008,34.08,36.14,29.79
OK,Oklahoma,2009,35.33,34.4,30.27
OK,Oklahoma,2010,35.57,34.96,29.46
OK,Oklahoma,2011,35.37,35.78,28.85
OK,Oklahoma,2012,33.07,37.5,29.43
OK,Oklahoma,2013,34.3,36.96,28.74
OK,Oklahoma,2014,33.42,36.64,29.94
OK,Oklahoma,2015,31.95,37.49,30.56
OK,Oklahoma,2016,30.23,38.67,31.1
OK,Oklahoma,2017,28.52,39.85,31.63
OK,Oklahoma,2018,29.86,39.27,30.87
OK,Oklahoma,2019,29.02,40.1,30.88
OK,Oklahoma,2020,28.84,41.56,29.61
OK,Oklahoma,2021,29.24,40.22,30.54
OK,Oklahoma,2022,30.11,39.9,29.99
OK,Oklahoma,2023,29.22,40.42,30.37
OK,Oklahoma,2024,29.8,40.09,30.11
OR,Oregon,1960,34.19,41.06,24.75
OR,Oregon,1961,33.67,41.37,24.97
OR,Oregon,1962,33.81,41.62,24.57
OR,Oregon,1963,34.93,40.84,24.23
OR,Oregon,1964,35.19,41.87,22.95
OR,Oregon,1965,34.4,41.93,23.67
OR,Oregon,1966,33.98,41.8,24.23
OR,Oregon,1967,34.11,41.26,24.63
OR,Oregon,1968,33.75,40.26,25.99
OR,Oregon,1969,35.26,39.66,25.09
OR,Oregon,1970,35.57,39.05,25.37
OR,Oregon,1971,36.3,38.59,25.12
OR,Oregon,1972,36.47,37.89,25.64
OR,Oregon,1973,35.92,37.31,26.77
OR,Oregon,1974,36.28,37.39,26.33
OR,Oregon,1975,36.77,37.37,25.86
OR,Oregon,1976,35.21,38.09,26.7
OR,Oregon,1977,35.22,36.62,28.17
OR,Oregon,1978,34.75,36.41,28.84
OR,Oregon,1979,36.01,35.15,28.84
OR,Oregon,1980,36.31,37.33,26.35
OR,Oregon,1981,33.94,38.49,27.57
OR,Oregon,1982,36.26,34.91,28.82
OR,Oregon,1983,35.89,35.63,28.48
OR,Oregon,1984,35.81,38.36,25.83
OR,Oregon,1985,38.13,34.52,27.35
OR,Oregon,1986,36.69,34.83,28.49
OR,Oregon,1987,35.16,36.01,28.83
OR,Oregon,1988,35.42,35.48,29.1
OR,Oregon,1989,37.59,33.05,29.36
OR,Oregon,1990,30.11,31.19,38.7
OR,Oregon,1991,29.39,29.78,40.83
OR,Oregon,1992,31.04,30.82,38.14
OR,Oregon,1993,32.88,30.0,37.11
OR,Oregon,1994,33.73,30.15,36.11
OR,Oregon,1995,30.92,30.81,38.27
OR,Oregon,1996,29.36,31.74,38.9
OR,Oregon,1997,28.87,32.1,39.04
OR,Oregon,1998,29.79,32.04,38.17
OR,Oregon,1999,30.22,31.59,38.19
OR,Oregon,2000,33.75,29.7,36.56
OR,Oregon,2001,37.01,26.68,36.31
OR,Oregon,2002,34.6,26.49,38.91
OR,Oregon,2003,35.71,25.05,39.24
OR,Oregon,2004,33.72,26.18,40.11
OR,Oregon,2005,34.43,25.96,39.61
OR,Oregon,2006,32.82,26.2,40.98
OR,Oregon,2007,34.19,25.22,40.59
OR,Oregon,2008,35.77,25.34,38.88
OR,Oregon,2009,36.79,22.67,40.54
OR,Oregon,2010,36.23,23.4,40.37
OR,Oregon,2011,36.08,24.01,39.91
OR,Oregon,2012,35.23,25.08,39.69
OR,Oregon,2013,36.86,24.89,38.25
OR,Oregon,2014,35.45,25.36,39.19
OR,Oregon,2015,35.65,26.14,38.21
OR,Oregon,2016,35.89,25.91,38.2
OR,Oregon,2017,37.17,25.39,37.44
OR,Oregon,2018,36.38,24.94,38.68
OR,Oregon,2019,38.2,25.07,36.72
OR,Oregon,2020,37.03,27.25,35.72
OR,Oregon,2021,36.4,27.3,36.3
OR,Oregon,2022,36.51,27.43,36.06
OR,Oregon,2023,39.67,23.78,36.55
OR,Oregon,2024,39.48,24.4,36.13
PA,Pennsylvania,1960,30.43,52.79,16.78
PA,Pennsylvania,1961,31.16,52.12,16.72
PA,Pennsylvania,1962,30.65,52.68,16.67
PA,Pennsylvania,1963,29.68,53.66,16.66
PA,Pennsylvania,1964,27.99,55.93,16.08
PA,Pennsylvania,1965,27.53,56.85,15.62
PA,Pennsylvania,1966,27.6,56.61,15.79
PA,Pennsylvania,1967,28.35,54.82,16.83
PA,Pennsylvania,1968,28.39,54.11,17.5
PA,Pennsylvania,1969,29.12,53.17,17.71
PA,Pennsylvania,1970,29.5,52.6,17.9
PA,Pennsylvania,1971,30.89,50.18,18.93
PA,Pennsylvania,1972,30.81,49.64,19.55
PA,Pennsylvania,1973,30.21,50.4,19.39
PA,Pennsylvania,1974,29.51,50.99,19.5
PA,Pennsylvania,1975,31.32,48.48,20.2
PA,Pennsylvania,1976,31.76,47.62,20.62
PA,Pennsylvania,1977,32.27,46.57,21.16
PA,Pennsylvania,1978,32.7,45.81,21.49
PA,Pennsylvania,1979,31.46,48.07,20.47
PA,Pennsylvania,1980,33.44,45.61,20.95
PA,Pennsylvania,1981,34.86,44.29,20.85
PA,Pennsylvania,1982,38.16,39.47,22.37
PA,Pennsylvania,1983,37.86,39.46,22.69
PA,Pennsylvania,1984,37.18,41.18,21.64
PA,Pennsylvania,1985,37.62,39.58,22.8
PA,Pennsylvania,1986,38.75,37.12,24.13
PA,Pennsylvania,1987,37.46,38.38,24.16
PA,Pennsylvania,1988,37.96,38.16,23.89
PA,Pennsylvania,1989,39.47,38.09,22.44
PA,Pennsylvania,1990,37.73,39.08,23.19
PA,Pennsylvania,1991,39.41,37.09,23.5
PA,Pennsylvania,1992,39.27,37.4,23.33
PA,Pennsylvania,1993,39.82,36.73,23.45
PA,Pennsylvania,1994,40.0,36.77,23.23
PA,Pennsylvania,1995,39.77,36.98,23.25
PA,Pennsylvania,1996,40.68,36.39,22.93
PA,Pennsylvania,1997,39.31,36.61,24.07
PA,Pennsylvania,1998,39.05,35.22,25.73
PA,Pennsylvania,1999,40.61,33.66,25.73
PA,Pennsylvania,2000,41.94,32.65,25.41
PA,Pennsylvania,2001,40.99,33.09,25.92
PA,Pennsylvania,2002,42.09,32.27,25.63
PA,Pennsylvania,2003,42.82,32.13,25.05
PA,Pennsylvania,2004,42.27,32.27,25.46
PA,Pennsylvania,2005,42.7,31.61,25.69
PA,Pennsylvania,2006,41.08,32.51,26.41
PA,Pennsylvania,2007,42.48,31.64,25.88
PA,Pennsylvania,2008,43.81,31.43,24.76
PA,Pennsylvania,2009,44.13,29.18,26.69
PA,Pennsylvania,2010,43.34,31.02,25.64
PA,Pennsylvania,2011,41.57,32.8,25.63
PA,Pennsylvania,2012,40.32,33.76,25.92
PA,Pennsylvania,2013,40.55,34.95,24.5
PA,Pennsylvania,2014,40.57,35.73,23.7
PA,Pennsylvania,2015,41.01,35.35,23.64
PA,Pennsylvania,2016,40.65,35.24,24.11
PA,Pennsylvania,2017,39.62,36.06,24.32
PA,Pennsylvania,2018,40.95,35.77,23.28
PA,Pennsylvania,2019,38.87,36.87,24.26
PA,Pennsylvania,2020,40.0,36.87,23.13
PA,Pennsylvania,2021,38.79,37.75,23.45
PA,Pennsylvania,2022,38.66,38.55,22.79
PA,Pennsylvania,2023,36.79,39.89,23.32
PA,Pennsylvania,2024,37.97,38.72,23.31
RI,Rhode Island,1960,40.04,26.66,33.3
RI,Rhode Island,1961,42.47,26.14,31.39
RI,Rhode Island,1962,41.54,29.1,29.36
RI,Rhode Island,1963,41.74,28.15,30.12
RI,Rhode Island,1964,39.21,32.35,28.44
RI,Rhode Island,1965,41.65,26.58,31.77
RI,Rhode Island,1966,40.52,26.79,32.69
RI,Rhode Island,1967,42.06,24.2,33.74
RI,Rhode Island,1968,43.66,25.84,30.5
RI,Rhode Island,1969,45.04,26.62,28.34
RI,Rhode Island,1970,45.05,25.84,29.11
RI,Rhode Island,1971,44.83,25.86,29.32
RI,Rhode Island,1972,46.96,24.79,28.24
RI,Rhode Island,1973,46.55,26.87,26.58
RI,Rhode Island,1974,46.81,25.37,27.82
RI,Rhode Island,1975,48.42,23.2,28.39
RI,Rhode Island,1976,49.04,24.64,26.32
RI,Rhode Island,1977,47.83,26.89,25.28
RI,Rhode Island,1978,49.9,23.85,26.25
RI,Rhode Island,1979,50.74,21.58,27.68
RI,Rhode Island,1980,51.51,19.64,28.85
RI,Rhode Island,1981,50.47,19.56,29.98
RI,Rhode Island,1982,51.24,18.92,29.83
RI,Rhode Island,1983,52.5,18.43,29.07
RI,Rhode Island,1984,52.05,18.99,28.96
RI,Rhode Island,1985,51.09,23.48,25.43
RI,Rhode Island,1986,52.85,19.1,28.05
RI,Rhode Island,1987,51.82,19.43,28.76
RI,Rhode Island,1988,52.64,19.15,28.21
RI,Rhode Island,1989,53.92,17.38,28.71
RI,Rhode Island,1990,55.23,17.53,27.25
RI,Rhode Island,1991,50.7,22.74,26.55
RI,Rhode Island,1992,45.47,31.41,23.12
RI,Rhode Island,1993,54.61,17.17,28.22
RI,Rhode Island,1994,47.88,28.84,23.29
RI,Rhode Island,1995,48.45,26.33,25.22
RI,Rhode Island,1996,51.85,21.52,26.63
RI,Rhode Island,1997,50.2,20.0,29.81
RI,Rhode Island,1998,45.1,27.18,27.71
RI,Rhode Island,1999,48.05,23.12,28.82
RI,Rhode Island,2000,55.72,12.6,31.68
RI,Rhode Island,2001,56.42,11.4,32.18
RI,Rhode Island,2002,57.13,10.89,31.97
RI,Rhode Island,2003,59.55,11.11,29.34
RI,Rhode Island,2004,59.84,11.32,28.84
RI,Rhode Island,2005,58.74,11.54,29.72
RI,Rhode Island,2006,55.76,11.89,32.35
RI,Rhode Island,2007,57.22,10.52,32.26
RI,Rhode Island,2008,55.03,13.78,31.19
RI,Rhode Island,2009,55.21,12.78,32.01
RI,Rhode Island,2010,55.14,12.85,32.02
RI,Rhode Island,2011,55.98,11.98,32.04
RI,Rhode Island,2012,56.5,12.65,30.85
RI,Rhode Island,2013,57.82,13.02,29.16
RI,Rhode Island,2014,57.43,12.43,30.14
RI,Rhode Island,2015,57.78,12.16,30.06
RI,Rhode Island,2016,56.36,12.67,30.97
RI,Rhode Island,2017,55.1,12.92,31.99
RI,Rhode Island,2018,57.07,12.02,30.91
RI,Rhode Island,2019,56.65,11.79,31.55
RI,Rhode Island,2020,58.11,12.7,29.18
RI,Rhode Island,2021,58.17,11.95,29.88
RI,Rhode Island,2022,57.93,11.58,30.49
RI,Rhode Island,2023,57.22,11.1,31.69
RI,Rhode Island,2024,56.74,10.35,32.91
SC,South Carolina,1960,29.51,43.67,26.82
SC,South Carolina,1961,28.6,44.79,26.61
SC,South Carolina,1962,29.03,43.5,27.46
SC,South Carolina,1963,28.06,43.95,27.99
SC,South Carolina,1964,28.59,44.47,26.94
SC,South Carolina,1965,27.28,45.09,27.63
SC,South Carolina,1966,27.09,45.42,27.49
SC,South Carolina,1967,28.26,44.26,27.48
SC,South Carolina,1968,28.95,42.57,28.48
SC,South Carolina,1969,29.12,43.24,27.64
SC,South Carolina,1970,29.17,43.17,27.66
SC,South Carolina,1971,29.32,42.95,27.73
SC,South Carolina,1972,28.43,44.47,27.1
SC,South Carolina,1973,29.08,43.43,27.49
SC,South Carolina,1974,28.98,43.02,28.0
SC,South Carolina,1975,31.81,39.67,28.53
SC,South Carolina,1976,33.13,40.49,26.38
SC,South Carolina,1977,33.36,40.59,26.05
SC,South Carolina,1978,32.74,39.54,27.72
SC,South Carolina,1979,30.29,41.95,27.77
SC,South Carolina,1980,32.65,41.57,25.78
SC,South Carolina,1981,31.09,43.44,25.47
SC,South Carolina,1982,33.09,40.38,26.52
SC,South Carolina,1983,32.68,41.05,26.27
SC,South Carolina,1984,31.83,42.42,25.74
SC,South Carolina,1985,32.09,42.26,25.65
SC,South Carolina,1986,32.02,42.93,25.04
SC,South Carolina,1987,32.48,43.69,23.83
SC,South Carolina,1988,31.87,43.26,24.87
SC,South Carolina,1989,32.77,43.15,24.08
SC,South Carolina,1990,32.32,43.0,24.68
SC,South Carolina,1991,32.46,42.61,24.93
SC,South Carolina,1992,32.54,43.68,23.77
SC,South Carolina,1993,33.99,42.96,23.05
SC,South Carolina,1994,33.06,43.41,23.53
SC,South Carolina,1995,33.97,43.38,22.65
SC,South Carolina,1996,34.75,42.7,22.54
SC,South Carolina,1997,32.73,44.52,22.76
SC,South Carolina,1998,34.29,42.35,23.37
SC,South Carolina,1999,34.91,41.27,23.82
SC,South Carolina,2000,35.46,40.93,23.6
SC,South Carolina,2001,35.7,39.73,24.57
SC,South Carolina,2002,35.94,39.58,24.48
SC,South Carolina,2003,36.27,38.89,24.84
SC,South Carolina,2004,35.86,37.76,26.38
SC,South Carolina,2005,36.69,37.71,25.6
SC,South Carolina,2006,36.46,37.03,26.51
SC,South Carolina,2007,37.68,35.61,26.71
SC,South Carolina,2008,38.92,34.47,26.61
SC,South Carolina,2009,39.39,32.13,28.48
SC,South Carolina,2010,40.5,31.73,27.77
SC,South Carolina,2011,38.84,33.2,27.96
SC,South Carolina,2012,37.96,34.13,27.91
SC,South Carolina,2013,37.81,33.59,28.6
SC,South Carolina,2014,38.99,33.68,27.33
SC,South Carolina,2015,38.23,33.4,28.37
SC,South Carolina,2016,38.87,31.85,29.28
SC,South Carolina,2017,37.79,32.27,29.95
SC,South Carolina,2018,38.8,31.66,29.54
SC,South Carolina,2019,38.6,31.65,29.75
SC,South Carolina,2020,39.5,31.75,28.74
SC,South Carolina,2021,38.49,31.69,29.82
SC,South Carolina,2022,40.59,30.88,28.54
SC,South Carolina,2023,40.17,30.42,29.41
SC,South Carolina,2024,41.12,29.82,29.06
SD,South Dakota,1960,37.04,30.45,32.51
SD,South Dakota,1961,37.5,29.13,33.36
SD,South Dakota,1962,37.96,27.75,34.29
SD,South Dakota,1963,36.84,28.52,34.64
SD,South Dakota,1964,37.99,28.86,33.14
SD,South Dakota,1965,39.25,27.72,33.04
SD,South Dakota,1966,38.51,28.53,32.96
SD,South Dakota,1967,39.24,27.06,33.7
SD,South Dakota,1968,40.19,25.36,34.45
SD,South Dakota,1969,41.28,25.68,33.04
SD,South Dakota,1970,41.5,26.04,32.46
SD,South Dakota,1971,40.1,24.77,35.13
SD,South Dakota,1972,41.37,23.68,34.96
SD,South Dakota,1973,39.82,24.64,35.54
SD,South Dakota,1974,41.48,22.59,35.93
SD,South Dakota,1975,39.89,25.03,35.09
SD,South Dakota,1976,40.32,25.19,34.49
SD,South Dakota,1977,39.98,24.69,35.33
SD,South Dakota,1978,40.6,24.75,34.65
SD,South Dakota,1979,38.3,26.55,35.16
SD,South Dakota,1980,40.08,25.88,34.04
SD,South Dakota,1981,40.55,24.99,34.46
SD,South Dakota,1982,40.89,25.91,33.2
SD,South Dakota,1983,41.75,24.8,33.45
SD,South Dakota,1984,43.66,22.48,33.86
SD,South Dakota,1985,43.92,21.51,34.57
SD,South Dakota,1986,42.4,25.65,31.95
SD,South Dakota,1987,41.52,25.79,32.69
SD,South Dakota,1988,41.46,26.44,32.1
SD,South Dakota,1989,42.06,27.02,30.92
SD,South Dakota,1990,38.82,26.9,34.28
SD,South Dakota,1991,40.31,25.86,33.83
SD,South Dakota,1992,36.92,25.51,37.57
SD,South Dakota,1993,39.77,26.05,34.17
SD,South Dakota,1994,36.16,25.62,38.21
SD,South Dakota,1995,36.41,24.58,39.01
SD,South Dakota,1996,36.94,25.23,37.83
SD,South Dakota,1997,35.87,26.22,37.91
SD,South Dakota,1998,35.87,25.37,38.76
SD,South Dakota,1999,33.91,26.86,39.23
SD,South Dakota,2000,35.62,26.97,37.41
SD,South Dakota,2001,41.63,22.48,35.89
SD,South Dakota,2002,39.06,23.89,37.04
SD,South Dakota,2003,39.38,26.52,34.1
SD,South Dakota,2004,37.68,29.44,32.88
SD,South Dakota,2005,37.92,30.94,31.14
SD,South Dakota,2006,36.55,32.67,30.78
SD,South Dakota,2007,36.23,33.96,29.81
SD,South Dakota,2008,35.6,38.05,26.35
SD,South Dakota,2009,32.97,39.94,27.09
SD,South Dakota,2010,30.07,41.76,28.18
SD,South Dakota,2011,27.54,42.96,29.51
SD,South Dakota,2012,26.81,42.76,30.44
SD,South Dakota,2013,30.17,42.12,27.71
SD,South Dakota,2014,29.04,42.2,28.76
SD,South Dakota,2015,27.43,43.12,29.45
SD,South Dakota,2016,26.63,43.52,29.85
SD,South Dakota,2017,26.78,44.19,29.03
SD,South Dakota,2018,27.75,43.68,28.57
SD,South Dakota,2019,27.66,43.8,28.54
SD,South Dakota,2020,25.55,45.72,28.73
SD,South Dakota,2021,23.88,46.71,29.41
SD,South Dakota,2022,25.72,45.43,28.85
SD,South Dakota,2023,25.83,45.87,28.31
SD,South Dakota,2024,24.52,46.73,28.75
TN,Tennessee,1960,26.56,54.13,19.3
TN,Tennessee,1961,26.68,52.67,20.65
TN,Tennessee,1962,27.87,50.94,21.19
TN,Tennessee,1963,27.09,51.36,21.55
TN,Tennessee,1964,26.68,51.72,21.6
TN,Tennessee,1965,26.54,51.95,21.51
TN,Tennessee,1966,26.68,52.02,21.3
TN,Tennessee,1967,27.39,50.54,22.06
TN,Tennessee,1968,29.22,48.08,22.7
TN,Tennessee,1969,30.23,46.51,23.26
TN,Tennessee,1970,31.01,45.27,23.73
TN,Tennessee,1971,31.51,43.54,24.94
TN,Tennessee,1972,30.69,44.04,25.27
TN,Tennessee,1973,28.79,46.07,25.14
TN,Tennessee,1974,28.67,45.94,25.38
TN,Tennessee,1975,29.96,44.55,25.49
TN,Tennessee,1976,28.9,46.36,24.74
TN,Tennessee,1977,31.36,44.29,24.35
TN,Tennessee,1978,32.96,40.85,26.2
TN,Tennessee,1979,32.48,41.5,26.02
TN,Tennessee,1980,34.31,41.0,24.69
TN,Tennessee,1981,34.03,40.91,25.06
TN,Tennessee,1982,36.28,37.88,25.83
TN,Tennessee,1983,36.17,38.8,25.03
TN,Tennessee,1984,32.0,42.37,25.63
TN,Tennessee,1985,31.78,41.92,26.3
TN,Tennessee,1986,30.71,40.89,28.41
TN,Tennessee,1987,31.64,40.77,27.59
TN,Tennessee,1988,31.86,41.22,26.93
TN,Tennessee,1989,33.2,39.85,26.95
TN,Tennessee,1990,32.82,40.23,26.95
TN,Tennessee,1991,33.74,40.67,25.59
TN,Tennessee,1992,29.87,44.21,25.92
TN,Tennessee,1993,29.24,44.04,26.72
TN,Tennessee,1994,29.58,43.36,27.06
TN,Tennessee,1995,28.52,43.65,27.82
TN,Tennessee,1996,30.86,41.71,27.43
TN,Tennessee,1997,39.13,33.02,27.85
TN,Tennessee,1998,38.69,34.08,27.23
TN,Tennessee,1999,38.83,33.89,27.28
TN,Tennessee,2000,39.74,33.15,27.11
TN,Tennessee,2001,39.03,34.1,26.86
TN,Tennessee,2002,39.07,32.73,28.21
TN,Tennessee,2003,38.4,32.51,29.08
TN,Tennessee,2004,38.73,32.72,28.54
TN,Tennessee,2005,39.51,32.11,28.38
TN,Tennessee,2006,39.33,32.14,28.53
TN,Tennessee,2007,40.66,31.05,28.3
TN,Tennessee,2008,41.41,31.23,27.36
TN,Tennessee,2009,42.58,27.78,29.64
TN,Tennessee,2010,43.76,28.0,28.24
TN,Tennessee,2011,42.11,28.86,29.03
TN,Tennessee,2012,40.37,30.06,29.57
TN,Tennessee,2013,43.63,27.05,29.32
TN,Tennessee,2014,44.09,27.09,28.82
TN,Tennessee,2015,43.87,26.53,29.6
TN,Tennessee,2016,43.55,26.83,29.62
TN,Tennessee,2017,42.1,26.96,30.94
TN,Tennessee,2018,44.82,24.96,30.22
TN,Tennessee,2019,43.48,24.62,31.9
TN,Tennessee,2020,42.93,25.35,31.72
TN,Tennessee,2021,42.92,25.22,31.87
TN,Tennessee,2022,43.87,24.59,31.55
TN,Tennessee,2023,42.81,24.91,32.28
TN,Tennessee,2024,43.19,25.23,31.58
TX,Texas,1960,12.14,69.56,18.29
TX,Texas,1961,12.08,69.38,18.54
TX,Texas,1962,13.12,68.61,18.27
TX,Texas,1963,13.4,68.77,17.83
TX,Texas,1964,13.68,68.34,17.98
TX,Texas,1965,13.5,68.57,17.93
TX,Texas,1966,13.71,68.91,17.37
TX,Texas,1967,14.56,68.09,17.35
TX,Texas,1968,14.82,67.41,17.77
TX,Texas,1969,15.43,66.83,17.74
TX,Texas,1970,15.76,66.42,17.82
TX,Texas,1971,15.85,66.43,17.72
TX,Texas,1972,16.33,65.49,18.18
TX,Texas,1973,15.79,65.87,18.34
TX,Texas,1974,15.73,65.25,19.02
TX,Texas,1975,16.83,61.92,21.24
TX,Texas,1976,16.73,62.28,21.0
TX,Texas,1977,17.53,61.78,20.69
TX,Texas,1978,17.73,61.47,20.8
TX,Texas,1979,18.28,61.16,20.56
TX,Texas,1980,17.32,63.13,19.55
TX,Texas,1981,17.87,61.81,20.32
TX,Texas,1982,20.21,57.02,22.76
TX,Texas,1983,20.95,56.09,22.96
TX,Texas,1984,20.62,56.94,22.44
TX,Texas,1985,21.04,55.98,22.98
TX,Texas,1986,20.51,55.97,23.52
TX,Texas,1987,20.83,56.78,22.39
TX,Texas,1988,20.44,57.37,22.19
TX,Texas,1989,20.93,57.4,21.68
TX,Texas,1990,20.55,58.07,21.38
TX,Texas,1991,20.85,58.28,20.87
TX,Texas,1992,20.15,58.85,21.0
TX,Texas,1993,20.82,58.52,20.66
TX,Texas,1994,20.66,58.72,20.62
TX,Texas,1995,21.09,58.87,20.05
TX,Texas,1996,20.45,59.34,20.21
TX,Texas,1997,20.4,59.54,20.07
TX,Texas,1998,20.91,58.31,20.77
TX,Texas,1999,21.57,57.12,21.31
TX,Texas,2000,22.57,56.3,21.13
TX,Texas,2001,22.6,54.97,22.42
TX,Texas,2002,22.7,54.63,22.66
TX,Texas,2003,22.37,55.39,22.24
TX,Texas,2004,21.71,55.9,22.4
TX,Texas,2005,23.97,52.37,23.67
TX,Texas,2006,23.25,52.21,24.55
TX,Texas,2007,24.25,51.11,24.64
TX,Texas,2008,25.95,48.93,25.12
TX,Texas,2009,27.3,47.67,25.03
TX,Texas,2010,26.6,50.07,23.34
TX,Texas,2011,27.16,49.71,23.13
TX,Texas,2012,25.82,51.02,23.16
TX,Texas,2013,25.22,50.93,23.85
TX,Texas,2014,25.6,50.62,23.78
TX,Texas,2015,24.7,51.29,24.01
TX,Texas,2016,23.88,51.65,24.47
TX,Texas,2017,23.1,52.43,24.47
TX,Texas,2018,22.96,53.19,23.85
TX,Texas,2019,22.18,53.46,24.36
TX,Texas,2020,22.92,55.12,21.96
TX,Texas,2021,21.69,55.19,23.12
TX,Texas,2022,23.04,53.02,23.94
TX,Texas,2023,22.05,54.23,23.72
TX,Texas,2024,20.86,55.81,23.32
UT,Utah,1960,23.06,55.28,21.66
UT,Utah,1961,25.11,54.34,20.54
UT,Utah,1962,27.06,51.27,21.67
UT,Utah,1963,26.64,51.62,21.75
UT,Utah,1964,27.0,52.62,20.38
UT,Utah,1965,26.0,52.86,21.15
UT,Utah,1966,24.98,52.22,22.8
UT,Utah,1967,27.26,49.84,22.9
UT,Utah,1968,27.02,49.78,23.2
UT,Utah,1969,27.15,50.25,22.6
UT,Utah,1970,27.28,49.27,23.45
UT,Utah,1971,29.23,46.67,24.1
UT,Utah,1972,28.38,47.1,24.52
UT,Utah,1973,28.34,47.29,24.37
UT,Utah,1974,29.07,46.74,24.2
UT,Utah,1975,29.65,46.18,24.17
UT,Utah,1976,32.0,44.82,23.17
UT,Utah,1977,27.25,47.4,25.35
UT,Utah,1978,28.77,45.25,25.97
UT,Utah,1979,29.88,44.63,25.49
UT,Utah,1980,31.32,43.05,25.63
UT,Utah,1981,30.18,43.56,26.25
UT,Utah,1982,33.49,39.69,26.82
UT,Utah,1983,33.96,39.6,26.43
UT,Utah,1984,34.94,38.9,26.16
UT,Utah,1985,36.84,36.14,27.02
UT,Utah,1986,36.21,32.89,30.91
UT,Utah,1987,36.6,31.08,32.32
UT,Utah,1988,33.96,36.82,29.22
UT,Utah,1989,34.27,38.54,27.19
UT,Utah,1990,33.51,38.74,27.75
UT,Utah,1991,34.93,37.72,27.35
UT,Utah,1992,34.15,37.3,28.55
UT,Utah,1993,35.19,36.4,28.41
UT,Utah,1994,35.68,35.87,28.45
UT,Utah,1995,33.45,38.04,28.52
UT,Utah,1996,34.29,37.16,28.55
UT,Utah,1997,35.55,35.31,29.14
UT,Utah,1998,34.2,37.01,28.79
UT,Utah,1999,36.45,33.41,30.14
UT,Utah,2000,36.03,34.14,29.82
UT,Utah,2001,38.48,31.66,29.86
UT,Utah,2002,41.97,26.21,31.82
UT,Utah,2003,39.42,28.67,31.91
UT,Utah,2004,39.65,28.58,31.76
UT,Utah,2005,38.89,29.86,31.25
UT,Utah,2006,38.39,28.0,33.61
UT,Utah,2007,38.65,27.95,33.4
UT,Utah,2008,40.36,28.2,31.44
UT,Utah,2009,41.57,27.0,31.43
UT,Utah,2010,41.8,27.9,30.3
UT,Utah,2011,41.05,27.88,31.07
UT,Utah,2012,39.83,29.92,30.26
UT,Utah,2013,40.98,29.61,29.41
UT,Utah,2014,39.53,29.67,30.8
UT,Utah,2015,39.84,28.49,31.67
UT,Utah,2016,40.27,27.45,32.28
UT,Utah,2017,40.71,26.87,32.42
UT,Utah,2018,40.59,25.8,33.61
UT,Utah,2019,41.79,25.53,32.68
UT,Utah,2020,42.64,25.9,31.46
UT,Utah,2021,42.32,24.99,32.69
UT,Utah,2022,43.31,23.66,33.03
UT,Utah,2023,44.59,22.79,32.62
UT,Utah,2024,43.69,22.71,33.6
VA,Virginia,1960,31.33,33.82,34.84
VA,Virginia,1961,32.34,35.14,32.52
VA,Virginia,1962,32.66,34.9,32.44
VA,Virginia,1963,32.17,35.78,32.06
VA,Virginia,1964,31.4,35.84,32.76
VA,Virginia,1965,30.69,36.7,32.61
VA,Virginia,1966,31.78,36.17,32.05
VA,Virginia,1967,33.02,32.91,34.07
VA,Virginia,1968,33.98,32.53,33.49
VA,Virginia,1969,34.56,30.28,35.16
VA,Virginia,1970,36.0,28.06,35.95
VA,Virginia,1971,35.98,27.39,36.63
VA,Virginia,1972,36.45,27.25,36.3
VA,Virginia,1973,37.11,27.05,35.85
VA,Virginia,1974,37.62,26.81,35.57
VA,Virginia,1975,38.57,25.77,35.66
VA,Virginia,1976,39.29,25.69,35.02
VA,Virginia,1977,39.74,25.69,34.57
VA,Virginia,1978,40.03,25.05,34.92
VA,Virginia,1979,40.05,26.95,33.01
VA,Virginia,1980,39.33,28.23,32.44
VA,Virginia,1981,39.05,28.03,32.92
VA,Virginia,1982,40.17,27.61,32.22
VA,Virginia,1983,40.15,28.04,31.81
VA,Virginia,1984,40.57,28.9,30.53
VA,Virginia,1985,40.66,28.3,31.04
VA,Virginia,1986,41.55,27.19,31.26
VA,Virginia,1987,41.6,26.75,31.64
VA,Virginia,1988,41.91,26.12,31.97
VA,Virginia,1989,43.21,26.56,30.23
VA,Virginia,1990,42.29,27.74,29.96
VA,Virginia,1991,43.69,27.17,29.14
VA,Virginia,1992,44.56,26.91,28.53
VA,Virginia,1993,46.25,25.79,27.96
VA,Virginia,1994,45.31,26.49,28.2
VA,Virginia,1995,45.91,26.3,27.78
VA,Virginia,1996,46.71,25.59,27.69
VA,Virginia,1997,45.77,25.71,28.52
VA,Virginia,1998,45.75,25.76,28.49
VA,Virginia,1999,46.24,25.49,28.27
VA,Virginia,2000,47.31,24.14,28.54
VA,Virginia,2001,47.31,23.23,29.46
VA,Virginia,2002,48.69,21.97,29.34
VA,Virginia,2003,48.12,22.24,29.64
VA,Virginia,2004,47.68,22.02,30.3
VA,Virginia,2005,48.38,21.75,29.88
VA,Virginia,2006,47.2,21.3,31.5
VA,Virginia,2007,48.5,20.67,30.83
VA,Virginia,2008,49.75,20.44,29.81
VA,Virginia,2009,51.27,18.37,30.36
VA,Virginia,2010,51.51,17.85,30.64
VA,Virginia,2011,50.52,18.53,30.95
VA,Virginia,2012,48.99,19.02,31.99
VA,Virginia,2013,50.42,18.49,31.09
VA,Virginia,2014,50.17,18.43,31.4
VA,Virginia,2015,49.77,18.55,31.68
VA,Virginia,2016,48.73,18.3,32.97
VA,Virginia,2017,47.96,18.44,33.6
VA,Virginia,2018,49.19,17.81,33.0
VA,Virginia,2019,48.29,17.77,33.93
VA,Virginia,2020,50.56,18.5,30.94
VA,Virginia,2021,50.14,18.87,31.0
VA,Virginia,2022,52.77,17.23,30.0
VA,Virginia,2023,52.39,16.3,31.3
VA,Virginia,2024,53.98,15.28,30.74
VT,Vermont,1960,51.33,19.77,28.9
VT,Vermont,1961,53.32,19.7,26.98
VT,Vermont,1962,53.78,19.48,26.74
VT,Vermont,1963,54.82,18.04,27.14
VT,Vermont,1964,53.5,17.68,28.82
VT,Vermont,1965,54.22,19.6,26.18
VT,Vermont,1966,53.58,20.82,25.6
VT,Vermont,1967,53.32,20.17,26.51
VT,Vermont,1968,53.16,20.56,26.28
VT,Vermont,1969,53.59,20.57,25.83
VT,Vermont,1970,52.56,20.72,26.72
VT,Vermont,1971,51.7,21.44,26.86
VT,Vermont,1972,52.84,19.96,27.2
VT,Vermont,1973,51.93,20.35,27.72
VT,Vermont,1974,50.71,19.75,29.54
VT,Vermont,1975,49.98,19.75,30.27
VT,Vermont,1976,49.45,22.74,27.81
VT,Vermont,1977,48.88,21.03,30.09
VT,Vermont,1978,48.69,22.2,29.11
VT,Vermont,1979,48.82,22.31,28.87
VT,Vermont,1980,46.62,25.49,27.89
VT,Vermont,1981,44.99,25.88,29.13
VT,Vermont,1982,43.75,27.55,28.7
VT,Vermont,1983,44.77,26.43,28.8
VT,Vermont,1984,44.15,27.37,28.48
VT,Vermont,1985,43.85,27.83,28.32
VT,Vermont,1986,39.85,29.89,30.26
VT,Vermont,1987,42.89,25.31,31.8
VT,Vermont,1988,44.08,24.65,31.26
VT,Vermont,1989,48.14,21.62,30.24
VT,Vermont,1990,47.88,17.12,35.0
VT,Vermont,1991,47.29,19.61,33.09
VT,Vermont,1992,48.14,18.47,33.39
VT,Vermont,1993,47.34,16.89,35.77
VT,Vermont,1994,46.9,16.93,36.17
VT,Vermont,1995,44.82,16.91,38.27
VT,Vermont,1996,45.21,16.7,38.09
VT,Vermont,1997,43.37,20.72,35.91
VT,Vermont,1998,45.51,16.51,37.98
VT,Vermont,1999,42.88,17.16,39.95
VT,Vermont,2000,45.98,17.9,36.12
VT,Vermont,2001,46.71,17.39,35.91
VT,Vermont,2002,47.87,16.63,35.5
VT,Vermont,2003,48.87,15.74,35.38
VT,Vermont,2004,48.13,17.68,34.18
VT,Vermont,2005,48.1,16.94,34.96
VT,Vermont,2006,46.82,17.29,35.89
VT,Vermont,2007,47.86,16.96,35.18
VT,Vermont,2008,47.94,15.92,36.14
VT,Vermont,2009,49.49,16.03,34.48
VT,Vermont,2010,48.57,17.94,33.49
VT,Vermont,2011,49.23,17.17,33.6
VT,Vermont,2012,45.71,16.54,37.75
VT,Vermont,2013,49.05,14.73,36.22
VT,Vermont,2014,50.2,14.63,35.16
VT,Vermont,2015,51.81,12.49,35.7
VT,Vermont,2016,49.73,12.68,37.59
VT,Vermont,2017,49.57,13.4,37.03
VT,Vermont,2018,54.04,12.45,33.52
VT,Vermont,2019,53.11,11.96,34.93
VT,Vermont,2020,50.31,15.02,34.67
VT,Vermont,2021,49.52,13.71,36.77
VT,Vermont,2022,49.96,13.71,36.33
VT,Vermont,2023,49.52,12.9,37.58
VT,Vermont,2024,49.06,13.68,37.25
WA,Washington,1960,29.0,47.48,23.52
WA,Washington,1961,28.68,47.75,23.58
WA,Washington,1962,28.23,48.27,23.5
WA,Washington,1963,27.94,49.44,22.61
WA,Washington,1964,28.48,49.63,21.88
WA,Washington,1965,27.46,50.75,21.79
WA,Washington,1966,27.7,50.06,22.24
WA,Washington,1967,26.98,49.52,23.5
WA,Washington,1968,27.16,48.34,24.49
WA,Washington,1969,27.61,48.83,23.56
WA,Washington,1970,29.02,47.36,23.62
WA,Washington,1971,30.07,46.23,23.7
WA,Washington,1972,31.09,47.17,21.74
WA,Washington,1973,31.06,45.99,22.95
WA,Washington,1974,30.64,46.17,23.2
WA,Washington,1975,31.08,43.56,25.37
WA,Washington,1976,31.47,42.97,25.56
WA,Washington,1977,31.88,42.47,25.64
WA,Washington,1978,31.42,42.37,26.21
WA,Washington,1979,32.79,39.9,27.32
WA,Washington,1980,33.14,40.36,26.5
WA,Washington,1981,35.25,40.75,23.99
WA,Washington,1982,38.64,37.42,23.95
WA,Washington,1983,37.93,38.26,23.81
WA,Washington,1984,35.67,40.45,23.89
WA,Washington,1985,38.11,36.89,25.0
WA,Washington,1986,34.34,37.11,28.56
WA,Washington,1987,33.51,38.1,28.38
WA,Washington,1988,33.53,39.0,27.47
WA,Washington,1989,33.88,37.27,28.85
WA,Washington,1990,25.4,35.75,38.85
WA,Washington,1991,26.31,33.88,39.81
WA,Washington,1992,25.66,34.7,39.64
WA,Washington,1993,29.94,33.86,36.19
WA,Washington,1994,28.38,34.46,37.17
WA,Washington,1995,26.81,33.22,39.97
WA,Washington,1996,27.97,32.64,39.39
WA,Washington,1997,27.29,32.51,40.2
WA,Washington,1998,27.68,36.57,35.76
WA,Washington,1999,27.8,36.1,36.1
WA,Washington,2000,31.13,32.09,36.78
WA,Washington,2001,37.94,25.69,36.36
WA,Washington,2002,35.71,23.75,40.54
WA,Washington,2003,35.58,24.23,40.19
WA,Washington,2004,35.27,24.65,40.08
WA,Washington,2005,33.69,26.3,40.0
WA,Washington,2006,32.34,27.69,39.97
WA,Washington,2007,32.75,25.06,42.18
WA,Washington,2008,35.0,26.25,38.75
WA,Washington,2009,35.6,25.85,38.55
WA,Washington,2010,35.39,28.62,35.99
WA,Washington,2011,33.52,27.89,38.59
WA,Washington,2012,32.87,28.65,38.48
WA,Washington,2013,34.45,27.82,37.73
WA,Washington,2014,34.32,28.23,37.46
WA,Washington,2015,32.95,27.9,39.16
WA,Washington,2016,31.81,26.58,41.62
WA,Washington,2017,34.28,25.56,40.16
WA,Washington,2018,33.71,25.92,40.37
WA,Washington,2019,34.86,25.34,39.8
WA,Washington,2020,36.78,27.49,35.73
WA,Washington,2021,35.35,25.11,39.54
WA,Washington,2022,35.86,24.58,39.56
WA,Washington,2023,37.39,23.78,38.83
WA,Washington,2024,37.23,23.0,39.77
WI,Wisconsin,1960,39.29,39.09,21.62
WI,Wisconsin,1961,40.31,38.82,20.87
WI,Wisconsin,1962,40.3,38.86,20.84
WI,Wisconsin,1963,38.97,39.95,21.08
WI,Wisconsin,1964,37.46,41.69,20.85
WI,Wisconsin,1965,38.0,41.82,20.17
WI,Wisconsin,1966,38.35,41.45,20.2
WI,Wisconsin,1967,39.3,40.58,20.13
WI,Wisconsin,1968,38.93,40.37,20.7
WI,Wisconsin,1969,39.43,39.6,20.98
WI,Wisconsin,1970,38.62,39.78,21.6
WI,Wisconsin,1971,38.98,38.51,22.51
WI,Wisconsin,1972,38.57,37.41,24.02
WI,Wisconsin,1973,38.38,37.86,23.76
WI,Wisconsin,1974,39.91,36.15,23.94
WI,Wisconsin,1975,40.45,35.08,24.47
WI,Wisconsin,1976,40.74,34.41,24.85
WI,Wisconsin,1977,39.5,36.14,24.36
WI,Wisconsin,1978,40.4,35.0,24.6
WI,Wisconsin,1979,40.93,34.3,24.77
WI,Wisconsin,1980,38.54,38.42,23.04
WI,Wisconsin,1981,37.62,39.24,23.14
WI,Wisconsin,1982,39.15,38.59,22.26
WI,Wisconsin,1983,38.78,39.02,22.2
WI,Wisconsin,1984,40.6,38.24,21.16
WI,Wisconsin,1985,40.04,38.64,21.32
WI,Wisconsin,1986,39.9,37.16,22.94
WI,Wisconsin,1987,39.2,37.49,23.32
WI,Wisconsin,1988,39.9,37.03,23.07
WI,Wisconsin,1989,41.14,35.62,23.24
WI,Wisconsin,1990,40.89,35.87,23.23
WI,Wisconsin,1991,42.01,35.38,22.62
WI,Wisconsin,1992,41.09,35.86,23.05
WI,Wisconsin,1993,41.06,36.23,22.71
WI,Wisconsin,1994,39.79,36.71,23.5
WI,Wisconsin,1995,40.15,36.75,23.1
WI,Wisconsin,1996,40.9,36.35,22.75
WI,Wisconsin,1997,39.21,37.96,22.83
WI,Wisconsin,1998,38.34,37.62,24.04
WI,Wisconsin,1999,39.1,37.5,23.4
WI,Wisconsin,2000,39.61,37.87,22.52
WI,Wisconsin,2001,39.87,37.2,22.94
WI,Wisconsin,2002,41.71,35.49,22.8
WI,Wisconsin,2003,41.86,35.43,22.71
WI,Wisconsin,2004,40.44,36.24,23.32
WI,Wisconsin,2005,43.32,34.23,22.46
WI,Wisconsin,2006,42.15,34.1,23.76
WI,Wisconsin,2007,43.21,33.33,23.46
WI,Wisconsin,2008,44.44,32.51,23.05
WI,Wisconsin,2009,44.42,31.38,24.21
WI,Wisconsin,2010,42.92,32.7,24.38
WI,Wisconsin,2011,43.28,32.94,23.78
WI,Wisconsin,2012,42.17,33.33,24.51
WI,Wisconsin,2013,44.24,32.7,23.06
WI,Wisconsin,2014,43.7,32.24,24.07
WI,Wisconsin,2015,42.67,32.63,24.7
WI,Wisconsin,2016,42.58,32.62,24.8
WI,Wisconsin,2017,42.44,33.33,24.23
WI,Wisconsin,2018,43.03,32.39,24.58
WI,Wisconsin,2019,43.41,31.6,24.98
WI,Wisconsin,2020,44.01,31.63,24.36
WI,Wisconsin,2021,43.63,31.14,25.24
WI,Wisconsin,2022,44.62,30.47,24.91
WI,Wisconsin,2023,43.67,30.53,25.79
WI,Wisconsin,2024,43.53,31.13,25.34
WV,West Virginia,1960,19.2,66.7,14.1
WV,West Virginia,1961,18.54,68.85,12.61
WV,West Virginia,1962,19.43,67.99,12.58
WV,West Virginia,1963,19.14,68.04,12.82
WV,West Virginia,1964,17.67,69.68,12.65
WV,West Virginia,1965,17.29,69.36,13.35
WV,West Virginia,1966,18.12,68.38,13.5
WV,West Virginia,1967,19.89,65.92,14.19
WV,West Virginia,1968,19.55,66.63,13.82
WV,West Virginia,1969,20.58,67.37,12.05
WV,West Virginia,1970,20.29,65.67,14.04
WV,West Virginia,1971,21.49,63.02,15.48
WV,West Virginia,1972,22.06,62.23,15.72
WV,West Virginia,1973,21.7,61.39,16.91
WV,West Virginia,1974,22.14,61.19,16.67
WV,West Virginia,1975,23.45,58.34,18.21
WV,West Virginia,1976,22.81,59.42,17.77
WV,West Virginia,1977,24.5,56.63,18.87
WV,West Virginia,1978,26.05,54.31,19.64
WV,West Virginia,1979,26.5,54.37,19.13
WV,West Virginia,1980,27.07,53.74,19.19
WV,West Virginia,1981,28.21,52.56,19.23
WV,West Virginia,1982,29.81,50.16,20.04
WV,West Virginia,1983,30.33,47.13,22.55
WV,West Virginia,1984,29.0,48.31,22.69
WV,West Virginia,1985,30.66,45.11,24.23
WV,West Virginia,1986,30.94,47.43,21.64
WV,West Virginia,1987,30.45,47.59,21.96
WV,West Virginia,1988,30.54,48.34,21.12
WV,West Virginia,1989,30.64,48.7,20.66
WV,West Virginia,1990,29.03,49.87,21.1
WV,West Virginia,1991,31.22,47.05,21.73
WV,West Virginia,1992,31.46,45.03,23.51
WV,West Virginia,1993,31.99,44.42,23.58
WV,West Virginia,1994,30.82,44.9,24.28
WV,West Virginia,1995,31.83,43.85,24.32
WV,West Virginia,1996,33.97,42.87,23.15
WV,West Virginia,1997,33.15,41.71,25.14
WV,West Virginia,1998,31.21,43.56,25.23
WV,West Virginia,1999,33.81,41.03,25.16
WV,West Virginia,2000,33.96,40.68,25.36
WV,West Virginia,2001,34.2,40.64,25.16
WV,West Virginia,2002,33.17,42.6,24.23
WV,West Virginia,2003,35.75,40.11,24.14
WV,West Virginia,2004,35.13,40.28,24.59
WV,West Virginia,2005,36.82,38.5,24.68
WV,West Virginia,2006,34.53,41.69,23.79
WV,West Virginia,2007,34.6,42.76,22.63
WV,West Virginia,2008,35.68,43.5,20.82
WV,West Virginia,2009,40.31,35.75,23.94
WV,West Virginia,2010,39.35,37.58,23.07
WV,West Virginia,2011,38.3,38.98,22.72
WV,West Virginia,2012,36.82,38.98,24.2
WV,West Virginia,2013,38.07,39.08,22.86
WV,West Virginia,2014,37.3,40.68,22.01
WV,West Virginia,2015,35.68,41.44,22.89
WV,West Virginia,2016,35.02,40.72,24.26
WV,West Virginia,2017,33.27,43.54,23.18
WV,West Virginia,2018,33.4,43.05,23.55
WV,West Virginia,2019,32.18,45.14,22.68
WV,West Virginia,2020,31.03,47.32,21.65
WV,West Virginia,2021,29.71,46.81,23.48
WV,West Virginia,2022,31.09,45.71,23.2
WV,West Virginia,2023,28.88,47.34,23.78
WV,West Virginia,2024,29.69,48.76,21.55
WY,Wyoming,1960,17.59,52.95,29.47
WY,Wyoming,1961,18.2,55.64,26.16
WY,Wyoming,1962,17.32,57.06,25.62
WY,Wyoming,1963,17.27,57.6,25.13
WY,Wyoming,1964,19.36,56.43,24.21
WY,Wyoming,1965,19.97,53.87,26.16
WY,Wyoming,1966,21.61,52.96,25.43
WY,Wyoming,1967,20.63,52.25,27.12
WY,Wyoming,1968,19.98,55.47,24.55
WY,Wyoming,1969,20.66,55.82,23.52
WY,Wyoming,1970,21.41,55.76,22.83
WY,Wyoming,1971,21.58,54.98,23.44
WY,Wyoming,1972,23.02,55.16,21.82
WY,Wyoming,1973,18.88,56.84,24.28
WY,Wyoming,1974,18.64,56.05,25.31
WY,Wyoming,1975,17.04,58.65,24.31
WY,Wyoming,1976,15.98,59.89,24.13
WY,Wyoming,1977,15.69,60.85,23.46
WY,Wyoming,1978,16.03,59.56,24.4
WY,Wyoming,1979,16.09,60.39,23.52
WY,Wyoming,1980,14.77,60.35,24.88
WY,Wyoming,1981,15.96,58.41,25.63
WY,Wyoming,1982,20.38,57.2,22.43
WY,Wyoming,1983,22.65,56.39,20.96
WY,Wyoming,1984,21.74,58.22,20.04
WY,Wyoming,1985,22.17,58.07,19.76
WY,Wyoming,1986,22.19,58.3,19.51
WY,Wyoming,1987,19.63,58.63,21.74
WY,Wyoming,1988,19.99,57.05,22.96
WY,Wyoming,1989,19.16,58.22,22.62
WY,Wyoming,1990,18.63,60.95,20.42
WY,Wyoming,1991,20.2,60.15,19.65
WY,Wyoming,1992,17.67,63.29,19.04
WY,Wyoming,1993,20.28,58.87,20.85
WY,Wyoming,1994,19.58,59.95,20.47
WY,Wyoming,1995,19.9,56.22,23.88
WY,Wyoming,1996,21.03,55.71,23.26
WY,Wyoming,1997,19.66,56.56,23.78
WY,Wyoming,1998,19.53,56.31,24.16
WY,Wyoming,1999,19.25,53.47,27.27
WY,Wyoming,2000,20.33,54.07,25.6
WY,Wyoming,2001,20.32,54.26,25.43
WY,Wyoming,2002,21.01,53.82,25.17
WY,Wyoming,2003,20.24,53.39,26.37
WY,Wyoming,2004,20.82,53.49,25.68
WY,Wyoming,2005,21.34,52.41,26.25
WY,Wyoming,2006,21.24,52.96,25.8
WY,Wyoming,2007,20.61,55.21,24.19
WY,Wyoming,2008,20.88,55.93,23.19
WY,Wyoming,2009,20.7,56.07,23.23
WY,Wyoming,2010,20.15,56.95,22.9
WY,Wyoming,2011,20.41,58.93,20.67
WY,Wyoming,2012,19.34,58.82,21.85
WY,Wyoming,2013,20.37,58.16,21.47
WY,Wyoming,2014,20.19,57.33,22.48
WY,Wyoming,2015,21.48,56.05,22.47
WY,Wyoming,2016,21.38,55.74,22.89
WY,Wyoming,2017,20.4,58.04,21.57
WY,Wyoming,2018,19.45,59.3,21.25
WY,Wyoming,2019,19.92,58.29,21.79
WY,Wyoming,2020,20.09,57.72,22.19
WY,Wyoming,2021,19.91,57.42,22.67
WY,Wyoming,2022,20.37,58.33,21.29
WY,Wyoming,2023,23.05,55.49,21.46
WY,Wyoming,2024,22.44,55.8,21.76
