st,state,year,work_pct,dividends_interest_and_rent_pct,government_benefits_pct
AK,Alaska,1950,89.68,8.18,2.15
AK,Alaska,1951,92.65,5.99,1.36
AK,Alaska,1952,92.33,6.06,1.61
AK,Alaska,1953,91.18,6.97,1.85
AK,Alaska,1954,89.67,8.09,2.24
AK,Alaska,1955,88.82,8.77,2.4
AK,Alaska,1956,88.77,8.89,2.33
AK,Alaska,1957,87.49,9.8,2.7
AK,Alaska,1958,86.7,10.12,3.18
AK,Alaska,1959,86.45,10.5,3.06
AK,Alaska,1960,86.0,11.27,2.73
AK,Alaska,1961,85.07,11.53,3.4
AK,Alaska,1962,85.06,11.79,3.15
AK,Alaska,1963,84.72,12.26,3.02
AK,Alaska,1964,84.63,12.48,2.89
AK,Alaska,1965,84.72,12.44,2.84
AK,Alaska,1966,84.54,12.52,2.94
AK,Alaska,1967,84.47,12.46,3.06
AK,Alaska,1968,84.37,12.12,3.51
AK,Alaska,1969,83.58,13.06,3.35
AK,Alaska,1970,81.83,14.17,4.0
AK,Alaska,1971,81.1,14.32,4.58
AK,Alaska,1972,80.68,14.51,4.8
AK,Alaska,1973,75.87,14.31,9.83
AK,Alaska,1974,79.37,13.78,6.85
AK,Alaska,1975,82.14,12.17,5.7
AK,Alaska,1976,83.55,11.68,4.78
AK,Alaska,1977,82.04,12.49,5.48
AK,Alaska,1978,80.4,13.88,5.71
AK,Alaska,1979,80.14,14.58,5.29
AK,Alaska,1980,79.88,14.65,5.48
AK,Alaska,1981,79.25,15.05,5.7
AK,Alaska,1982,74.8,15.3,9.9
AK,Alaska,1983,76.9,16.44,6.66
AK,Alaska,1984,76.26,16.99,6.75
AK,Alaska,1985,74.59,17.32,8.09
AK,Alaska,1986,73.39,17.59,9.02
AK,Alaska,1987,72.16,18.03,9.81
AK,Alaska,1988,71.91,17.98,10.11
AK,Alaska,1989,71.5,18.27,10.24
AK,Alaska,1990,71.2,18.13,10.67
AK,Alaska,1991,71.22,17.79,10.98
AK,Alaska,1992,70.86,17.68,11.46
AK,Alaska,1993,69.71,18.15,12.14
AK,Alaska,1994,69.07,18.89,12.04
AK,Alaska,1995,68.27,19.46,12.27
AK,Alaska,1996,67.55,19.6,12.85
AK,Alaska,1997,67.08,19.78,13.14
AK,Alaska,1998,66.96,19.43,13.61
AK,Alaska,1999,66.74,18.74,14.52
AK,Alaska,2000,66.42,18.26,15.32
AK,Alaska,2001,67.78,17.09,15.12
AK,Alaska,2002,68.93,16.26,14.81
AK,Alaska,2003,69.97,16.15,13.89
AK,Alaska,2004,70.81,16.06,13.13
AK,Alaska,2005,71.02,15.9,13.08
AK,Alaska,2006,70.54,16.41,13.05
AK,Alaska,2007,69.25,17.03,13.72
AK,Alaska,2008,66.02,17.36,16.62
AK,Alaska,2009,68.62,16.98,14.41
AK,Alaska,2010,68.06,16.83,15.1
AK,Alaska,2011,67.85,17.52,14.63
AK,Alaska,2012,68.15,17.99,13.86
AK,Alaska,2013,68.36,17.59,14.05
AK,Alaska,2014,66.54,17.55,15.91
AK,Alaska,2015,66.4,17.8,15.8
AK,Alaska,2016,65.75,18.31,15.93
AK,Alaska,2017,64.87,18.44,16.69
AK,Alaska,2018,64.45,18.1,17.44
AK,Alaska,2019,64.16,17.84,18.0
AK,Alaska,2020,62.15,17.18,20.66
AK,Alaska,2021,61.16,17.19,21.65
AK,Alaska,2022,61.04,17.22,21.75
AK,Alaska,2023,62.13,19.3,18.57
AK,Alaska,2024,61.6,19.11,19.28
AK,Alaska,2025,61.56,19.14,19.3
AL,Alabama,1929,85.31,13.27,1.42
AL,Alabama,1930,83.6,14.55,1.85
AL,Alabama,1931,80.33,14.7,4.97
AL,Alabama,1932,79.11,16.1,4.79
AL,Alabama,1933,82.23,13.66,4.11
AL,Alabama,1934,85.57,10.95,3.49
AL,Alabama,1935,86.2,10.89,2.91
AL,Alabama,1936,84.76,10.19,5.05
AL,Alabama,1937,86.23,10.81,2.96
AL,Alabama,1938,85.6,10.75,3.65
AL,Alabama,1939,85.6,11.24,3.16
AL,Alabama,1940,86.06,10.78,3.16
AL,Alabama,1941,88.51,9.47,2.03
AL,Alabama,1942,90.86,7.69,1.45
AL,Alabama,1943,92.06,6.71,1.23
AL,Alabama,1944,91.79,6.53,1.68
AL,Alabama,1945,89.6,6.85,3.55
AL,Alabama,1946,83.99,7.8,8.21
AL,Alabama,1947,84.2,7.89,7.91
AL,Alabama,1948,85.94,6.92,7.14
AL,Alabama,1949,83.63,8.12,8.24
AL,Alabama,1950,82.59,8.68,8.74
AL,Alabama,1951,85.75,7.94,6.31
AL,Alabama,1952,86.48,7.78,5.74
AL,Alabama,1953,86.41,8.12,5.48
AL,Alabama,1954,84.41,9.31,6.28
AL,Alabama,1955,84.89,8.92,6.19
AL,Alabama,1956,84.51,9.23,6.26
AL,Alabama,1957,83.66,9.52,6.81
AL,Alabama,1958,82.88,9.85,7.27
AL,Alabama,1959,82.42,10.29,7.3
AL,Alabama,1960,81.77,10.81,7.42
AL,Alabama,1961,80.87,11.12,8.01
AL,Alabama,1962,80.28,11.41,8.3
AL,Alabama,1963,80.23,11.48,8.29
AL,Alabama,1964,80.56,11.54,7.9
AL,Alabama,1965,80.81,11.38,7.81
AL,Alabama,1966,81.06,11.02,7.92
AL,Alabama,1967,80.27,11.09,8.64
AL,Alabama,1968,79.73,11.1,9.17
AL,Alabama,1969,78.99,11.85,9.16
AL,Alabama,1970,76.83,12.85,10.32
AL,Alabama,1971,75.91,13.11,10.98
AL,Alabama,1972,76.13,12.86,11.01
AL,Alabama,1973,75.56,12.95,11.49
AL,Alabama,1974,74.0,13.62,12.38
AL,Alabama,1975,71.95,13.68,14.37
AL,Alabama,1976,72.67,13.31,14.02
AL,Alabama,1977,73.08,13.5,13.42
AL,Alabama,1978,73.36,13.73,12.9
AL,Alabama,1979,72.44,14.03,13.53
AL,Alabama,1980,70.08,15.49,14.43
AL,Alabama,1981,68.47,16.95,14.58
AL,Alabama,1982,66.76,17.98,15.26
AL,Alabama,1983,66.61,17.96,15.42
AL,Alabama,1984,66.93,18.24,14.83
AL,Alabama,1985,67.08,18.37,14.56
AL,Alabama,1986,67.38,18.31,14.31
AL,Alabama,1987,68.22,17.93,13.85
AL,Alabama,1988,68.11,18.47,13.42
AL,Alabama,1989,66.59,19.45,13.96
AL,Alabama,1990,66.32,19.24,14.44
AL,Alabama,1991,66.17,18.74,15.09
AL,Alabama,1992,66.24,17.8,15.96
AL,Alabama,1993,66.16,17.64,16.2
AL,Alabama,1994,65.82,17.94,16.24
AL,Alabama,1995,64.81,18.57,16.62
AL,Alabama,1996,64.8,18.38,16.81
AL,Alabama,1997,64.6,18.69,16.7
AL,Alabama,1998,65.15,18.83,16.02
AL,Alabama,1999,65.86,18.01,16.14
AL,Alabama,2000,65.14,18.43,16.43
AL,Alabama,2001,64.74,18.1,17.17
AL,Alabama,2002,64.82,17.31,17.87
AL,Alabama,2003,64.49,17.37,18.14
AL,Alabama,2004,64.33,17.7,17.97
AL,Alabama,2005,64.23,17.51,18.26
AL,Alabama,2006,63.68,17.82,18.49
AL,Alabama,2007,62.58,18.46,18.96
AL,Alabama,2008,60.48,19.12,20.39
AL,Alabama,2009,60.22,17.53,22.25
AL,Alabama,2010,59.44,17.16,23.39
AL,Alabama,2011,59.69,17.28,23.03
AL,Alabama,2012,59.59,17.86,22.55
AL,Alabama,2013,59.92,17.25,22.83
AL,Alabama,2014,59.62,17.38,23.0
AL,Alabama,2015,58.88,17.5,23.62
AL,Alabama,2016,59.01,17.5,23.49
AL,Alabama,2017,58.99,17.93,23.09
AL,Alabama,2018,59.19,17.73,23.09
AL,Alabama,2019,58.85,17.83,23.33
AL,Alabama,2020,56.36,16.8,26.84
AL,Alabama,2021,55.04,17.42,27.55
AL,Alabama,2022,57.69,17.79,24.53
AL,Alabama,2023,56.87,19.49,23.64
AL,Alabama,2024,56.47,19.52,24.01
AL,Alabama,2025,56.16,19.49,24.35
AR,Arkansas,1929,85.35,12.31,2.34
AR,Arkansas,1930,82.79,13.93,3.29
AR,Arkansas,1931,81.22,11.55,7.23
AR,Arkansas,1932,79.89,13.0,7.11
AR,Arkansas,1933,81.78,12.15,6.07
AR,Arkansas,1934,84.06,11.29,4.65
AR,Arkansas,1935,85.78,10.34,3.89
AR,Arkansas,1936,84.22,9.41,6.37
AR,Arkansas,1937,87.19,9.59,3.22
AR,Arkansas,1938,86.29,10.59,3.12
AR,Arkansas,1939,85.96,10.96,3.09
AR,Arkansas,1940,86.33,10.08,3.59
AR,Arkansas,1941,89.1,8.21,2.69
AR,Arkansas,1942,90.95,7.22,1.83
AR,Arkansas,1943,91.39,6.79,1.82
AR,Arkansas,1944,91.52,6.4,2.08
AR,Arkansas,1945,89.14,6.97,3.89
AR,Arkansas,1946,83.25,7.63,9.12
AR,Arkansas,1947,82.87,7.84,9.28
AR,Arkansas,1948,85.01,7.16,7.83
AR,Arkansas,1949,83.19,7.87,8.95
AR,Arkansas,1950,81.36,8.43,10.21
AR,Arkansas,1951,84.71,7.91,7.38
AR,Arkansas,1952,85.04,8.05,6.91
AR,Arkansas,1953,84.08,8.96,6.96
AR,Arkansas,1954,82.47,10.1,7.43
AR,Arkansas,1955,82.93,9.64,7.43
AR,Arkansas,1956,81.98,10.56,7.46
AR,Arkansas,1957,81.16,10.39,8.45
AR,Arkansas,1958,80.32,10.63,9.05
AR,Arkansas,1959,80.73,10.34,8.92
AR,Arkansas,1960,79.46,11.12,9.42
AR,Arkansas,1961,79.02,11.29,9.69
AR,Arkansas,1962,78.36,11.92,9.72
AR,Arkansas,1963,77.86,12.29,9.86
AR,Arkansas,1964,77.98,12.46,9.56
AR,Arkansas,1965,76.52,13.56,9.92
AR,Arkansas,1966,76.75,13.48,9.77
AR,Arkansas,1967,75.18,13.82,11.0
AR,Arkansas,1968,76.42,12.17,11.41
AR,Arkansas,1969,75.55,13.06,11.39
AR,Arkansas,1970,74.08,13.77,12.15
AR,Arkansas,1971,73.33,13.87,12.8
AR,Arkansas,1972,73.85,13.52,12.63
AR,Arkansas,1973,73.78,13.28,12.93
AR,Arkansas,1974,71.67,14.27,14.06
AR,Arkansas,1975,69.01,14.76,16.22
AR,Arkansas,1976,69.3,14.62,16.08
AR,Arkansas,1977,69.81,14.86,15.34
AR,Arkansas,1978,70.76,14.7,14.53
AR,Arkansas,1979,69.4,15.41,15.19
AR,Arkansas,1980,65.66,17.68,16.67
AR,Arkansas,1981,63.94,19.41,16.65
AR,Arkansas,1982,61.7,21.07,17.23
AR,Arkansas,1983,61.73,20.69,17.58
AR,Arkansas,1984,62.87,20.59,16.54
AR,Arkansas,1985,62.42,21.1,16.48
AR,Arkansas,1986,62.62,20.86,16.53
AR,Arkansas,1987,64.02,19.61,16.38
AR,Arkansas,1988,64.28,19.7,16.02
AR,Arkansas,1989,63.13,20.35,16.51
AR,Arkansas,1990,62.74,20.29,16.97
AR,Arkansas,1991,62.94,19.29,17.76
AR,Arkansas,1992,63.77,18.12,18.11
AR,Arkansas,1993,63.72,18.05,18.23
AR,Arkansas,1994,63.93,18.07,18.0
AR,Arkansas,1995,63.45,18.32,18.23
AR,Arkansas,1996,63.3,18.49,18.21
AR,Arkansas,1997,63.11,18.78,18.11
AR,Arkansas,1998,63.52,18.85,17.63
AR,Arkansas,1999,64.52,18.01,17.47
AR,Arkansas,2000,64.31,18.05,17.64
AR,Arkansas,2001,63.98,17.46,18.56
AR,Arkansas,2002,63.81,16.67,19.52
AR,Arkansas,2003,64.49,16.28,19.22
AR,Arkansas,2004,64.51,16.18,19.31
AR,Arkansas,2005,63.42,16.84,19.74
AR,Arkansas,2006,61.84,17.88,20.28
AR,Arkansas,2007,60.29,19.15,20.56
AR,Arkansas,2008,57.64,20.44,21.93
AR,Arkansas,2009,56.97,18.84,24.19
AR,Arkansas,2010,56.75,18.14,25.11
AR,Arkansas,2011,56.07,19.92,24.01
AR,Arkansas,2012,55.36,21.88,22.76
AR,Arkansas,2013,56.75,20.14,23.11
AR,Arkansas,2014,55.07,21.72,23.21
AR,Arkansas,2015,53.98,22.46,23.56
AR,Arkansas,2016,53.21,22.97,23.82
AR,Arkansas,2017,53.57,22.87,23.57
AR,Arkansas,2018,52.76,23.81,23.43
AR,Arkansas,2019,53.58,22.07,24.35
AR,Arkansas,2020,51.1,21.37,27.53
AR,Arkansas,2021,49.61,23.38,27.01
AR,Arkansas,2022,52.42,22.74,24.84
AR,Arkansas,2023,51.77,24.86,23.37
AR,Arkansas,2024,52.04,24.89,23.07
AR,Arkansas,2025,51.9,24.43,23.67
AZ,Arizona,1929,83.99,14.69,1.32
AZ,Arizona,1930,83.31,14.95,1.74
AZ,Arizona,1931,78.92,16.31,4.77
AZ,Arizona,1932,77.52,17.3,5.18
AZ,Arizona,1933,78.91,16.01,5.08
AZ,Arizona,1934,81.67,13.36,4.97
AZ,Arizona,1935,83.2,12.25,4.55
AZ,Arizona,1936,81.99,12.54,5.47
AZ,Arizona,1937,83.71,13.06,3.23
AZ,Arizona,1938,82.3,13.22,4.48
AZ,Arizona,1939,80.77,14.68,4.54
AZ,Arizona,1940,81.39,13.82,4.79
AZ,Arizona,1941,84.22,11.99,3.79
AZ,Arizona,1942,89.13,8.39,2.47
AZ,Arizona,1943,90.91,7.36,1.74
AZ,Arizona,1944,89.5,8.26,2.24
AZ,Arizona,1945,87.41,8.91,3.68
AZ,Arizona,1946,83.89,9.69,6.42
AZ,Arizona,1947,83.97,9.53,6.5
AZ,Arizona,1948,82.31,12.19,5.5
AZ,Arizona,1949,80.47,13.5,6.03
AZ,Arizona,1950,79.19,13.99,6.82
AZ,Arizona,1951,82.45,12.89,4.66
AZ,Arizona,1952,83.91,11.8,4.29
AZ,Arizona,1953,82.17,13.19,4.64
AZ,Arizona,1954,80.39,14.64,4.96
AZ,Arizona,1955,80.23,14.71,5.06
AZ,Arizona,1956,80.14,14.97,4.89
AZ,Arizona,1957,80.2,14.55,5.26
AZ,Arizona,1958,78.66,15.65,5.69
AZ,Arizona,1959,78.04,16.12,5.84
AZ,Arizona,1960,77.5,16.69,5.81
AZ,Arizona,1961,76.46,17.31,6.23
AZ,Arizona,1962,76.55,17.13,6.32
AZ,Arizona,1963,75.95,17.49,6.56
AZ,Arizona,1964,75.75,17.64,6.61
AZ,Arizona,1965,75.3,17.65,7.05
AZ,Arizona,1966,76.03,16.98,6.99
AZ,Arizona,1967,75.19,16.85,7.96
AZ,Arizona,1968,74.35,17.64,8.01
AZ,Arizona,1969,73.19,19.03,7.77
AZ,Arizona,1970,71.61,20.18,8.2
AZ,Arizona,1971,71.24,20.16,8.6
AZ,Arizona,1972,71.58,19.8,8.62
AZ,Arizona,1973,71.21,19.8,8.99
AZ,Arizona,1974,69.93,20.44,9.63
AZ,Arizona,1975,66.2,21.33,12.47
AZ,Arizona,1976,66.99,20.66,12.34
AZ,Arizona,1977,67.64,20.78,11.58
AZ,Arizona,1978,68.14,20.75,11.11
AZ,Arizona,1979,68.61,20.63,10.76
AZ,Arizona,1980,66.73,22.03,11.23
AZ,Arizona,1981,64.73,23.7,11.57
AZ,Arizona,1982,62.99,24.88,12.13
AZ,Arizona,1983,62.38,25.57,12.05
AZ,Arizona,1984,63.17,25.39,11.45
AZ,Arizona,1985,63.1,25.74,11.16
AZ,Arizona,1986,63.41,25.4,11.19
AZ,Arizona,1987,64.13,24.48,11.39
AZ,Arizona,1988,64.07,24.39,11.54
AZ,Arizona,1989,61.72,25.81,12.47
AZ,Arizona,1990,61.63,25.2,13.17
AZ,Arizona,1991,62.12,23.93,13.96
AZ,Arizona,1992,62.72,22.36,14.92
AZ,Arizona,1993,62.99,22.03,14.98
AZ,Arizona,1994,63.1,22.29,14.61
AZ,Arizona,1995,63.34,22.37,14.29
AZ,Arizona,1996,63.79,22.16,14.05
AZ,Arizona,1997,64.15,22.33,13.52
AZ,Arizona,1998,65.14,22.02,12.84
AZ,Arizona,1999,65.8,21.3,12.9
AZ,Arizona,2000,66.31,21.13,12.56
AZ,Arizona,2001,65.9,20.51,13.59
AZ,Arizona,2002,65.7,19.71,14.59
AZ,Arizona,2003,65.38,19.61,15.01
AZ,Arizona,2004,65.73,19.15,15.12
AZ,Arizona,2005,65.7,19.12,15.17
AZ,Arizona,2006,65.92,19.1,14.98
AZ,Arizona,2007,64.98,19.64,15.39
AZ,Arizona,2008,62.66,19.72,17.61
AZ,Arizona,2009,61.39,18.29,20.32
AZ,Arizona,2010,60.66,17.75,21.58
AZ,Arizona,2011,60.95,18.53,20.53
AZ,Arizona,2012,61.09,19.1,19.81
AZ,Arizona,2013,61.52,18.38,20.1
AZ,Arizona,2014,61.0,18.73,20.28
AZ,Arizona,2015,60.67,19.12,20.22
AZ,Arizona,2016,60.69,18.97,20.34
AZ,Arizona,2017,60.47,19.05,20.48
AZ,Arizona,2018,60.67,19.07,20.26
AZ,Arizona,2019,60.38,19.32,20.3
AZ,Arizona,2020,57.32,17.92,24.76
AZ,Arizona,2021,56.44,18.91,24.66
AZ,Arizona,2022,58.48,19.85,21.68
AZ,Arizona,2023,57.92,21.51,20.57
AZ,Arizona,2024,57.98,21.68,20.34
AZ,Arizona,2025,57.3,21.64,21.06
CA,California,1929,71.82,26.89,1.29
CA,California,1930,72.96,25.57,1.47
CA,California,1931,70.77,25.97,3.26
CA,California,1932,70.37,26.54,3.1
CA,California,1933,72.42,24.53,3.05
CA,California,1934,75.27,21.82,2.9
CA,California,1935,76.55,20.21,3.24
CA,California,1936,74.6,21.21,4.19
CA,California,1937,76.91,20.26,2.84
CA,California,1938,75.61,20.75,3.63
CA,California,1939,76.02,19.87,4.11
CA,California,1940,76.46,19.12,4.41
CA,California,1941,79.23,17.4,3.37
CA,California,1942,84.88,12.85,2.27
CA,California,1943,87.63,10.71,1.66
CA,California,1944,87.63,10.41,1.96
CA,California,1945,85.62,11.25,3.14
CA,California,1946,83.11,11.85,5.05
CA,California,1947,81.99,12.56,5.45
CA,California,1948,81.02,14.23,4.75
CA,California,1949,79.35,14.98,5.67
CA,California,1950,78.3,15.47,6.22
CA,California,1951,80.78,14.75,4.48
CA,California,1952,81.45,14.34,4.21
CA,California,1953,80.97,14.86,4.16
CA,California,1954,79.19,16.35,4.45
CA,California,1955,79.2,16.34,4.46
CA,California,1956,79.94,15.66,4.39
CA,California,1957,78.92,16.31,4.77
CA,California,1958,78.03,16.44,5.52
CA,California,1959,78.58,16.26,5.16
CA,California,1960,77.79,16.65,5.56
CA,California,1961,77.45,16.46,6.09
CA,California,1962,77.45,16.56,5.99
CA,California,1963,77.17,16.63,6.2
CA,California,1964,76.96,16.83,6.21
CA,California,1965,76.41,17.17,6.42
CA,California,1966,76.51,16.97,6.52
CA,California,1967,75.74,16.76,7.5
CA,California,1968,76.0,16.09,7.9
CA,California,1969,75.31,16.43,8.26
CA,California,1970,73.67,16.97,9.36
CA,California,1971,72.67,17.24,10.09
CA,California,1972,73.01,17.08,9.9
CA,California,1973,72.63,17.38,9.98
CA,California,1974,71.58,17.81,10.61
CA,California,1975,70.23,17.72,12.05
CA,California,1976,70.81,17.18,12.01
CA,California,1977,71.38,17.12,11.5
CA,California,1978,71.81,17.26,10.93
CA,California,1979,71.92,17.5,10.59
CA,California,1980,70.44,18.74,10.82
CA,California,1981,68.25,20.41,11.34
CA,California,1982,67.37,21.03,11.6
CA,California,1983,67.2,21.35,11.46
CA,California,1984,67.42,21.81,10.78
CA,California,1985,67.66,21.57,10.77
CA,California,1986,68.27,20.95,10.78
CA,California,1987,69.79,19.74,10.47
CA,California,1988,69.83,19.88,10.28
CA,California,1989,68.66,20.87,10.47
CA,California,1990,68.54,20.71,10.75
CA,California,1991,68.3,20.19,11.51
CA,California,1992,68.12,19.25,12.63
CA,California,1993,67.71,19.27,13.02
CA,California,1994,67.53,19.54,12.92
CA,California,1995,67.08,20.04,12.87
CA,California,1996,67.23,20.06,12.71
CA,California,1997,68.26,19.67,12.07
CA,California,1998,68.69,19.59,11.72
CA,California,1999,69.72,18.8,11.48
CA,California,2000,70.7,18.46,10.84
CA,California,2001,70.08,18.31,11.6
CA,California,2002,70.24,17.46,12.3
CA,California,2003,70.13,17.44,12.43
CA,California,2004,70.57,17.15,12.28
CA,California,2005,70.09,17.71,12.2
CA,California,2006,69.16,18.66,12.18
CA,California,2007,68.24,19.41,12.35
CA,California,2008,66.29,19.98,13.73
CA,California,2009,65.83,18.51,15.66
CA,California,2010,66.0,17.41,16.59
CA,California,2011,66.12,18.2,15.69
CA,California,2012,65.97,19.08,14.95
CA,California,2013,66.57,18.1,15.33
CA,California,2014,65.91,18.65,15.44
CA,California,2015,65.45,18.98,15.57
CA,California,2016,65.37,19.15,15.49
CA,California,2017,65.76,19.6,14.64
CA,California,2018,65.66,19.7,14.64
CA,California,2019,65.59,19.55,14.86
CA,California,2020,61.91,18.15,19.94
CA,California,2021,62.62,17.87,19.51
CA,California,2022,63.9,19.48,16.62
CA,California,2023,62.95,21.26,15.79
CA,California,2024,62.32,21.07,16.61
CA,California,2025,62.25,20.94,16.81
CO,Colorado,1929,79.39,18.74,1.87
CO,Colorado,1930,78.28,19.6,2.11
CO,Colorado,1931,73.98,21.06,4.95
CO,Colorado,1932,72.5,22.43,5.07
CO,Colorado,1933,75.09,19.92,4.99
CO,Colorado,1934,75.37,19.9,4.73
CO,Colorado,1935,78.06,17.38,4.56
CO,Colorado,1936,76.63,17.39,5.98
CO,Colorado,1937,78.1,17.35,4.55
CO,Colorado,1938,77.91,17.22,4.87
CO,Colorado,1939,77.04,17.37,5.59
CO,Colorado,1940,77.25,16.83,5.92
CO,Colorado,1941,78.91,15.95,5.14
CO,Colorado,1942,83.53,12.84,3.63
CO,Colorado,1943,85.89,11.15,2.96
CO,Colorado,1944,85.88,10.68,3.44
CO,Colorado,1945,84.78,10.72,4.5
CO,Colorado,1946,81.97,11.23,6.79
CO,Colorado,1947,82.07,10.74,7.19
CO,Colorado,1948,78.26,15.15,6.59
CO,Colorado,1949,77.29,16.01,6.71
CO,Colorado,1950,75.88,16.54,7.58
CO,Colorado,1951,78.51,15.94,5.55
CO,Colorado,1952,79.14,15.62,5.24
CO,Colorado,1953,78.05,16.31,5.64
CO,Colorado,1954,76.08,18.02,5.9
CO,Colorado,1955,76.65,17.32,6.03
CO,Colorado,1956,77.28,16.84,5.88
CO,Colorado,1957,77.66,16.52,5.83
CO,Colorado,1958,76.79,17.39,5.82
CO,Colorado,1959,76.27,17.36,6.37
CO,Colorado,1960,76.49,17.19,6.33
CO,Colorado,1961,76.51,17.05,6.44
CO,Colorado,1962,75.84,17.71,6.46
CO,Colorado,1963,75.55,17.89,6.56
CO,Colorado,1964,75.74,17.99,6.28
CO,Colorado,1965,75.73,17.85,6.42
CO,Colorado,1966,75.84,17.68,6.48
CO,Colorado,1967,75.1,17.76,7.14
CO,Colorado,1968,75.66,17.03,7.32
CO,Colorado,1969,74.88,17.94,7.17
CO,Colorado,1970,73.89,18.46,7.65
CO,Colorado,1971,73.92,18.18,7.9
CO,Colorado,1972,74.5,17.75,7.74
CO,Colorado,1973,74.16,17.88,7.96
CO,Colorado,1974,73.35,18.43,8.22
CO,Colorado,1975,71.94,18.73,9.34
CO,Colorado,1976,72.3,18.42,9.28
CO,Colorado,1977,72.71,18.47,8.82
CO,Colorado,1978,73.12,18.55,8.33
CO,Colorado,1979,73.35,18.49,8.17
CO,Colorado,1980,72.22,19.5,8.28
CO,Colorado,1981,70.95,20.6,8.45
CO,Colorado,1982,70.02,21.26,8.72
CO,Colorado,1983,69.14,21.93,8.93
CO,Colorado,1984,69.28,22.07,8.65
CO,Colorado,1985,68.87,22.59,8.54
CO,Colorado,1986,68.67,22.51,8.82
CO,Colorado,1987,68.89,21.92,9.19
CO,Colorado,1988,68.78,22.09,9.13
CO,Colorado,1989,67.44,23.12,9.45
CO,Colorado,1990,67.76,22.69,9.55
CO,Colorado,1991,68.0,22.0,10.0
CO,Colorado,1992,68.85,20.8,10.35
CO,Colorado,1993,69.09,20.65,10.26
CO,Colorado,1994,68.65,21.23,10.12
CO,Colorado,1995,67.78,21.78,10.45
CO,Colorado,1996,68.06,21.9,10.04
CO,Colorado,1997,68.74,21.78,9.48
CO,Colorado,1998,69.95,21.31,8.74
CO,Colorado,1999,71.72,19.62,8.66
CO,Colorado,2000,72.21,19.57,8.22
CO,Colorado,2001,71.99,19.34,8.67
CO,Colorado,2002,71.69,18.7,9.61
CO,Colorado,2003,71.24,18.86,9.9
CO,Colorado,2004,71.1,18.97,9.93
CO,Colorado,2005,70.69,19.24,10.07
CO,Colorado,2006,69.77,20.21,10.02
CO,Colorado,2007,68.58,21.36,10.07
CO,Colorado,2008,66.82,21.98,11.2
CO,Colorado,2009,66.18,20.8,13.02
CO,Colorado,2010,66.03,19.64,14.32
CO,Colorado,2011,65.24,21.15,13.61
CO,Colorado,2012,65.34,21.69,12.98
CO,Colorado,2013,66.64,20.52,12.83
CO,Colorado,2014,66.41,20.85,12.74
CO,Colorado,2015,65.11,21.57,13.32
CO,Colorado,2016,64.43,21.9,13.67
CO,Colorado,2017,64.96,21.89,13.15
CO,Colorado,2018,64.93,21.87,13.2
CO,Colorado,2019,64.7,22.33,12.97
CO,Colorado,2020,62.47,21.11,16.42
CO,Colorado,2021,62.16,21.34,16.5
CO,Colorado,2022,64.09,21.71,14.2
CO,Colorado,2023,63.36,23.44,13.2
CO,Colorado,2024,62.6,23.79,13.61
CO,Colorado,2025,62.16,23.52,14.32
CT,Connecticut,1929,72.4,26.58,1.02
CT,Connecticut,1930,70.71,28.13,1.16
CT,Connecticut,1931,68.39,29.15,2.47
CT,Connecticut,1932,65.95,31.56,2.49
CT,Connecticut,1933,67.54,29.82,2.64
CT,Connecticut,1934,70.49,27.34,2.17
CT,Connecticut,1935,72.34,25.59,2.07
CT,Connecticut,1936,71.19,25.71,3.1
CT,Connecticut,1937,73.46,24.68,1.86
CT,Connecticut,1938,72.86,24.2,2.94
CT,Connecticut,1939,73.14,24.52,2.34
CT,Connecticut,1940,75.34,22.53,2.13
CT,Connecticut,1941,78.57,19.83,1.6
CT,Connecticut,1942,80.69,18.05,1.26
CT,Connecticut,1943,83.66,15.24,1.11
CT,Connecticut,1944,84.07,14.46,1.46
CT,Connecticut,1945,82.28,14.67,3.05
CT,Connecticut,1946,80.14,15.28,4.58
CT,Connecticut,1947,80.37,14.67,4.96
CT,Connecticut,1948,81.25,15.26,3.49
CT,Connecticut,1949,79.57,15.91,4.52
CT,Connecticut,1950,78.27,17.33,4.4
CT,Connecticut,1951,81.01,15.68,3.31
CT,Connecticut,1952,80.46,16.45,3.09
CT,Connecticut,1953,81.42,15.51,3.07
CT,Connecticut,1954,79.5,16.73,3.77
CT,Connecticut,1955,79.47,16.39,4.14
CT,Connecticut,1956,79.62,16.46,3.92
CT,Connecticut,1957,79.51,16.16,4.34
CT,Connecticut,1958,77.29,16.74,5.97
CT,Connecticut,1959,77.55,17.06,5.39
CT,Connecticut,1960,77.2,17.46,5.34
CT,Connecticut,1961,76.14,18.03,5.82
CT,Connecticut,1962,76.07,18.57,5.36
CT,Connecticut,1963,75.52,19.08,5.4
CT,Connecticut,1964,75.25,19.44,5.31
CT,Connecticut,1965,75.06,19.72,5.21
CT,Connecticut,1966,75.43,19.46,5.12
CT,Connecticut,1967,74.14,20.05,5.8
CT,Connecticut,1968,74.96,18.38,6.65
CT,Connecticut,1969,76.14,17.41,6.45
CT,Connecticut,1970,74.89,17.8,7.31
CT,Connecticut,1971,73.41,17.97,8.62
CT,Connecticut,1972,73.62,17.92,8.45
CT,Connecticut,1973,73.65,17.95,8.4
CT,Connecticut,1974,72.59,18.35,9.07
CT,Connecticut,1975,70.7,18.09,11.2
CT,Connecticut,1976,71.12,17.82,11.06
CT,Connecticut,1977,71.72,17.78,10.49
CT,Connecticut,1978,72.45,17.83,9.72
CT,Connecticut,1979,72.41,17.97,9.62
CT,Connecticut,1980,70.95,19.33,9.72
CT,Connecticut,1981,68.95,21.05,10.0
CT,Connecticut,1982,68.06,21.64,10.3
CT,Connecticut,1983,68.41,21.21,10.38
CT,Connecticut,1984,68.61,21.67,9.72
CT,Connecticut,1985,69.48,20.93,9.59
CT,Connecticut,1986,69.92,20.65,9.43
CT,Connecticut,1987,71.39,19.64,8.96
CT,Connecticut,1988,71.1,20.16,8.74
CT,Connecticut,1989,68.98,21.99,9.03
CT,Connecticut,1990,68.43,21.79,9.78
CT,Connecticut,1991,68.33,20.84,10.83
CT,Connecticut,1992,68.42,19.69,11.89
CT,Connecticut,1993,68.16,19.83,12.01
CT,Connecticut,1994,67.99,19.91,12.1
CT,Connecticut,1995,67.86,19.86,12.28
CT,Connecticut,1996,68.25,19.71,12.04
CT,Connecticut,1997,69.15,19.2,11.65
CT,Connecticut,1998,70.09,18.98,10.93
CT,Connecticut,1999,71.32,18.09,10.6
CT,Connecticut,2000,71.62,18.17,10.2
CT,Connecticut,2001,72.11,17.64,10.24
CT,Connecticut,2002,72.5,16.51,10.99
CT,Connecticut,2003,72.31,16.62,11.07
CT,Connecticut,2004,71.97,16.87,11.16
CT,Connecticut,2005,71.61,17.45,10.94
CT,Connecticut,2006,70.17,19.02,10.81
CT,Connecticut,2007,69.3,20.04,10.66
CT,Connecticut,2008,68.76,19.8,11.44
CT,Connecticut,2009,69.59,17.57,12.84
CT,Connecticut,2010,69.89,16.88,13.23
CT,Connecticut,2011,69.42,17.69,12.89
CT,Connecticut,2012,68.01,19.11,12.88
CT,Connecticut,2013,67.87,18.81,13.32
CT,Connecticut,2014,66.99,19.85,13.15
CT,Connecticut,2015,66.6,20.15,13.25
CT,Connecticut,2016,66.19,20.43,13.38
CT,Connecticut,2017,66.33,20.39,13.28
CT,Connecticut,2018,65.2,21.27,13.53
CT,Connecticut,2019,65.46,21.03,13.51
CT,Connecticut,2020,63.46,19.27,17.27
CT,Connecticut,2021,63.47,19.37,17.16
CT,Connecticut,2022,63.78,21.31,14.91
CT,Connecticut,2023,62.42,23.48,14.1
CT,Connecticut,2024,62.37,23.6,14.03
CT,Connecticut,2025,62.38,23.39,14.22
DC,District of Columbia,1929,73.31,24.79,1.89
DC,District of Columbia,1930,73.82,24.2,1.98
DC,District of Columbia,1931,73.07,23.35,3.58
DC,District of Columbia,1932,72.36,24.58,3.06
DC,District of Columbia,1933,72.11,24.6,3.3
DC,District of Columbia,1934,73.52,22.97,3.51
DC,District of Columbia,1935,75.1,21.73,3.17
DC,District of Columbia,1936,73.12,22.54,4.34
DC,District of Columbia,1937,75.85,21.33,2.82
DC,District of Columbia,1938,75.07,21.84,3.09
DC,District of Columbia,1939,75.96,21.04,3.0
DC,District of Columbia,1940,77.61,19.43,2.96
DC,District of Columbia,1941,80.17,17.08,2.75
DC,District of Columbia,1942,83.13,14.51,2.36
DC,District of Columbia,1943,85.8,12.21,1.99
DC,District of Columbia,1944,85.53,11.9,2.57
DC,District of Columbia,1945,83.82,12.53,3.65
DC,District of Columbia,1946,81.12,13.05,5.83
DC,District of Columbia,1947,79.96,13.69,6.34
DC,District of Columbia,1948,81.05,14.92,4.03
DC,District of Columbia,1949,81.38,14.51,4.11
DC,District of Columbia,1950,78.85,16.25,4.9
DC,District of Columbia,1951,81.73,14.95,3.31
DC,District of Columbia,1952,82.25,14.71,3.04
DC,District of Columbia,1953,81.9,14.98,3.13
DC,District of Columbia,1954,78.41,18.22,3.37
DC,District of Columbia,1955,78.64,17.44,3.92
DC,District of Columbia,1956,77.41,18.65,3.94
DC,District of Columbia,1957,75.61,20.14,4.26
DC,District of Columbia,1958,75.09,20.28,4.63
DC,District of Columbia,1959,74.91,20.48,4.61
DC,District of Columbia,1960,73.7,21.6,4.7
DC,District of Columbia,1961,74.0,21.1,4.9
DC,District of Columbia,1962,74.77,20.55,4.68
DC,District of Columbia,1963,75.17,20.15,4.68
DC,District of Columbia,1964,75.67,19.75,4.58
DC,District of Columbia,1965,75.94,19.49,4.57
DC,District of Columbia,1966,76.28,19.07,4.65
DC,District of Columbia,1967,76.55,18.23,5.22
DC,District of Columbia,1968,76.35,17.71,5.94
DC,District of Columbia,1969,75.44,18.33,6.23
DC,District of Columbia,1970,73.85,18.92,7.23
DC,District of Columbia,1971,72.38,19.55,8.07
DC,District of Columbia,1972,71.48,19.66,8.86
DC,District of Columbia,1973,70.63,19.73,9.63
DC,District of Columbia,1974,69.88,19.8,10.32
DC,District of Columbia,1975,69.12,19.08,11.81
DC,District of Columbia,1976,69.2,19.21,11.59
DC,District of Columbia,1977,69.38,19.55,11.07
DC,District of Columbia,1978,68.44,20.88,10.68
DC,District of Columbia,1979,66.76,21.91,11.32
DC,District of Columbia,1980,64.23,23.57,12.21
DC,District of Columbia,1981,62.81,24.64,12.55
DC,District of Columbia,1982,62.42,24.44,13.14
DC,District of Columbia,1983,62.79,24.18,13.04
DC,District of Columbia,1984,63.12,24.12,12.76
DC,District of Columbia,1985,63.6,24.35,12.05
DC,District of Columbia,1986,64.03,24.08,11.89
DC,District of Columbia,1987,65.24,23.11,11.65
DC,District of Columbia,1988,65.36,23.23,11.41
DC,District of Columbia,1989,63.63,25.57,10.8
DC,District of Columbia,1990,64.87,24.1,11.03
DC,District of Columbia,1991,65.42,22.82,11.76
DC,District of Columbia,1992,65.16,22.25,12.59
DC,District of Columbia,1993,64.95,21.76,13.29
DC,District of Columbia,1994,65.0,21.78,13.21
DC,District of Columbia,1995,65.37,21.89,12.74
DC,District of Columbia,1996,65.73,20.96,13.32
DC,District of Columbia,1997,65.41,21.89,12.7
DC,District of Columbia,1998,65.55,21.72,12.73
DC,District of Columbia,1999,66.78,21.13,12.09
DC,District of Columbia,2000,68.29,20.37,11.34
DC,District of Columbia,2001,69.45,19.22,11.32
DC,District of Columbia,2002,69.34,18.25,12.41
DC,District of Columbia,2003,69.27,18.25,12.48
DC,District of Columbia,2004,70.54,17.85,11.61
DC,District of Columbia,2005,70.17,17.88,11.94
DC,District of Columbia,2006,69.13,19.41,11.46
DC,District of Columbia,2007,68.94,19.68,11.38
DC,District of Columbia,2008,67.08,20.77,12.15
DC,District of Columbia,2009,68.98,17.86,13.17
DC,District of Columbia,2010,69.95,16.15,13.9
DC,District of Columbia,2011,69.41,16.9,13.69
DC,District of Columbia,2012,68.81,18.11,13.07
DC,District of Columbia,2013,68.81,17.56,13.63
DC,District of Columbia,2014,69.69,17.72,12.59
DC,District of Columbia,2015,70.49,17.32,12.19
DC,District of Columbia,2016,70.52,17.03,12.45
DC,District of Columbia,2017,70.35,17.5,12.14
DC,District of Columbia,2018,69.98,18.17,11.85
DC,District of Columbia,2019,69.17,18.6,12.23
DC,District of Columbia,2020,66.48,16.56,16.97
DC,District of Columbia,2021,67.06,16.54,16.4
DC,District of Columbia,2022,67.73,18.9,13.37
DC,District of Columbia,2023,66.63,20.57,12.8
DC,District of Columbia,2024,67.68,20.26,12.06
DC,District of Columbia,2025,66.96,20.61,12.43
DE,Delaware,1929,61.22,37.88,0.9
DE,Delaware,1930,64.16,34.71,1.12
DE,Delaware,1931,62.49,35.27,2.24
DE,Delaware,1932,62.73,34.71,2.55
DE,Delaware,1933,62.18,34.97,2.85
DE,Delaware,1934,62.45,35.33,2.22
DE,Delaware,1935,61.47,36.73,1.8
DE,Delaware,1936,58.41,39.41,2.18
DE,Delaware,1937,59.87,38.81,1.32
DE,Delaware,1938,65.13,33.22,1.65
DE,Delaware,1939,61.58,36.66,1.76
DE,Delaware,1940,61.35,37.14,1.5
DE,Delaware,1941,66.37,32.34,1.29
DE,Delaware,1942,73.14,25.72,1.14
DE,Delaware,1943,77.3,21.74,0.95
DE,Delaware,1944,78.2,20.65,1.14
DE,Delaware,1945,76.9,20.87,2.23
DE,Delaware,1946,73.84,22.36,3.8
DE,Delaware,1947,74.27,22.3,3.43
DE,Delaware,1948,76.73,20.27,3.0
DE,Delaware,1949,74.43,22.56,3.02
DE,Delaware,1950,72.18,24.26,3.56
DE,Delaware,1951,77.6,19.74,2.66
DE,Delaware,1952,79.24,18.11,2.65
DE,Delaware,1953,79.07,18.23,2.7
DE,Delaware,1954,75.45,21.45,3.1
DE,Delaware,1955,74.66,22.18,3.17
DE,Delaware,1956,74.39,22.53,3.08
DE,Delaware,1957,73.77,22.62,3.61
DE,Delaware,1958,74.82,20.82,4.36
DE,Delaware,1959,75.02,20.75,4.22
DE,Delaware,1960,74.83,20.95,4.22
DE,Delaware,1961,74.34,20.78,4.88
DE,Delaware,1962,74.27,21.0,4.73
DE,Delaware,1963,74.1,21.32,4.58
DE,Delaware,1964,74.42,21.06,4.53
DE,Delaware,1965,75.34,20.25,4.41
DE,Delaware,1966,76.6,18.75,4.65
DE,Delaware,1967,76.24,18.42,5.34
DE,Delaware,1968,76.76,17.52,5.72
DE,Delaware,1969,77.31,17.01,5.68
DE,Delaware,1970,76.64,17.02,6.34
DE,Delaware,1971,76.79,16.39,6.82
DE,Delaware,1972,77.29,15.82,6.88
DE,Delaware,1973,77.38,15.45,7.17
DE,Delaware,1974,76.05,15.86,8.09
DE,Delaware,1975,75.08,14.79,10.13
DE,Delaware,1976,75.01,15.03,9.96
DE,Delaware,1977,74.34,15.59,10.07
DE,Delaware,1978,74.78,15.61,9.61
DE,Delaware,1979,74.08,15.89,10.02
DE,Delaware,1980,71.92,17.27,10.81
DE,Delaware,1981,69.94,19.02,11.04
DE,Delaware,1982,69.8,19.29,10.9
DE,Delaware,1983,70.18,18.93,10.89
DE,Delaware,1984,70.0,19.4,10.6
DE,Delaware,1985,70.27,19.47,10.26
DE,Delaware,1986,70.02,19.54,10.43
DE,Delaware,1987,70.93,18.97,10.1
DE,Delaware,1988,70.49,19.41,10.1
DE,Delaware,1989,69.04,21.11,9.85
DE,Delaware,1990,68.91,21.06,10.03
DE,Delaware,1991,68.13,20.86,11.0
DE,Delaware,1992,68.49,20.01,11.5
DE,Delaware,1993,68.09,20.07,11.84
DE,Delaware,1994,68.14,19.79,12.06
DE,Delaware,1995,67.19,20.35,12.46
DE,Delaware,1996,66.43,20.65,12.92
DE,Delaware,1997,66.68,20.84,12.48
DE,Delaware,1998,67.38,20.61,12.01
DE,Delaware,1999,69.59,18.74,11.67
DE,Delaware,2000,69.55,18.9,11.55
DE,Delaware,2001,71.39,17.15,11.46
DE,Delaware,2002,71.2,16.85,11.95
DE,Delaware,2003,70.71,16.76,12.54
DE,Delaware,2004,69.79,17.21,13.0
DE,Delaware,2005,69.17,17.15,13.67
DE,Delaware,2006,67.95,18.06,13.99
DE,Delaware,2007,66.87,18.47,14.66
DE,Delaware,2008,63.85,19.37,16.78
DE,Delaware,2009,64.28,17.6,18.13
DE,Delaware,2010,63.97,16.65,19.37
DE,Delaware,2011,64.1,17.09,18.81
DE,Delaware,2012,63.16,17.76,19.08
DE,Delaware,2013,62.61,17.61,19.77
DE,Delaware,2014,61.88,18.07,20.05
DE,Delaware,2015,61.96,17.76,20.28
DE,Delaware,2016,61.27,18.21,20.52
DE,Delaware,2017,60.5,18.76,20.74
DE,Delaware,2018,60.69,18.85,20.46
DE,Delaware,2019,59.8,19.22,20.99
DE,Delaware,2020,57.18,18.01,24.81
DE,Delaware,2021,56.24,18.59,25.16
DE,Delaware,2022,58.23,18.81,22.96
DE,Delaware,2023,55.25,21.61,23.14
DE,Delaware,2024,54.22,22.3,23.49
DE,Delaware,2025,54.05,22.1,23.85
FL,Florida,1929,74.96,23.46,1.59
FL,Florida,1930,76.93,21.28,1.79
FL,Florida,1931,74.87,20.87,4.25
FL,Florida,1932,73.44,22.87,3.69
FL,Florida,1933,74.64,21.79,3.57
FL,Florida,1934,77.89,19.0,3.12
FL,Florida,1935,77.95,19.27,2.79
FL,Florida,1936,74.41,21.2,4.39
FL,Florida,1937,74.26,23.23,2.5
FL,Florida,1938,73.45,23.68,2.86
FL,Florida,1939,72.7,24.12,3.18
FL,Florida,1940,73.79,22.85,3.36
FL,Florida,1941,79.04,18.14,2.82
FL,Florida,1942,84.3,13.68,2.02
FL,Florida,1943,87.38,11.31,1.31
FL,Florida,1944,87.4,10.95,1.66
FL,Florida,1945,86.19,10.87,2.94
FL,Florida,1946,81.7,12.85,5.45
FL,Florida,1947,79.95,13.69,6.36
FL,Florida,1948,78.77,15.35,5.88
FL,Florida,1949,79.49,14.44,6.07
FL,Florida,1950,77.54,15.46,6.99
FL,Florida,1951,79.92,14.53,5.55
FL,Florida,1952,80.26,14.74,5.0
FL,Florida,1953,78.82,16.19,4.99
FL,Florida,1954,77.75,16.99,5.27
FL,Florida,1955,76.9,17.55,5.55
FL,Florida,1956,76.25,18.33,5.42
FL,Florida,1957,75.8,18.24,5.96
FL,Florida,1958,74.44,19.2,6.36
FL,Florida,1959,74.28,19.2,6.52
FL,Florida,1960,73.28,19.93,6.79
FL,Florida,1961,72.12,20.46,7.42
FL,Florida,1962,71.72,20.58,7.7
FL,Florida,1963,71.47,20.72,7.81
FL,Florida,1964,72.1,20.45,7.45
FL,Florida,1965,71.88,20.55,7.57
FL,Florida,1966,71.97,20.34,7.69
FL,Florida,1967,71.0,20.33,8.67
FL,Florida,1968,69.93,21.11,8.97
FL,Florida,1969,69.43,21.79,8.78
FL,Florida,1970,67.86,22.79,9.36
FL,Florida,1971,66.98,22.98,10.04
FL,Florida,1972,67.23,22.5,10.27
FL,Florida,1973,66.76,22.53,10.71
FL,Florida,1974,64.99,23.53,11.48
FL,Florida,1975,62.45,23.78,13.77
FL,Florida,1976,62.1,23.91,13.99
FL,Florida,1977,61.96,24.36,13.67
FL,Florida,1978,62.1,24.73,13.17
FL,Florida,1979,61.39,25.34,13.27
FL,Florida,1980,59.74,26.87,13.39
FL,Florida,1981,57.59,28.89,13.53
FL,Florida,1982,56.96,28.88,14.17
FL,Florida,1983,57.32,28.68,14.0
FL,Florida,1984,57.22,29.36,13.41
FL,Florida,1985,57.22,29.57,13.22
FL,Florida,1986,57.42,29.43,13.16
FL,Florida,1987,58.78,28.26,12.96
FL,Florida,1988,58.47,28.68,12.85
FL,Florida,1989,56.05,30.93,13.03
FL,Florida,1990,55.84,30.82,13.35
FL,Florida,1991,55.78,29.85,14.37
FL,Florida,1992,56.6,27.79,15.61
FL,Florida,1993,57.07,27.17,15.77
FL,Florida,1994,57.07,26.98,15.95
FL,Florida,1995,56.57,27.4,16.03
FL,Florida,1996,56.72,27.35,15.93
FL,Florida,1997,56.61,27.83,15.56
FL,Florida,1998,57.11,28.16,14.73
FL,Florida,1999,58.56,26.81,14.63
FL,Florida,2000,58.74,26.84,14.42
FL,Florida,2001,58.91,26.18,14.91
FL,Florida,2002,59.79,24.68,15.53
FL,Florida,2003,60.05,24.17,15.78
FL,Florida,2004,59.84,24.54,15.62
FL,Florida,2005,59.7,24.85,15.45
FL,Florida,2006,58.57,26.21,15.22
FL,Florida,2007,57.01,27.45,15.53
FL,Florida,2008,54.62,27.89,17.49
FL,Florida,2009,54.38,25.42,20.2
FL,Florida,2010,53.51,25.71,20.77
FL,Florida,2011,52.86,26.64,20.5
FL,Florida,2012,52.95,27.4,19.65
FL,Florida,2013,53.76,26.0,20.25
FL,Florida,2014,53.37,26.67,19.97
FL,Florida,2015,53.19,27.04,19.77
FL,Florida,2016,53.72,26.55,19.73
FL,Florida,2017,52.9,27.9,19.2
FL,Florida,2018,52.5,28.62,18.88
FL,Florida,2019,51.97,29.09,18.94
FL,Florida,2020,49.66,27.8,22.54
FL,Florida,2021,50.2,26.8,23.0
FL,Florida,2022,51.14,29.08,19.78
FL,Florida,2023,49.6,31.75,18.65
FL,Florida,2024,49.08,32.03,18.9
FL,Florida,2025,48.91,31.76,19.33
GA,Georgia,1929,85.58,13.13,1.3
GA,Georgia,1930,84.26,14.07,1.67
GA,Georgia,1931,80.68,14.71,4.61
GA,Georgia,1932,79.82,16.05,4.13
GA,Georgia,1933,82.45,14.1,3.44
GA,Georgia,1934,84.51,12.23,3.26
GA,Georgia,1935,85.43,11.97,2.61
GA,Georgia,1936,82.8,12.58,4.62
GA,Georgia,1937,85.25,12.49,2.26
GA,Georgia,1938,84.3,13.11,2.59
GA,Georgia,1939,84.53,12.8,2.67
GA,Georgia,1940,85.33,11.93,2.74
GA,Georgia,1941,87.39,10.45,2.16
GA,Georgia,1942,88.94,9.35,1.71
GA,Georgia,1943,90.59,8.08,1.33
GA,Georgia,1944,90.75,7.64,1.61
GA,Georgia,1945,89.08,7.77,3.15
GA,Georgia,1946,84.58,8.93,6.49
GA,Georgia,1947,84.0,9.27,6.72
GA,Georgia,1948,85.06,9.25,5.69
GA,Georgia,1949,83.97,9.77,6.26
GA,Georgia,1950,82.75,10.13,7.12
GA,Georgia,1951,85.6,9.27,5.14
GA,Georgia,1952,85.79,9.5,4.72
GA,Georgia,1953,85.68,9.68,4.65
GA,Georgia,1954,84.02,10.82,5.16
GA,Georgia,1955,84.3,10.58,5.12
GA,Georgia,1956,83.98,10.95,5.07
GA,Georgia,1957,83.38,10.99,5.62
GA,Georgia,1958,82.75,11.15,6.1
GA,Georgia,1959,82.43,11.51,6.06
GA,Georgia,1960,81.69,12.28,6.04
GA,Georgia,1961,80.71,12.74,6.55
GA,Georgia,1962,80.74,12.98,6.28
GA,Georgia,1963,80.78,13.04,6.18
GA,Georgia,1964,80.75,13.27,5.98
GA,Georgia,1965,80.67,13.38,5.95
GA,Georgia,1966,80.84,13.28,5.89
GA,Georgia,1967,80.22,13.33,6.44
GA,Georgia,1968,80.68,12.37,6.95
GA,Georgia,1969,80.21,12.7,7.09
GA,Georgia,1970,78.52,13.51,7.97
GA,Georgia,1971,77.83,13.59,8.59
GA,Georgia,1972,78.0,13.39,8.61
GA,Georgia,1973,77.62,13.58,8.8
GA,Georgia,1974,75.74,14.24,10.02
GA,Georgia,1975,73.41,14.3,12.28
GA,Georgia,1976,74.24,13.95,11.81
GA,Georgia,1977,74.91,14.01,11.08
GA,Georgia,1978,75.26,14.13,10.61
GA,Georgia,1979,74.89,14.31,10.8
GA,Georgia,1980,72.73,15.65,11.61
GA,Georgia,1981,71.48,16.83,11.69
GA,Georgia,1982,70.52,17.69,11.79
GA,Georgia,1983,70.44,17.89,11.67
GA,Georgia,1984,71.05,17.94,11.0
GA,Georgia,1985,71.31,17.92,10.77
GA,Georgia,1986,71.7,17.78,10.52
GA,Georgia,1987,72.36,17.37,10.27
GA,Georgia,1988,71.99,17.87,10.14
GA,Georgia,1989,70.67,18.87,10.46
GA,Georgia,1990,70.31,18.82,10.88
GA,Georgia,1991,69.56,18.45,11.99
GA,Georgia,1992,70.2,17.42,12.38
GA,Georgia,1993,70.17,17.36,12.47
GA,Georgia,1994,69.87,17.65,12.48
GA,Georgia,1995,69.54,17.97,12.5
GA,Georgia,1996,69.63,18.05,12.32
GA,Georgia,1997,69.9,18.26,11.84
GA,Georgia,1998,70.83,18.13,11.04
GA,Georgia,1999,72.18,16.89,10.93
GA,Georgia,2000,71.93,17.11,10.96
GA,Georgia,2001,71.67,16.87,11.46
GA,Georgia,2002,71.15,16.25,12.6
GA,Georgia,2003,71.16,16.47,12.36
GA,Georgia,2004,71.23,16.15,12.62
GA,Georgia,2005,70.57,16.43,13.0
GA,Georgia,2006,69.84,17.06,13.1
GA,Georgia,2007,68.49,18.03,13.48
GA,Georgia,2008,66.17,18.49,15.34
GA,Georgia,2009,65.52,17.26,17.22
GA,Georgia,2010,65.04,16.54,18.42
GA,Georgia,2011,64.28,17.66,18.06
GA,Georgia,2012,64.59,17.94,17.47
GA,Georgia,2013,65.0,17.13,17.87
GA,Georgia,2014,64.78,17.63,17.59
GA,Georgia,2015,64.98,17.72,17.3
GA,Georgia,2016,65.07,17.73,17.21
GA,Georgia,2017,64.79,18.43,16.79
GA,Georgia,2018,64.6,18.58,16.82
GA,Georgia,2019,64.42,18.64,16.94
GA,Georgia,2020,60.58,17.68,21.74
GA,Georgia,2021,60.24,17.83,21.93
GA,Georgia,2022,62.55,18.67,18.77
GA,Georgia,2023,61.37,20.35,18.28
GA,Georgia,2024,60.71,20.63,18.66
GA,Georgia,2025,60.22,20.6,19.18
HI,Hawaii,1950,83.4,12.71,3.89
HI,Hawaii,1951,86.48,10.81,2.71
HI,Hawaii,1952,87.32,10.2,2.49
HI,Hawaii,1953,86.48,11.09,2.43
HI,Hawaii,1954,84.83,12.32,2.86
HI,Hawaii,1955,83.81,13.06,3.13
HI,Hawaii,1956,83.48,13.41,3.11
HI,Hawaii,1957,83.4,13.4,3.2
HI,Hawaii,1958,83.08,13.65,3.27
HI,Hawaii,1959,82.8,13.99,3.21
HI,Hawaii,1960,80.94,16.08,2.98
HI,Hawaii,1961,79.87,16.78,3.35
HI,Hawaii,1962,79.14,17.29,3.56
HI,Hawaii,1963,79.12,17.41,3.47
HI,Hawaii,1964,79.14,17.64,3.21
HI,Hawaii,1965,78.79,17.83,3.38
HI,Hawaii,1966,78.91,17.44,3.65
HI,Hawaii,1967,77.95,17.79,4.26
HI,Hawaii,1968,78.67,16.94,4.39
HI,Hawaii,1969,78.48,17.14,4.39
HI,Hawaii,1970,77.15,17.96,4.89
HI,Hawaii,1971,75.77,18.33,5.89
HI,Hawaii,1972,75.32,18.29,6.39
HI,Hawaii,1973,74.53,18.86,6.61
HI,Hawaii,1974,74.25,18.76,6.99
HI,Hawaii,1975,72.94,18.71,8.34
HI,Hawaii,1976,72.6,18.36,9.05
HI,Hawaii,1977,72.75,18.49,8.76
HI,Hawaii,1978,72.23,19.28,8.49
HI,Hawaii,1979,72.13,19.5,8.36
HI,Hawaii,1980,71.56,20.04,8.4
HI,Hawaii,1981,69.36,21.51,9.13
HI,Hawaii,1982,69.92,20.74,9.34
HI,Hawaii,1983,68.99,21.66,9.35
HI,Hawaii,1984,68.26,22.52,9.22
HI,Hawaii,1985,68.28,22.53,9.19
HI,Hawaii,1986,68.78,22.2,9.02
HI,Hawaii,1987,69.87,21.35,8.78
HI,Hawaii,1988,70.27,21.19,8.53
HI,Hawaii,1989,69.81,21.71,8.47
HI,Hawaii,1990,70.5,21.1,8.4
HI,Hawaii,1991,70.53,20.76,8.71
HI,Hawaii,1992,70.08,20.5,9.41
HI,Hawaii,1993,69.22,20.83,9.95
HI,Hawaii,1994,68.17,21.3,10.53
HI,Hawaii,1995,66.66,21.7,11.64
HI,Hawaii,1996,66.51,21.56,11.93
HI,Hawaii,1997,66.52,21.84,11.64
HI,Hawaii,1998,66.29,22.07,11.64
HI,Hawaii,1999,66.82,21.44,11.73
HI,Hawaii,2000,66.95,21.38,11.67
HI,Hawaii,2001,67.61,20.36,12.03
HI,Hawaii,2002,68.41,19.22,12.37
HI,Hawaii,2003,69.39,18.43,12.18
HI,Hawaii,2004,69.47,18.43,12.1
HI,Hawaii,2005,69.48,18.31,12.21
HI,Hawaii,2006,68.41,19.55,12.04
HI,Hawaii,2007,66.84,20.65,12.52
HI,Hawaii,2008,64.75,21.4,13.85
HI,Hawaii,2009,64.41,20.6,14.99
HI,Hawaii,2010,63.95,19.63,16.42
HI,Hawaii,2011,64.1,19.58,16.32
HI,Hawaii,2012,64.76,19.66,15.58
HI,Hawaii,2013,64.79,19.26,15.94
HI,Hawaii,2014,64.21,19.48,16.31
HI,Hawaii,2015,64.49,19.32,16.19
HI,Hawaii,2016,64.38,19.36,16.26
HI,Hawaii,2017,64.25,19.5,16.25
HI,Hawaii,2018,64.75,19.06,16.18
HI,Hawaii,2019,64.1,19.65,16.25
HI,Hawaii,2020,57.51,19.08,23.41
HI,Hawaii,2021,58.69,18.29,23.02
HI,Hawaii,2022,60.11,20.67,19.22
HI,Hawaii,2023,59.78,22.31,17.91
HI,Hawaii,2024,59.91,22.54,17.55
HI,Hawaii,2025,58.57,22.01,19.42
IA,Iowa,1929,83.34,14.81,1.85
IA,Iowa,1930,82.41,15.55,2.04
IA,Iowa,1931,79.18,16.03,4.79
IA,Iowa,1932,78.49,17.27,4.24
IA,Iowa,1933,79.77,16.06,4.18
IA,Iowa,1934,79.83,16.59,3.58
IA,Iowa,1935,86.5,10.95,2.55
IA,Iowa,1936,80.87,13.2,5.93
IA,Iowa,1937,87.02,10.38,2.6
IA,Iowa,1938,85.04,11.65,3.31
IA,Iowa,1939,83.6,12.92,3.48
IA,Iowa,1940,83.78,12.84,3.38
IA,Iowa,1941,85.6,11.57,2.83
IA,Iowa,1942,87.57,10.41,2.02
IA,Iowa,1943,88.82,9.5,1.68
IA,Iowa,1944,87.55,10.24,2.2
IA,Iowa,1945,85.52,10.91,3.57
IA,Iowa,1946,84.45,10.54,5.01
IA,Iowa,1947,83.89,11.22,4.89
IA,Iowa,1948,85.25,11.37,3.38
IA,Iowa,1949,80.84,13.7,5.46
IA,Iowa,1950,82.71,12.64,4.64
IA,Iowa,1951,83.71,12.52,3.76
IA,Iowa,1952,83.51,12.79,3.71
IA,Iowa,1953,82.28,13.64,4.08
IA,Iowa,1954,82.06,13.87,4.06
IA,Iowa,1955,80.65,14.53,4.83
IA,Iowa,1956,80.64,14.34,5.02
IA,Iowa,1957,81.29,13.32,5.39
IA,Iowa,1958,80.0,13.94,6.06
IA,Iowa,1959,78.59,14.94,6.46
IA,Iowa,1960,78.13,15.17,6.69
IA,Iowa,1961,77.64,15.4,6.96
IA,Iowa,1962,77.61,15.4,7.0
IA,Iowa,1963,77.64,15.48,6.88
IA,Iowa,1964,77.39,15.83,6.78
IA,Iowa,1965,78.12,15.21,6.67
IA,Iowa,1966,78.57,14.78,6.65
IA,Iowa,1967,77.84,14.38,7.78
IA,Iowa,1968,76.14,15.49,8.37
IA,Iowa,1969,76.15,15.61,8.25
IA,Iowa,1970,74.68,16.38,8.94
IA,Iowa,1971,73.28,17.04,9.68
IA,Iowa,1972,73.92,16.75,9.32
IA,Iowa,1973,74.9,16.13,8.97
IA,Iowa,1974,72.24,17.74,10.02
IA,Iowa,1975,71.09,17.78,11.12
IA,Iowa,1976,70.32,18.18,11.51
IA,Iowa,1977,70.26,18.72,11.02
IA,Iowa,1978,71.42,18.05,10.53
IA,Iowa,1979,69.9,19.09,11.01
IA,Iowa,1980,66.09,21.72,12.18
IA,Iowa,1981,64.32,23.43,12.25
IA,Iowa,1982,60.29,26.11,13.6
IA,Iowa,1983,59.18,26.52,14.3
IA,Iowa,1984,61.1,25.74,13.16
IA,Iowa,1985,61.28,25.22,13.49
IA,Iowa,1986,61.86,24.58,13.56
IA,Iowa,1987,63.97,22.77,13.26
IA,Iowa,1988,63.84,22.79,13.37
IA,Iowa,1989,64.13,22.75,13.12
IA,Iowa,1990,64.08,22.4,13.53
IA,Iowa,1991,63.75,22.06,14.19
IA,Iowa,1992,65.14,20.54,14.32
IA,Iowa,1993,64.35,20.73,14.92
IA,Iowa,1994,66.04,19.74,14.22
IA,Iowa,1995,64.77,20.83,14.4
IA,Iowa,1996,65.64,20.47,13.89
IA,Iowa,1997,65.32,21.05,13.63
IA,Iowa,1998,65.41,21.24,13.36
IA,Iowa,1999,66.48,20.01,13.51
IA,Iowa,2000,66.55,19.9,13.55
IA,Iowa,2001,66.06,19.7,14.23
IA,Iowa,2002,65.97,18.73,15.3
IA,Iowa,2003,66.87,18.21,14.92
IA,Iowa,2004,68.4,17.31,14.29
IA,Iowa,2005,68.37,16.79,14.84
IA,Iowa,2006,67.33,17.26,15.41
IA,Iowa,2007,66.79,17.87,15.34
IA,Iowa,2008,65.52,18.07,16.41
IA,Iowa,2009,64.53,17.53,17.93
IA,Iowa,2010,64.7,16.84,18.46
IA,Iowa,2011,65.12,17.45,17.43
IA,Iowa,2012,65.01,18.3,16.69
IA,Iowa,2013,65.99,17.28,16.73
IA,Iowa,2014,65.19,17.75,17.06
IA,Iowa,2015,64.56,18.05,17.39
IA,Iowa,2016,63.59,18.76,17.66
IA,Iowa,2017,63.67,19.13,17.2
IA,Iowa,2018,63.37,18.75,17.88
IA,Iowa,2019,62.53,18.89,18.58
IA,Iowa,2020,59.63,18.01,22.36
IA,Iowa,2021,60.18,17.89,21.93
IA,Iowa,2022,63.29,17.64,19.08
IA,Iowa,2023,61.6,19.7,18.71
IA,Iowa,2024,60.04,19.81,20.15
IA,Iowa,2025,60.22,19.78,20.0
ID,Idaho,1929,87.63,10.75,1.61
ID,Idaho,1930,89.14,9.17,1.7
ID,Idaho,1931,86.11,9.32,4.57
ID,Idaho,1932,84.47,11.3,4.23
ID,Idaho,1933,83.16,12.2,4.64
ID,Idaho,1934,90.26,7.29,2.45
ID,Idaho,1935,89.33,7.39,3.27
ID,Idaho,1936,88.47,6.55,4.98
ID,Idaho,1937,89.33,7.4,3.28
ID,Idaho,1938,89.41,7.35,3.24
ID,Idaho,1939,88.02,8.15,3.83
ID,Idaho,1940,87.09,9.06,3.84
ID,Idaho,1941,88.28,8.59,3.12
ID,Idaho,1942,89.84,8.19,1.97
ID,Idaho,1943,92.06,6.36,1.58
ID,Idaho,1944,92.08,6.19,1.74
ID,Idaho,1945,90.05,6.81,3.14
ID,Idaho,1946,87.46,7.3,5.24
ID,Idaho,1947,87.01,7.42,5.57
ID,Idaho,1948,85.03,10.11,4.86
ID,Idaho,1949,83.63,11.11,5.26
ID,Idaho,1950,81.9,12.0,6.11
ID,Idaho,1951,83.17,12.16,4.68
ID,Idaho,1952,84.38,11.33,4.29
ID,Idaho,1953,83.55,11.72,4.73
ID,Idaho,1954,81.22,13.66,5.12
ID,Idaho,1955,80.72,13.9,5.38
ID,Idaho,1956,80.45,14.41,5.14
ID,Idaho,1957,78.86,15.45,5.69
ID,Idaho,1958,79.12,14.45,6.42
ID,Idaho,1959,78.84,14.57,6.59
ID,Idaho,1960,78.32,14.83,6.85
ID,Idaho,1961,77.86,14.82,7.31
ID,Idaho,1962,78.04,14.85,7.1
ID,Idaho,1963,77.49,15.36,7.16
ID,Idaho,1964,77.36,15.53,7.11
ID,Idaho,1965,78.81,14.49,6.7
ID,Idaho,1966,77.97,14.93,7.1
ID,Idaho,1967,77.34,14.64,8.02
ID,Idaho,1968,76.78,14.78,8.44
ID,Idaho,1969,76.46,15.44,8.1
ID,Idaho,1970,75.09,16.27,8.64
ID,Idaho,1971,73.67,17.02,9.3
ID,Idaho,1972,74.35,16.38,9.27
ID,Idaho,1973,74.21,16.61,9.18
ID,Idaho,1974,74.18,16.45,9.37
ID,Idaho,1975,71.29,17.95,10.76
ID,Idaho,1976,71.81,17.29,10.9
ID,Idaho,1977,71.35,18.07,10.58
ID,Idaho,1978,72.25,17.94,9.82
ID,Idaho,1979,71.12,18.4,10.48
ID,Idaho,1980,69.44,19.39,11.16
ID,Idaho,1981,67.28,21.09,11.63
ID,Idaho,1982,63.81,23.48,12.71
ID,Idaho,1983,64.41,23.29,12.3
ID,Idaho,1984,64.29,23.74,11.96
ID,Idaho,1985,63.28,24.6,12.12
ID,Idaho,1986,63.21,24.25,12.53
ID,Idaho,1987,64.88,22.73,12.39
ID,Idaho,1988,65.52,22.22,12.26
ID,Idaho,1989,65.47,22.4,12.13
ID,Idaho,1990,66.04,21.85,12.11
ID,Idaho,1991,65.57,21.55,12.88
ID,Idaho,1992,66.26,20.62,13.12
ID,Idaho,1993,66.6,20.52,12.89
ID,Idaho,1994,66.29,20.93,12.78
ID,Idaho,1995,65.19,21.72,13.09
ID,Idaho,1996,64.98,21.84,13.18
ID,Idaho,1997,64.61,22.28,13.1
ID,Idaho,1998,65.38,21.99,12.63
ID,Idaho,1999,66.94,20.39,12.67
ID,Idaho,2000,67.29,20.02,12.69
ID,Idaho,2001,66.48,19.93,13.6
ID,Idaho,2002,66.67,19.06,14.27
ID,Idaho,2003,65.45,19.91,14.64
ID,Idaho,2004,65.28,20.2,14.52
ID,Idaho,2005,64.85,20.35,14.81
ID,Idaho,2006,64.5,20.89,14.62
ID,Idaho,2007,63.94,21.16,14.91
ID,Idaho,2008,61.8,21.3,16.9
ID,Idaho,2009,61.2,19.57,19.24
ID,Idaho,2010,60.65,18.91,20.44
ID,Idaho,2011,60.48,20.11,19.41
ID,Idaho,2012,59.67,21.6,18.73
ID,Idaho,2013,60.83,20.53,18.64
ID,Idaho,2014,60.51,20.87,18.62
ID,Idaho,2015,60.1,21.29,18.61
ID,Idaho,2016,59.85,21.5,18.65
ID,Idaho,2017,59.97,21.58,18.44
ID,Idaho,2018,60.33,21.33,18.34
ID,Idaho,2019,60.24,21.5,18.26
ID,Idaho,2020,58.54,20.48,20.97
ID,Idaho,2021,56.08,22.67,21.25
ID,Idaho,2022,57.61,23.03,19.36
ID,Idaho,2023,57.06,24.35,18.59
ID,Idaho,2024,56.83,24.24,18.93
ID,Idaho,2025,56.98,23.98,19.04
IL,Illinois,1929,76.55,22.27,1.18
IL,Illinois,1930,75.85,22.75,1.4
IL,Illinois,1931,74.85,21.93,3.23
IL,Illinois,1932,74.91,21.81,3.28
IL,Illinois,1933,76.81,19.42,3.77
IL,Illinois,1934,79.26,17.45,3.29
IL,Illinois,1935,80.56,16.26,3.18
IL,Illinois,1936,78.54,17.32,4.14
IL,Illinois,1937,81.34,16.25,2.41
IL,Illinois,1938,81.21,16.04,2.75
IL,Illinois,1939,79.99,17.11,2.9
IL,Illinois,1940,79.93,16.85,3.22
IL,Illinois,1941,81.26,16.09,2.65
IL,Illinois,1942,84.44,13.07,2.49
IL,Illinois,1943,86.69,11.39,1.92
IL,Illinois,1944,86.82,11.11,2.07
IL,Illinois,1945,85.37,11.3,3.33
IL,Illinois,1946,83.37,11.63,5.0
IL,Illinois,1947,83.05,12.02,4.93
IL,Illinois,1948,84.73,10.76,4.51
IL,Illinois,1949,84.47,11.4,4.13
IL,Illinois,1950,83.32,12.17,4.5
IL,Illinois,1951,85.26,11.34,3.4
IL,Illinois,1952,85.7,10.95,3.36
IL,Illinois,1953,85.12,11.55,3.33
IL,Illinois,1954,84.01,12.04,3.95
IL,Illinois,1955,84.21,11.74,4.05
IL,Illinois,1956,83.95,12.11,3.94
IL,Illinois,1957,83.28,12.3,4.42
IL,Illinois,1958,82.04,12.52,5.44
IL,Illinois,1959,81.88,12.77,5.34
IL,Illinois,1960,81.12,13.47,5.41
IL,Illinois,1961,80.09,13.91,6.01
IL,Illinois,1962,79.61,14.49,5.9
IL,Illinois,1963,79.08,15.08,5.84
IL,Illinois,1964,78.99,15.45,5.56
IL,Illinois,1965,78.89,15.61,5.49
IL,Illinois,1966,79.22,15.29,5.49
IL,Illinois,1967,78.67,15.19,6.14
IL,Illinois,1968,78.37,14.91,6.71
IL,Illinois,1969,79.06,14.27,6.67
IL,Illinois,1970,77.85,14.7,7.45
IL,Illinois,1971,77.12,14.58,8.3
IL,Illinois,1972,76.88,14.51,8.61
IL,Illinois,1973,76.14,14.68,9.18
IL,Illinois,1974,75.14,15.29,9.57
IL,Illinois,1975,73.57,15.18,11.25
IL,Illinois,1976,73.67,14.9,11.43
IL,Illinois,1977,74.19,14.93,10.88
IL,Illinois,1978,74.47,15.04,10.49
IL,Illinois,1979,74.16,15.42,10.41
IL,Illinois,1980,71.13,17.21,11.66
IL,Illinois,1981,68.96,18.95,12.09
IL,Illinois,1982,66.32,21.14,12.54
IL,Illinois,1983,65.68,21.43,12.89
IL,Illinois,1984,66.32,21.75,11.92
IL,Illinois,1985,66.83,21.34,11.84
IL,Illinois,1986,67.37,20.97,11.66
IL,Illinois,1987,68.81,19.9,11.29
IL,Illinois,1988,69.16,20.04,10.8
IL,Illinois,1989,68.81,20.44,10.76
IL,Illinois,1990,68.78,20.16,11.06
IL,Illinois,1991,68.32,20.03,11.65
IL,Illinois,1992,68.63,19.01,12.36
IL,Illinois,1993,68.68,18.81,12.51
IL,Illinois,1994,68.71,18.98,12.31
IL,Illinois,1995,67.87,19.75,12.38
IL,Illinois,1996,67.82,19.94,12.24
IL,Illinois,1997,68.11,20.09,11.8
IL,Illinois,1998,68.25,20.41,11.34
IL,Illinois,1999,69.66,19.31,11.03
IL,Illinois,2000,69.48,19.61,10.92
IL,Illinois,2001,69.82,18.84,11.34
IL,Illinois,2002,70.19,17.76,12.05
IL,Illinois,2003,70.15,17.52,12.33
IL,Illinois,2004,70.22,17.49,12.29
IL,Illinois,2005,69.32,17.7,12.99
IL,Illinois,2006,68.86,18.72,12.41
IL,Illinois,2007,67.87,19.17,12.96
IL,Illinois,2008,66.52,19.64,13.84
IL,Illinois,2009,65.68,18.04,16.28
IL,Illinois,2010,65.61,17.17,17.21
IL,Illinois,2011,66.19,18.13,15.68
IL,Illinois,2012,66.06,18.91,15.03
IL,Illinois,2013,66.64,17.99,15.37
IL,Illinois,2014,65.96,19.0,15.03
IL,Illinois,2015,65.4,19.22,15.37
IL,Illinois,2016,65.42,19.27,15.3
IL,Illinois,2017,65.0,19.69,15.31
IL,Illinois,2018,64.66,20.38,14.95
IL,Illinois,2019,64.87,19.96,15.17
IL,Illinois,2020,61.09,19.04,19.87
IL,Illinois,2021,61.4,18.29,20.31
IL,Illinois,2022,63.49,19.29,17.22
IL,Illinois,2023,61.81,21.23,16.95
IL,Illinois,2024,61.53,21.52,16.95
IL,Illinois,2025,61.22,21.43,17.35
IN,Indiana,1929,84.01,13.99,2.0
IN,Indiana,1930,82.68,15.01,2.31
IN,Indiana,1931,80.77,14.53,4.7
IN,Indiana,1932,79.41,15.9,4.69
IN,Indiana,1933,82.09,13.52,4.39
IN,Indiana,1934,85.12,11.63,3.25
IN,Indiana,1935,86.45,10.53,3.02
IN,Indiana,1936,84.08,11.36,4.56
IN,Indiana,1937,86.63,10.9,2.47
IN,Indiana,1938,83.89,12.07,4.04
IN,Indiana,1939,84.21,12.16,3.63
IN,Indiana,1940,84.08,12.5,3.42
IN,Indiana,1941,86.35,11.06,2.59
IN,Indiana,1942,88.56,9.34,2.09
IN,Indiana,1943,89.93,8.53,1.54
IN,Indiana,1944,89.46,8.8,1.75
IN,Indiana,1945,87.95,8.96,3.09
IN,Indiana,1946,85.8,9.14,5.06
IN,Indiana,1947,86.54,9.12,4.34
IN,Indiana,1948,87.41,9.0,3.59
IN,Indiana,1949,85.65,10.2,4.15
IN,Indiana,1950,85.14,10.36,4.49
IN,Indiana,1951,86.78,9.54,3.67
IN,Indiana,1952,86.3,9.8,3.9
IN,Indiana,1953,86.05,9.56,4.38
IN,Indiana,1954,85.35,10.28,4.37
IN,Indiana,1955,85.46,10.27,4.27
IN,Indiana,1956,84.91,10.66,4.43
IN,Indiana,1957,84.64,10.26,5.1
IN,Indiana,1958,82.95,10.9,6.15
IN,Indiana,1959,83.08,11.14,5.78
IN,Indiana,1960,82.43,11.76,5.82
IN,Indiana,1961,81.48,12.05,6.47
IN,Indiana,1962,81.71,12.21,6.08
IN,Indiana,1963,81.43,12.56,6.01
IN,Indiana,1964,81.45,12.71,5.84
IN,Indiana,1965,81.97,12.34,5.69
IN,Indiana,1966,82.11,12.22,5.67
IN,Indiana,1967,81.27,12.42,6.31
IN,Indiana,1968,80.97,12.25,6.78
IN,Indiana,1969,80.6,12.75,6.65
IN,Indiana,1970,78.81,13.7,7.49
IN,Indiana,1971,77.93,13.86,8.21
IN,Indiana,1972,78.1,13.64,8.26
IN,Indiana,1973,77.94,13.53,8.53
IN,Indiana,1974,76.03,14.55,9.42
IN,Indiana,1975,73.81,15.08,11.11
IN,Indiana,1976,74.89,14.65,10.46
IN,Indiana,1977,75.24,14.85,9.91
IN,Indiana,1978,75.5,14.73,9.77
IN,Indiana,1979,74.86,14.95,10.19
IN,Indiana,1980,71.23,16.91,11.86
IN,Indiana,1981,69.09,18.83,12.08
IN,Indiana,1982,66.73,20.27,13.0
IN,Indiana,1983,66.24,20.42,13.33
IN,Indiana,1984,67.26,20.13,12.61
IN,Indiana,1985,67.26,20.18,12.56
IN,Indiana,1986,67.49,19.91,12.6
IN,Indiana,1987,68.99,18.87,12.14
IN,Indiana,1988,68.86,19.15,11.98
IN,Indiana,1989,68.22,19.82,11.97
IN,Indiana,1990,67.81,19.87,12.31
IN,Indiana,1991,67.72,19.14,13.14
IN,Indiana,1992,68.1,18.01,13.89
IN,Indiana,1993,68.32,17.77,13.91
IN,Indiana,1994,68.46,17.88,13.66
IN,Indiana,1995,68.06,18.63,13.31
IN,Indiana,1996,68.03,18.66,13.31
IN,Indiana,1997,68.19,18.84,12.97
IN,Indiana,1998,68.46,19.04,12.49
IN,Indiana,1999,69.72,17.69,12.59
IN,Indiana,2000,69.44,17.85,12.71
IN,Indiana,2001,68.84,17.45,13.71
IN,Indiana,2002,69.04,16.63,14.33
IN,Indiana,2003,69.18,16.29,14.53
IN,Indiana,2004,69.53,15.78,14.69
IN,Indiana,2005,69.18,15.3,15.52
IN,Indiana,2006,68.41,15.76,15.84
IN,Indiana,2007,67.68,16.29,16.03
IN,Indiana,2008,65.73,16.6,17.67
IN,Indiana,2009,64.39,15.58,20.03
IN,Indiana,2010,64.81,14.71,20.47
IN,Indiana,2011,65.65,15.09,19.26
IN,Indiana,2012,65.37,15.57,19.06
IN,Indiana,2013,65.89,15.16,18.95
IN,Indiana,2014,65.03,15.48,19.48
IN,Indiana,2015,64.78,15.73,19.49
IN,Indiana,2016,64.99,15.56,19.45
IN,Indiana,2017,64.92,15.77,19.31
IN,Indiana,2018,64.95,15.91,19.14
IN,Indiana,2019,64.8,15.7,19.5
IN,Indiana,2020,61.91,14.75,23.33
IN,Indiana,2021,61.12,14.96,23.92
IN,Indiana,2022,63.51,15.33,21.16
IN,Indiana,2023,62.72,16.91,20.37
IN,Indiana,2024,62.36,17.09,20.55
IN,Indiana,2025,62.24,17.02,20.74
KS,Kansas,1929,81.43,16.15,2.42
KS,Kansas,1930,81.99,15.39,2.62
KS,Kansas,1931,79.29,15.6,5.11
KS,Kansas,1932,76.04,18.97,4.99
KS,Kansas,1933,79.13,16.57,4.29
KS,Kansas,1934,81.23,15.53,3.24
KS,Kansas,1935,83.82,13.26,2.92
KS,Kansas,1936,80.32,14.07,5.6
KS,Kansas,1937,82.95,14.23,2.83
KS,Kansas,1938,81.79,14.85,3.36
KS,Kansas,1939,80.99,15.05,3.96
KS,Kansas,1940,81.42,14.73,3.86
KS,Kansas,1941,83.77,13.15,3.08
KS,Kansas,1942,88.15,9.83,2.02
KS,Kansas,1943,89.59,8.88,1.53
KS,Kansas,1944,89.62,8.69,1.7
KS,Kansas,1945,87.47,9.37,3.16
KS,Kansas,1946,84.11,10.2,5.69
KS,Kansas,1947,85.9,9.4,4.7
KS,Kansas,1948,84.1,11.98,3.93
KS,Kansas,1949,83.49,12.33,4.18
KS,Kansas,1950,82.44,12.54,5.03
KS,Kansas,1951,84.26,11.96,3.78
KS,Kansas,1952,83.92,12.61,3.47
KS,Kansas,1953,83.18,12.88,3.94
KS,Kansas,1954,82.42,13.47,4.12
KS,Kansas,1955,81.28,14.06,4.66
KS,Kansas,1956,80.91,14.28,4.81
KS,Kansas,1957,80.31,14.29,5.4
KS,Kansas,1958,79.29,15.1,5.62
KS,Kansas,1959,78.17,15.8,6.03
KS,Kansas,1960,77.72,16.02,6.26
KS,Kansas,1961,77.5,15.86,6.64
KS,Kansas,1962,77.58,15.84,6.58
KS,Kansas,1963,77.3,15.88,6.82
KS,Kansas,1964,77.37,15.93,6.7
KS,Kansas,1965,77.27,15.88,6.85
KS,Kansas,1966,77.95,15.17,6.88
KS,Kansas,1967,77.44,14.69,7.87
KS,Kansas,1968,77.29,14.34,8.37
KS,Kansas,1969,76.5,15.09,8.41
KS,Kansas,1970,75.27,15.7,9.03
KS,Kansas,1971,74.69,15.82,9.49
KS,Kansas,1972,75.26,15.59,9.15
KS,Kansas,1973,75.15,15.46,9.39
KS,Kansas,1974,73.29,16.73,9.98
KS,Kansas,1975,71.65,17.21,11.14
KS,Kansas,1976,71.7,16.97,11.33
KS,Kansas,1977,71.44,17.33,11.23
KS,Kansas,1978,71.34,17.59,11.07
KS,Kansas,1979,71.84,17.47,10.69
KS,Kansas,1980,68.85,19.58,11.56
KS,Kansas,1981,66.82,21.42,11.76
KS,Kansas,1982,64.45,23.37,12.18
KS,Kansas,1983,64.16,23.39,12.45
KS,Kansas,1984,64.9,23.39,11.71
KS,Kansas,1985,64.62,23.65,11.73
KS,Kansas,1986,65.17,23.09,11.75
KS,Kansas,1987,66.41,22.0,11.59
KS,Kansas,1988,65.99,22.5,11.51
KS,Kansas,1989,65.56,22.5,11.94
KS,Kansas,1990,65.69,22.11,12.2
KS,Kansas,1991,65.09,22.11,12.8
KS,Kansas,1992,66.02,20.77,13.2
KS,Kansas,1993,66.14,20.49,13.37
KS,Kansas,1994,66.13,20.66,13.21
KS,Kansas,1995,65.56,21.08,13.35
KS,Kansas,1996,66.06,20.97,12.96
KS,Kansas,1997,66.07,21.13,12.8
KS,Kansas,1998,66.34,21.41,12.26
KS,Kansas,1999,67.33,20.3,12.37
KS,Kansas,2000,66.61,20.67,12.72
KS,Kansas,2001,66.69,19.87,13.44
KS,Kansas,2002,66.88,18.99,14.14
KS,Kansas,2003,67.01,18.67,14.32
KS,Kansas,2004,67.15,18.53,14.32
KS,Kansas,2005,67.0,18.7,14.3
KS,Kansas,2006,66.28,19.77,13.94
KS,Kansas,2007,65.59,20.43,13.98
KS,Kansas,2008,64.44,21.2,14.36
KS,Kansas,2009,64.74,19.1,16.16
KS,Kansas,2010,65.2,17.94,16.86
KS,Kansas,2011,65.34,18.73,15.93
KS,Kansas,2012,65.7,19.4,14.9
KS,Kansas,2013,67.07,18.12,14.81
KS,Kansas,2014,65.4,19.48,15.12
KS,Kansas,2015,65.46,19.07,15.47
KS,Kansas,2016,65.04,19.0,15.96
KS,Kansas,2017,64.81,19.23,15.96
KS,Kansas,2018,64.44,19.5,16.06
KS,Kansas,2019,64.42,19.23,16.35
KS,Kansas,2020,62.18,18.05,19.77
KS,Kansas,2021,60.73,18.93,20.34
KS,Kansas,2022,63.45,18.7,17.85
KS,Kansas,2023,61.6,20.55,17.84
KS,Kansas,2024,60.79,20.88,18.34
KS,Kansas,2025,60.32,20.55,19.13
KY,Kentucky,1929,81.68,16.45,1.87
KY,Kentucky,1930,79.41,18.26,2.33
KY,Kentucky,1931,77.99,16.81,5.2
KY,Kentucky,1932,75.71,19.35,4.94
KY,Kentucky,1933,79.01,16.77,4.22
KY,Kentucky,1934,80.75,15.52,3.73
KY,Kentucky,1935,82.2,14.43,3.37
KY,Kentucky,1936,80.84,13.8,5.36
KY,Kentucky,1937,85.36,12.04,2.6
KY,Kentucky,1938,83.46,13.06,3.48
KY,Kentucky,1939,82.86,13.83,3.31
KY,Kentucky,1940,83.63,13.1,3.27
KY,Kentucky,1941,85.84,11.51,2.65
KY,Kentucky,1942,88.09,9.89,2.02
KY,Kentucky,1943,90.04,8.34,1.62
KY,Kentucky,1944,90.15,7.8,2.04
KY,Kentucky,1945,88.15,7.96,3.88
KY,Kentucky,1946,83.55,8.55,7.91
KY,Kentucky,1947,83.86,9.25,6.89
KY,Kentucky,1948,85.41,9.0,5.59
KY,Kentucky,1949,84.52,8.78,6.71
KY,Kentucky,1950,82.88,9.32,7.8
KY,Kentucky,1951,85.74,8.67,5.59
KY,Kentucky,1952,86.06,8.5,5.44
KY,Kentucky,1953,85.22,9.24,5.54
KY,Kentucky,1954,83.15,10.23,6.62
KY,Kentucky,1955,82.88,10.48,6.64
KY,Kentucky,1956,83.28,10.25,6.48
KY,Kentucky,1957,81.92,10.84,7.24
KY,Kentucky,1958,80.2,11.6,8.2
KY,Kentucky,1959,80.14,11.77,8.09
KY,Kentucky,1960,78.99,12.47,8.54
KY,Kentucky,1961,77.27,12.36,10.37
KY,Kentucky,1962,78.34,12.78,8.87
KY,Kentucky,1963,78.63,12.92,8.45
KY,Kentucky,1964,78.36,13.13,8.51
KY,Kentucky,1965,78.87,12.56,8.57
KY,Kentucky,1966,79.32,12.19,8.49
KY,Kentucky,1967,78.47,12.19,9.34
KY,Kentucky,1968,78.69,11.65,9.66
KY,Kentucky,1969,78.0,12.28,9.72
KY,Kentucky,1970,76.48,13.03,10.49
KY,Kentucky,1971,75.55,13.13,11.32
KY,Kentucky,1972,75.64,12.99,11.37
KY,Kentucky,1973,74.87,13.07,12.06
KY,Kentucky,1974,73.67,13.56,12.78
KY,Kentucky,1975,71.39,13.83,14.78
KY,Kentucky,1976,71.96,13.56,14.49
KY,Kentucky,1977,72.88,13.59,13.53
KY,Kentucky,1978,73.19,13.81,13.0
KY,Kentucky,1979,72.54,13.97,13.49
KY,Kentucky,1980,69.42,15.62,14.96
KY,Kentucky,1981,67.68,17.15,15.17
KY,Kentucky,1982,65.48,18.98,15.54
KY,Kentucky,1983,64.39,19.42,16.19
KY,Kentucky,1984,65.49,19.33,15.18
KY,Kentucky,1985,65.19,19.58,15.23
KY,Kentucky,1986,64.65,19.85,15.51
KY,Kentucky,1987,65.87,18.9,15.23
KY,Kentucky,1988,66.29,18.88,14.83
KY,Kentucky,1989,65.6,19.23,15.16
KY,Kentucky,1990,65.1,19.27,15.63
KY,Kentucky,1991,64.3,18.87,16.82
KY,Kentucky,1992,64.87,17.96,17.17
KY,Kentucky,1993,65.02,17.79,17.19
KY,Kentucky,1994,64.94,17.9,17.16
KY,Kentucky,1995,63.98,18.4,17.61
KY,Kentucky,1996,63.91,18.5,17.59
KY,Kentucky,1997,64.02,18.49,17.49
KY,Kentucky,1998,64.3,18.73,16.97
KY,Kentucky,1999,65.39,17.72,16.89
KY,Kentucky,2000,65.22,17.95,16.83
KY,Kentucky,2001,64.68,17.6,17.72
KY,Kentucky,2002,64.77,16.71,18.52
KY,Kentucky,2003,65.22,16.24,18.54
KY,Kentucky,2004,65.6,15.56,18.84
KY,Kentucky,2005,65.53,15.4,19.06
KY,Kentucky,2006,64.45,16.11,19.44
KY,Kentucky,2007,63.37,16.59,20.04
KY,Kentucky,2008,61.31,17.15,21.53
KY,Kentucky,2009,59.8,16.11,24.09
KY,Kentucky,2010,60.03,15.38,24.59
KY,Kentucky,2011,60.53,15.72,23.76
KY,Kentucky,2012,60.44,16.57,22.99
KY,Kentucky,2013,61.0,15.66,23.34
KY,Kentucky,2014,59.74,15.87,24.39
KY,Kentucky,2015,59.42,16.01,24.57
KY,Kentucky,2016,59.12,16.54,24.34
KY,Kentucky,2017,59.04,16.58,24.38
KY,Kentucky,2018,58.97,16.76,24.27
KY,Kentucky,2019,59.04,16.72,24.24
KY,Kentucky,2020,55.1,15.48,29.42
KY,Kentucky,2021,54.66,15.65,29.7
KY,Kentucky,2022,57.45,16.29,26.26
KY,Kentucky,2023,56.86,17.78,25.37
KY,Kentucky,2024,56.13,17.85,26.02
KY,Kentucky,2025,55.43,17.74,26.83
LA,Louisiana,1929,81.46,17.16,1.38
LA,Louisiana,1930,79.33,19.03,1.64
LA,Louisiana,1931,76.6,19.04,4.36
LA,Louisiana,1932,75.72,20.58,3.7
LA,Louisiana,1933,78.52,18.04,3.44
LA,Louisiana,1934,80.44,16.64,2.91
LA,Louisiana,1935,82.1,15.4,2.5
LA,Louisiana,1936,80.14,14.86,5.0
LA,Louisiana,1937,81.98,15.56,2.46
LA,Louisiana,1938,81.08,16.02,2.9
LA,Louisiana,1939,80.92,15.99,3.09
LA,Louisiana,1940,81.67,14.88,3.46
LA,Louisiana,1941,84.63,12.42,2.95
LA,Louisiana,1942,88.25,9.73,2.02
LA,Louisiana,1943,90.35,8.16,1.49
LA,Louisiana,1944,90.04,8.17,1.79
LA,Louisiana,1945,87.64,8.92,3.44
LA,Louisiana,1946,82.91,9.91,7.18
LA,Louisiana,1947,83.1,9.98,6.91
LA,Louisiana,1948,82.72,10.47,6.81
LA,Louisiana,1949,79.16,10.3,10.53
LA,Louisiana,1950,78.54,11.45,10.01
LA,Louisiana,1951,81.65,10.74,7.6
LA,Louisiana,1952,82.37,10.91,6.72
LA,Louisiana,1953,83.08,10.9,6.02
LA,Louisiana,1954,82.14,11.5,6.36
LA,Louisiana,1955,81.74,11.59,6.67
LA,Louisiana,1956,81.42,12.2,6.38
LA,Louisiana,1957,80.88,12.57,6.55
LA,Louisiana,1958,79.81,13.01,7.17
LA,Louisiana,1959,79.16,13.38,7.47
LA,Louisiana,1960,78.35,13.85,7.8
LA,Louisiana,1961,77.83,13.82,8.35
LA,Louisiana,1962,77.73,14.08,8.19
LA,Louisiana,1963,77.71,14.13,8.15
LA,Louisiana,1964,78.3,13.8,7.9
LA,Louisiana,1965,78.46,13.67,7.87
LA,Louisiana,1966,79.25,13.12,7.63
LA,Louisiana,1967,79.06,12.78,8.16
LA,Louisiana,1968,79.29,12.3,8.42
LA,Louisiana,1969,77.87,13.2,8.93
LA,Louisiana,1970,76.28,13.82,9.89
LA,Louisiana,1971,75.7,13.94,10.37
LA,Louisiana,1972,75.69,13.88,10.43
LA,Louisiana,1973,75.26,13.88,10.86
LA,Louisiana,1974,74.19,14.62,11.19
LA,Louisiana,1975,73.09,14.63,12.28
LA,Louisiana,1976,74.02,13.95,12.04
LA,Louisiana,1977,74.51,13.89,11.6
LA,Louisiana,1978,74.91,14.06,11.03
LA,Louisiana,1979,74.84,14.1,11.06
LA,Louisiana,1980,73.2,15.32,11.48
LA,Louisiana,1981,72.27,16.6,11.12
LA,Louisiana,1982,70.07,18.01,11.92
LA,Louisiana,1983,67.99,19.03,12.98
LA,Louisiana,1984,67.68,19.6,12.72
LA,Louisiana,1985,66.4,20.45,13.15
LA,Louisiana,1986,65.23,20.35,14.42
LA,Louisiana,1987,65.81,19.62,14.57
LA,Louisiana,1988,65.99,19.55,14.47
LA,Louisiana,1989,65.07,20.01,14.92
LA,Louisiana,1990,65.29,19.43,15.27
LA,Louisiana,1991,64.88,18.57,16.55
LA,Louisiana,1992,64.64,17.61,17.75
LA,Louisiana,1993,64.04,17.33,18.63
LA,Louisiana,1994,63.55,17.11,19.34
LA,Louisiana,1995,63.5,17.85,18.65
LA,Louisiana,1996,63.84,17.98,18.18
LA,Louisiana,1997,64.28,18.12,17.61
LA,Louisiana,1998,64.49,18.5,17.01
LA,Louisiana,1999,65.32,17.62,17.05
LA,Louisiana,2000,65.5,17.96,16.55
LA,Louisiana,2001,65.36,16.97,17.67
LA,Louisiana,2002,65.74,16.18,18.08
LA,Louisiana,2003,66.27,16.17,17.56
LA,Louisiana,2004,65.49,15.94,18.57
LA,Louisiana,2005,63.64,16.15,20.21
LA,Louisiana,2006,64.64,17.69,17.67
LA,Louisiana,2007,62.22,21.0,16.79
LA,Louisiana,2008,62.26,19.93,17.82
LA,Louisiana,2009,62.78,17.79,19.44
LA,Louisiana,2010,63.15,16.89,19.96
LA,Louisiana,2011,62.85,17.53,19.62
LA,Louisiana,2012,62.18,18.72,19.1
LA,Louisiana,2013,62.89,17.61,19.5
LA,Louisiana,2014,63.76,17.7,18.54
LA,Louisiana,2015,62.12,17.48,20.4
LA,Louisiana,2016,60.58,17.76,21.66
LA,Louisiana,2017,60.32,17.93,21.75
LA,Louisiana,2018,60.47,17.82,21.71
LA,Louisiana,2019,60.22,17.72,22.06
LA,Louisiana,2020,56.0,16.57,27.43
LA,Louisiana,2021,55.0,17.19,27.81
LA,Louisiana,2022,56.87,18.05,25.08
LA,Louisiana,2023,56.76,18.98,24.25
LA,Louisiana,2024,56.96,19.05,23.99
LA,Louisiana,2025,56.33,18.82,24.86
MA,Massachusetts,1929,72.7,26.02,1.29
MA,Massachusetts,1930,71.07,27.47,1.46
MA,Massachusetts,1931,68.68,28.12,3.2
MA,Massachusetts,1932,65.85,30.92,3.23
MA,Massachusetts,1933,67.38,28.89,3.74
MA,Massachusetts,1934,70.04,26.96,3.0
MA,Massachusetts,1935,72.3,24.75,2.96
MA,Massachusetts,1936,71.35,24.37,4.28
MA,Massachusetts,1937,73.51,23.66,2.83
MA,Massachusetts,1938,73.74,22.22,4.04
MA,Massachusetts,1939,73.68,22.63,3.69
MA,Massachusetts,1940,74.02,22.11,3.87
MA,Massachusetts,1941,78.46,18.47,3.07
MA,Massachusetts,1942,82.44,15.08,2.48
MA,Massachusetts,1943,84.19,13.79,2.02
MA,Massachusetts,1944,83.83,13.81,2.36
MA,Massachusetts,1945,82.31,13.62,4.07
MA,Massachusetts,1946,78.62,13.52,7.86
MA,Massachusetts,1947,79.24,14.01,6.75
MA,Massachusetts,1948,81.17,13.39,5.43
MA,Massachusetts,1949,81.13,12.5,6.37
MA,Massachusetts,1950,79.37,14.11,6.51
MA,Massachusetts,1951,81.95,12.88,5.17
MA,Massachusetts,1952,80.68,13.99,5.32
MA,Massachusetts,1953,80.76,13.86,5.38
MA,Massachusetts,1954,79.5,14.6,5.9
MA,Massachusetts,1955,78.74,15.35,5.91
MA,Massachusetts,1956,79.74,14.41,5.84
MA,Massachusetts,1957,78.96,14.57,6.46
MA,Massachusetts,1958,78.25,14.36,7.39
MA,Massachusetts,1959,78.59,14.48,6.92
MA,Massachusetts,1960,78.26,14.73,7.0
MA,Massachusetts,1961,77.84,14.73,7.43
MA,Massachusetts,1962,77.47,15.33,7.2
MA,Massachusetts,1963,76.6,16.1,7.3
MA,Massachusetts,1964,76.02,16.89,7.09
MA,Massachusetts,1965,75.76,17.25,7.0
MA,Massachusetts,1966,75.88,17.15,6.97
MA,Massachusetts,1967,74.98,17.1,7.92
MA,Massachusetts,1968,74.72,16.53,8.75
MA,Massachusetts,1969,75.13,15.9,8.97
MA,Massachusetts,1970,74.43,15.74,9.82
MA,Massachusetts,1971,73.51,15.6,10.89
MA,Massachusetts,1972,73.62,15.32,11.05
MA,Massachusetts,1973,73.19,15.41,11.41
MA,Massachusetts,1974,71.66,15.82,12.52
MA,Massachusetts,1975,69.57,15.27,15.16
MA,Massachusetts,1976,70.21,15.18,14.61
MA,Massachusetts,1977,70.84,15.38,13.79
MA,Massachusetts,1978,71.55,15.22,13.23
MA,Massachusetts,1979,71.55,15.3,13.16
MA,Massachusetts,1980,70.15,16.51,13.33
MA,Massachusetts,1981,68.37,18.03,13.6
MA,Massachusetts,1982,66.76,19.83,13.41
MA,Massachusetts,1983,67.55,19.37,13.08
MA,Massachusetts,1984,67.88,19.91,12.21
MA,Massachusetts,1985,68.69,19.5,11.81
MA,Massachusetts,1986,69.07,19.41,11.52
MA,Massachusetts,1987,70.32,18.71,10.97
MA,Massachusetts,1988,70.0,19.3,10.7
MA,Massachusetts,1989,68.84,19.75,11.41
MA,Massachusetts,1990,67.66,19.94,12.4
MA,Massachusetts,1991,66.3,19.71,13.99
MA,Massachusetts,1992,67.14,18.93,13.92
MA,Massachusetts,1993,67.19,19.02,13.78
MA,Massachusetts,1994,67.19,18.93,13.88
MA,Massachusetts,1995,66.83,19.28,13.89
MA,Massachusetts,1996,67.18,19.34,13.48
MA,Massachusetts,1997,67.66,19.18,13.16
MA,Massachusetts,1998,68.08,19.49,12.43
MA,Massachusetts,1999,69.51,18.44,12.05
MA,Massachusetts,2000,70.18,18.4,11.42
MA,Massachusetts,2001,69.74,18.26,12.0
MA,Massachusetts,2002,69.65,17.27,13.08
MA,Massachusetts,2003,69.35,17.1,13.55
MA,Massachusetts,2004,70.06,16.51,13.43
MA,Massachusetts,2005,69.22,16.94,13.84
MA,Massachusetts,2006,68.16,18.35,13.5
MA,Massachusetts,2007,67.87,18.79,13.35
MA,Massachusetts,2008,66.5,18.9,14.6
MA,Massachusetts,2009,66.79,17.09,16.12
MA,Massachusetts,2010,67.69,16.1,16.21
MA,Massachusetts,2011,67.4,17.07,15.54
MA,Massachusetts,2012,66.77,18.16,15.07
MA,Massachusetts,2013,67.11,17.77,15.12
MA,Massachusetts,2014,66.57,18.51,14.92
MA,Massachusetts,2015,66.21,18.69,15.1
MA,Massachusetts,2016,65.91,18.98,15.12
MA,Massachusetts,2017,66.07,19.33,14.6
MA,Massachusetts,2018,65.95,19.49,14.56
MA,Massachusetts,2019,66.18,19.54,14.28
MA,Massachusetts,2020,62.95,17.73,19.32
MA,Massachusetts,2021,63.15,18.4,18.45
MA,Massachusetts,2022,64.75,19.38,15.87
MA,Massachusetts,2023,63.11,21.67,15.22
MA,Massachusetts,2024,63.05,21.79,15.16
MA,Massachusetts,2025,62.65,21.84,15.51
MD,Maryland,1929,71.32,27.45,1.23
MD,Maryland,1930,69.77,28.88,1.35
MD,Maryland,1931,68.66,28.4,2.94
MD,Maryland,1932,65.8,31.57,2.63
MD,Maryland,1933,68.68,28.55,2.77
MD,Maryland,1934,70.28,26.62,3.1
MD,Maryland,1935,72.07,25.01,2.92
MD,Maryland,1936,72.85,23.29,3.86
MD,Maryland,1937,74.5,23.24,2.26
MD,Maryland,1938,73.1,23.68,3.22
MD,Maryland,1939,75.68,21.53,2.8
MD,Maryland,1940,76.76,20.53,2.71
MD,Maryland,1941,81.22,16.66,2.12
MD,Maryland,1942,85.44,12.98,1.59
MD,Maryland,1943,87.29,11.39,1.32
MD,Maryland,1944,87.24,11.17,1.59
MD,Maryland,1945,85.49,11.6,2.91
MD,Maryland,1946,83.28,11.73,4.99
MD,Maryland,1947,82.92,12.56,4.53
MD,Maryland,1948,83.22,13.64,3.14
MD,Maryland,1949,82.12,14.15,3.73
MD,Maryland,1950,81.18,14.4,4.42
MD,Maryland,1951,83.11,13.96,2.93
MD,Maryland,1952,83.93,13.31,2.76
MD,Maryland,1953,83.55,13.72,2.73
MD,Maryland,1954,82.46,14.19,3.35
MD,Maryland,1955,82.93,13.72,3.35
MD,Maryland,1956,82.76,14.01,3.23
MD,Maryland,1957,81.85,14.54,3.61
MD,Maryland,1958,80.25,15.3,4.46
MD,Maryland,1959,80.04,15.53,4.44
MD,Maryland,1960,79.81,15.79,4.4
MD,Maryland,1961,79.48,15.76,4.75
MD,Maryland,1962,79.37,15.96,4.68
MD,Maryland,1963,79.17,16.26,4.57
MD,Maryland,1964,79.29,16.29,4.43
MD,Maryland,1965,79.21,16.34,4.45
MD,Maryland,1966,79.75,15.79,4.46
MD,Maryland,1967,79.2,15.71,5.09
MD,Maryland,1968,79.54,14.96,5.51
MD,Maryland,1969,80.22,14.3,5.48
MD,Maryland,1970,79.51,14.61,5.88
MD,Maryland,1971,78.67,14.83,6.5
MD,Maryland,1972,78.48,14.73,6.79
MD,Maryland,1973,77.86,15.04,7.11
MD,Maryland,1974,76.87,15.58,7.54
MD,Maryland,1975,75.83,15.41,8.76
MD,Maryland,1976,75.96,15.37,8.68
MD,Maryland,1977,75.85,15.62,8.53
MD,Maryland,1978,75.58,15.95,8.47
MD,Maryland,1979,75.02,16.24,8.74
MD,Maryland,1980,73.23,17.42,9.35
MD,Maryland,1981,71.62,18.76,9.62
MD,Maryland,1982,69.72,20.4,9.88
MD,Maryland,1983,70.04,19.92,10.04
MD,Maryland,1984,70.11,20.34,9.55
MD,Maryland,1985,70.51,20.18,9.31
MD,Maryland,1986,70.69,20.12,9.19
MD,Maryland,1987,71.68,19.45,8.87
MD,Maryland,1988,71.71,19.7,8.59
MD,Maryland,1989,70.87,20.48,8.65
MD,Maryland,1990,70.55,20.52,8.94
MD,Maryland,1991,69.73,20.57,9.71
MD,Maryland,1992,69.7,19.92,10.38
MD,Maryland,1993,69.47,20.12,10.41
MD,Maryland,1994,69.24,20.37,10.39
MD,Maryland,1995,68.62,20.95,10.43
MD,Maryland,1996,68.3,21.04,10.66
MD,Maryland,1997,68.4,21.29,10.31
MD,Maryland,1998,69.09,20.95,9.96
MD,Maryland,1999,70.06,19.97,9.97
MD,Maryland,2000,70.36,19.96,9.68
MD,Maryland,2001,70.6,19.41,9.99
MD,Maryland,2002,71.21,18.46,10.33
MD,Maryland,2003,71.43,17.93,10.64
MD,Maryland,2004,71.68,17.9,10.42
MD,Maryland,2005,71.72,17.55,10.73
MD,Maryland,2006,70.65,18.74,10.61
MD,Maryland,2007,69.54,19.42,11.04
MD,Maryland,2008,68.37,19.64,12.0
MD,Maryland,2009,68.95,18.06,12.99
MD,Maryland,2010,69.13,17.2,13.66
MD,Maryland,2011,68.99,17.68,13.33
MD,Maryland,2012,68.77,18.08,13.15
MD,Maryland,2013,68.67,17.66,13.67
MD,Maryland,2014,67.86,18.1,14.05
MD,Maryland,2015,67.74,18.23,14.04
MD,Maryland,2016,67.94,17.8,14.26
MD,Maryland,2017,67.6,18.34,14.06
MD,Maryland,2018,67.24,18.5,14.26
MD,Maryland,2019,66.88,18.69,14.43
MD,Maryland,2020,64.16,17.44,18.4
MD,Maryland,2021,63.34,17.72,18.94
MD,Maryland,2022,65.05,18.62,16.33
MD,Maryland,2023,64.21,19.92,15.88
MD,Maryland,2024,64.01,19.97,16.02
MD,Maryland,2025,63.17,20.31,16.52
ME,Maine,1929,75.69,22.18,2.13
ME,Maine,1930,74.59,23.23,2.18
ME,Maine,1931,69.77,26.05,4.18
ME,Maine,1932,67.67,28.3,4.03
ME,Maine,1933,69.9,26.19,3.91
ME,Maine,1934,73.22,23.67,3.11
ME,Maine,1935,73.71,23.13,3.16
ME,Maine,1936,73.5,21.7,4.79
ME,Maine,1937,75.77,21.34,2.89
ME,Maine,1938,74.86,20.86,4.29
ME,Maine,1939,75.68,20.42,3.9
ME,Maine,1940,75.64,20.38,3.98
ME,Maine,1941,79.15,17.84,3.0
ME,Maine,1942,83.29,14.51,2.2
ME,Maine,1943,85.4,12.88,1.72
ME,Maine,1944,85.46,12.38,2.16
ME,Maine,1945,83.51,12.61,3.89
ME,Maine,1946,81.04,12.39,6.57
ME,Maine,1947,81.57,12.08,6.35
ME,Maine,1948,80.25,14.63,5.11
ME,Maine,1949,78.55,15.58,5.87
ME,Maine,1950,77.2,16.03,6.77
ME,Maine,1951,80.34,14.18,5.48
ME,Maine,1952,80.32,14.51,5.18
ME,Maine,1953,79.9,14.46,5.63
ME,Maine,1954,78.67,15.01,6.32
ME,Maine,1955,79.3,14.19,6.52
ME,Maine,1956,79.72,13.94,6.35
ME,Maine,1957,77.73,15.19,7.08
ME,Maine,1958,76.71,15.27,8.02
ME,Maine,1959,76.69,15.3,8.02
ME,Maine,1960,77.26,14.97,7.78
ME,Maine,1961,76.34,15.23,8.43
ME,Maine,1962,76.07,15.55,8.38
ME,Maine,1963,75.27,16.21,8.51
ME,Maine,1964,75.44,16.55,8.02
ME,Maine,1965,75.36,16.86,7.78
ME,Maine,1966,75.43,16.58,7.99
ME,Maine,1967,74.43,16.58,8.99
ME,Maine,1968,75.14,15.38,9.48
ME,Maine,1969,74.23,16.13,9.64
ME,Maine,1970,72.99,16.59,10.42
ME,Maine,1971,71.65,16.88,11.47
ME,Maine,1972,71.44,16.85,11.71
ME,Maine,1973,71.12,16.49,12.4
ME,Maine,1974,69.71,16.84,13.45
ME,Maine,1975,66.86,17.24,15.91
ME,Maine,1976,68.59,16.25,15.16
ME,Maine,1977,68.3,16.85,14.85
ME,Maine,1978,68.55,17.02,14.42
ME,Maine,1979,68.26,17.05,14.69
ME,Maine,1980,66.69,18.03,15.28
ME,Maine,1981,64.69,19.51,15.8
ME,Maine,1982,62.88,21.18,15.94
ME,Maine,1983,63.08,20.95,15.97
ME,Maine,1984,63.35,21.38,15.27
ME,Maine,1985,63.8,21.26,14.94
ME,Maine,1986,64.36,21.33,14.32
ME,Maine,1987,65.66,20.79,13.55
ME,Maine,1988,65.86,21.12,13.02
ME,Maine,1989,65.19,21.94,12.87
ME,Maine,1990,64.44,21.78,13.79
ME,Maine,1991,62.93,21.48,15.59
ME,Maine,1992,62.89,20.65,16.45
ME,Maine,1993,62.84,20.36,16.8
ME,Maine,1994,62.78,20.32,16.89
ME,Maine,1995,61.85,21.08,17.08
ME,Maine,1996,61.48,21.22,17.3
ME,Maine,1997,61.48,21.41,17.11
ME,Maine,1998,62.19,21.37,16.44
ME,Maine,1999,64.13,19.67,16.19
ME,Maine,2000,64.25,19.73,16.02
ME,Maine,2001,64.44,19.22,16.34
ME,Maine,2002,64.92,18.2,16.87
ME,Maine,2003,64.36,18.14,17.5
ME,Maine,2004,64.49,17.75,17.76
ME,Maine,2005,64.16,16.95,18.89
ME,Maine,2006,64.2,17.37,18.44
ME,Maine,2007,62.92,18.03,19.05
ME,Maine,2008,60.85,18.16,20.99
ME,Maine,2009,60.15,17.12,22.74
ME,Maine,2010,60.74,16.79,22.47
ME,Maine,2011,59.81,17.67,22.52
ME,Maine,2012,59.91,17.98,22.11
ME,Maine,2013,59.76,17.68,22.56
ME,Maine,2014,59.75,17.82,22.43
ME,Maine,2015,59.54,18.07,22.4
ME,Maine,2016,59.14,18.61,22.25
ME,Maine,2017,59.02,18.83,22.15
ME,Maine,2018,58.96,18.63,22.42
ME,Maine,2019,58.67,18.9,22.43
ME,Maine,2020,55.96,17.7,26.33
ME,Maine,2021,55.96,18.07,25.97
ME,Maine,2022,57.22,18.79,23.99
ME,Maine,2023,56.56,20.47,22.98
ME,Maine,2024,56.73,20.41,22.87
ME,Maine,2025,56.27,20.3,23.43
MI,Michigan,1929,76.48,22.3,1.22
MI,Michigan,1930,77.03,21.5,1.47
MI,Michigan,1931,75.55,20.99,3.46
MI,Michigan,1932,77.96,18.45,3.58
MI,Michigan,1933,81.49,14.34,4.17
MI,Michigan,1934,83.05,14.01,2.94
MI,Michigan,1935,83.44,13.74,2.82
MI,Michigan,1936,81.75,14.56,3.68
MI,Michigan,1937,84.29,13.79,1.92
MI,Michigan,1938,82.54,13.58,3.87
MI,Michigan,1939,82.61,14.14,3.25
MI,Michigan,1940,83.94,13.32,2.75
MI,Michigan,1941,86.09,11.78,2.13
MI,Michigan,1942,87.22,10.74,2.04
MI,Michigan,1943,89.21,9.55,1.24
MI,Michigan,1944,89.12,9.36,1.52
MI,Michigan,1945,86.25,10.01,3.74
MI,Michigan,1946,84.33,10.07,5.6
MI,Michigan,1947,83.98,9.93,6.08
MI,Michigan,1948,86.03,10.05,3.91
MI,Michigan,1949,84.45,11.11,4.44
MI,Michigan,1950,83.68,11.76,4.56
MI,Michigan,1951,85.71,10.71,3.58
MI,Michigan,1952,86.01,10.34,3.65
MI,Michigan,1953,85.98,10.76,3.26
MI,Michigan,1954,84.27,11.44,4.29
MI,Michigan,1955,84.58,11.18,4.24
MI,Michigan,1956,83.56,11.83,4.61
MI,Michigan,1957,82.67,12.31,5.03
MI,Michigan,1958,80.58,12.51,6.91
MI,Michigan,1959,81.4,12.68,5.92
MI,Michigan,1960,80.97,13.15,5.89
MI,Michigan,1961,79.25,13.73,7.03
MI,Michigan,1962,79.73,13.85,6.42
MI,Michigan,1963,80.06,13.82,6.12
MI,Michigan,1964,80.38,13.87,5.74
MI,Michigan,1965,80.88,13.53,5.6
MI,Michigan,1966,80.9,13.48,5.62
MI,Michigan,1967,79.58,13.74,6.67
MI,Michigan,1968,79.89,13.14,6.97
MI,Michigan,1969,80.27,12.63,7.09
MI,Michigan,1970,77.97,13.42,8.61
MI,Michigan,1971,77.35,13.21,9.44
MI,Michigan,1972,77.6,12.83,9.57
MI,Michigan,1973,77.58,12.65,9.78
MI,Michigan,1974,75.13,13.45,11.41
MI,Michigan,1975,72.19,13.82,13.98
MI,Michigan,1976,73.79,13.29,12.91
MI,Michigan,1977,75.08,13.13,11.79
MI,Michigan,1978,75.66,13.09,11.24
MI,Michigan,1979,74.78,13.38,11.84
MI,Michigan,1980,70.63,14.77,14.6
MI,Michigan,1981,69.06,16.47,14.47
MI,Michigan,1982,66.09,18.31,15.61
MI,Michigan,1983,65.97,18.53,15.5
MI,Michigan,1984,66.84,18.94,14.22
MI,Michigan,1985,67.78,18.7,13.52
MI,Michigan,1986,68.2,18.47,13.33
MI,Michigan,1987,68.75,18.01,13.24
MI,Michigan,1988,68.88,18.22,12.9
MI,Michigan,1989,68.06,18.98,12.96
MI,Michigan,1990,67.49,19.09,13.42
MI,Michigan,1991,66.86,18.55,14.59
MI,Michigan,1992,67.61,17.78,14.6
MI,Michigan,1993,67.66,17.51,14.83
MI,Michigan,1994,67.53,18.55,13.92
MI,Michigan,1995,67.5,18.6,13.89
MI,Michigan,1996,67.46,18.66,13.88
MI,Michigan,1997,67.7,18.28,14.02
MI,Michigan,1998,68.54,18.34,13.12
MI,Michigan,1999,69.56,17.05,13.39
MI,Michigan,2000,69.82,17.21,12.97
MI,Michigan,2001,69.24,16.58,14.18
MI,Michigan,2002,69.36,15.94,14.71
MI,Michigan,2003,68.84,16.09,15.07
MI,Michigan,2004,68.55,16.16,15.28
MI,Michigan,2005,67.88,16.19,15.93
MI,Michigan,2006,66.83,16.54,16.62
MI,Michigan,2007,65.27,17.07,17.66
MI,Michigan,2008,62.68,17.75,19.56
MI,Michigan,2009,60.7,16.44,22.86
MI,Michigan,2010,60.61,15.88,23.51
MI,Michigan,2011,61.1,16.74,22.16
MI,Michigan,2012,61.24,17.54,21.22
MI,Michigan,2013,61.38,17.27,21.35
MI,Michigan,2014,60.9,17.86,21.23
MI,Michigan,2015,60.71,18.02,21.27
MI,Michigan,2016,60.79,18.09,21.12
MI,Michigan,2017,61.61,17.89,20.5
MI,Michigan,2018,61.3,18.19,20.51
MI,Michigan,2019,61.02,18.0,20.98
MI,Michigan,2020,56.18,16.66,27.16
MI,Michigan,2021,56.53,17.57,25.9
MI,Michigan,2022,59.4,18.69,21.91
MI,Michigan,2023,58.16,20.43,21.41
MI,Michigan,2024,57.51,20.73,21.76
MI,Michigan,2025,57.27,20.51,22.23
MN,Minnesota,1929,82.21,16.29,1.5
MN,Minnesota,1930,81.85,16.45,1.7
MN,Minnesota,1931,77.79,17.94,4.27
MN,Minnesota,1932,78.02,18.18,3.8
MN,Minnesota,1933,78.05,17.82,4.12
MN,Minnesota,1934,79.44,16.4,4.15
MN,Minnesota,1935,83.24,13.31,3.44
MN,Minnesota,1936,79.35,14.85,5.8
MN,Minnesota,1937,83.54,12.98,3.49
MN,Minnesota,1938,82.52,13.13,4.35
MN,Minnesota,1939,82.09,13.58,4.33
MN,Minnesota,1940,81.09,14.41,4.5
MN,Minnesota,1941,82.98,13.23,3.79
MN,Minnesota,1942,85.87,11.32,2.81
MN,Minnesota,1943,87.3,10.42,2.29
MN,Minnesota,1944,86.71,10.66,2.64
MN,Minnesota,1945,85.31,10.67,4.03
MN,Minnesota,1946,83.17,10.6,6.23
MN,Minnesota,1947,83.89,10.52,5.59
MN,Minnesota,1948,84.57,10.94,4.49
MN,Minnesota,1949,82.5,12.1,5.4
MN,Minnesota,1950,80.72,12.76,6.52
MN,Minnesota,1951,83.62,12.11,4.27
MN,Minnesota,1952,83.16,12.47,4.37
MN,Minnesota,1953,82.56,13.01,4.43
MN,Minnesota,1954,81.67,13.36,4.96
MN,Minnesota,1955,80.44,14.32,5.24
MN,Minnesota,1956,80.79,13.86,5.35
MN,Minnesota,1957,80.11,13.95,5.94
MN,Minnesota,1958,78.93,14.22,6.85
MN,Minnesota,1959,78.21,14.86,6.94
MN,Minnesota,1960,78.29,14.93,6.78
MN,Minnesota,1961,77.81,14.92,7.27
MN,Minnesota,1962,77.83,15.04,7.13
MN,Minnesota,1963,77.67,15.21,7.12
MN,Minnesota,1964,77.18,15.69,7.13
MN,Minnesota,1965,77.53,15.46,7.02
MN,Minnesota,1966,77.94,15.1,6.96
MN,Minnesota,1967,77.1,15.03,7.87
MN,Minnesota,1968,76.97,14.85,8.18
MN,Minnesota,1969,77.0,14.92,8.07
MN,Minnesota,1970,76.13,15.13,8.74
MN,Minnesota,1971,75.06,15.43,9.5
MN,Minnesota,1972,75.1,15.23,9.67
MN,Minnesota,1973,75.66,14.68,9.67
MN,Minnesota,1974,73.78,15.69,10.53
MN,Minnesota,1975,72.01,16.24,11.75
MN,Minnesota,1976,71.91,16.14,11.95
MN,Minnesota,1977,72.8,16.04,11.16
MN,Minnesota,1978,73.42,15.91,10.67
MN,Minnesota,1979,73.19,16.08,10.73
MN,Minnesota,1980,70.82,17.6,11.58
MN,Minnesota,1981,68.63,19.36,12.0
MN,Minnesota,1982,66.15,21.25,12.59
MN,Minnesota,1983,65.54,21.6,12.87
MN,Minnesota,1984,66.87,21.23,11.91
MN,Minnesota,1985,66.93,21.16,11.91
MN,Minnesota,1986,67.28,20.96,11.76
MN,Minnesota,1987,68.76,19.83,11.41
MN,Minnesota,1988,68.53,20.08,11.4
MN,Minnesota,1989,68.12,20.52,11.36
MN,Minnesota,1990,67.97,20.54,11.49
MN,Minnesota,1991,67.78,20.25,11.96
MN,Minnesota,1992,68.72,19.16,12.12
MN,Minnesota,1993,68.41,19.17,12.41
MN,Minnesota,1994,68.59,19.22,12.18
MN,Minnesota,1995,67.79,20.0,12.21
MN,Minnesota,1996,68.39,19.75,11.86
MN,Minnesota,1997,68.27,20.33,11.39
MN,Minnesota,1998,68.9,20.26,10.84
MN,Minnesota,1999,69.61,19.55,10.85
MN,Minnesota,2000,69.73,19.54,10.73
MN,Minnesota,2001,69.4,19.05,11.54
MN,Minnesota,2002,69.75,17.98,12.27
MN,Minnesota,2003,69.65,18.05,12.3
MN,Minnesota,2004,70.35,17.46,12.19
MN,Minnesota,2005,70.2,17.35,12.46
MN,Minnesota,2006,68.74,18.19,13.06
MN,Minnesota,2007,68.05,18.44,13.51
MN,Minnesota,2008,66.78,18.61,14.61
MN,Minnesota,2009,65.71,17.57,16.72
MN,Minnesota,2010,65.9,16.85,17.26
MN,Minnesota,2011,66.26,17.49,16.25
MN,Minnesota,2012,66.36,18.26,15.38
MN,Minnesota,2013,66.44,17.75,15.81
MN,Minnesota,2014,65.7,18.35,15.96
MN,Minnesota,2015,65.42,18.82,15.77
MN,Minnesota,2016,65.01,19.06,15.94
MN,Minnesota,2017,65.09,18.99,15.92
MN,Minnesota,2018,64.56,19.34,16.11
MN,Minnesota,2019,64.17,19.69,16.15
MN,Minnesota,2020,61.4,18.31,20.3
MN,Minnesota,2021,60.37,19.32,20.32
MN,Minnesota,2022,62.42,19.76,17.82
MN,Minnesota,2023,61.87,20.88,17.26
MN,Minnesota,2024,60.9,21.3,17.8
MN,Minnesota,2025,60.77,21.06,18.16
MO,Missouri,1929,80.37,17.9,1.73
MO,Missouri,1930,78.84,19.28,1.88
MO,Missouri,1931,77.55,18.48,3.98
MO,Missouri,1932,75.98,20.35,3.67
MO,Missouri,1933,78.3,18.16,3.53
MO,Missouri,1934,79.24,17.63,3.13
MO,Missouri,1935,81.31,15.49,3.2
MO,Missouri,1936,78.83,16.39,4.78
MO,Missouri,1937,81.58,15.78,2.64
MO,Missouri,1938,80.67,16.47,2.86
MO,Missouri,1939,80.34,16.56,3.1
MO,Missouri,1940,80.33,16.45,3.22
MO,Missouri,1941,83.38,13.82,2.8
MO,Missouri,1942,85.04,12.73,2.23
MO,Missouri,1943,86.52,11.52,1.96
MO,Missouri,1944,86.33,11.43,2.25
MO,Missouri,1945,84.89,11.37,3.74
MO,Missouri,1946,82.11,11.24,6.65
MO,Missouri,1947,81.22,12.31,6.47
MO,Missouri,1948,83.05,11.42,5.53
MO,Missouri,1949,82.02,11.96,6.02
MO,Missouri,1950,81.21,12.28,6.51
MO,Missouri,1951,83.19,11.65,5.15
MO,Missouri,1952,83.26,11.85,4.88
MO,Missouri,1953,82.28,12.78,4.95
MO,Missouri,1954,81.57,12.93,5.5
MO,Missouri,1955,81.56,12.82,5.62
MO,Missouri,1956,81.14,13.19,5.67
MO,Missouri,1957,80.69,12.95,6.36
MO,Missouri,1958,79.89,13.34,6.78
MO,Missouri,1959,79.52,13.71,6.77
MO,Missouri,1960,78.96,14.08,6.96
MO,Missouri,1961,78.36,14.15,7.48
MO,Missouri,1962,78.39,14.26,7.35
MO,Missouri,1963,78.16,14.49,7.35
MO,Missouri,1964,78.13,14.72,7.15
MO,Missouri,1965,78.45,14.53,7.03
MO,Missouri,1966,78.32,14.58,7.09
MO,Missouri,1967,77.8,14.43,7.78
MO,Missouri,1968,77.28,14.49,8.23
MO,Missouri,1969,76.9,14.65,8.44
MO,Missouri,1970,75.75,15.09,9.16
MO,Missouri,1971,75.08,15.14,9.79
MO,Missouri,1972,75.19,15.06,9.74
MO,Missouri,1973,74.67,15.16,10.17
MO,Missouri,1974,72.52,16.26,11.22
MO,Missouri,1975,70.68,16.37,12.96
MO,Missouri,1976,71.27,16.1,12.63
MO,Missouri,1977,71.89,16.22,11.9
MO,Missouri,1978,72.12,16.27,11.61
MO,Missouri,1979,71.72,16.5,11.78
MO,Missouri,1980,68.18,18.6,13.22
MO,Missouri,1981,66.29,20.4,13.31
MO,Missouri,1982,63.93,22.5,13.57
MO,Missouri,1983,63.76,22.59,13.65
MO,Missouri,1984,64.35,22.8,12.86
MO,Missouri,1985,64.78,22.55,12.67
MO,Missouri,1986,65.0,22.33,12.67
MO,Missouri,1987,66.27,21.3,12.43
MO,Missouri,1988,66.15,21.53,12.32
MO,Missouri,1989,65.68,21.84,12.48
MO,Missouri,1990,65.11,21.95,12.94
MO,Missouri,1991,63.92,21.62,14.46
MO,Missouri,1992,64.45,21.01,14.53
MO,Missouri,1993,64.09,20.99,14.92
MO,Missouri,1994,64.37,20.89,14.75
MO,Missouri,1995,64.29,20.8,14.91
MO,Missouri,1996,64.77,20.51,14.72
MO,Missouri,1997,64.93,20.67,14.4
MO,Missouri,1998,65.09,20.76,14.16
MO,Missouri,1999,66.39,19.33,14.28
MO,Missouri,2000,66.31,19.42,14.27
MO,Missouri,2001,66.01,18.76,15.23
MO,Missouri,2002,66.42,17.7,15.88
MO,Missouri,2003,66.18,17.85,15.98
MO,Missouri,2004,66.63,17.34,16.03
MO,Missouri,2005,66.21,17.23,16.56
MO,Missouri,2006,65.4,17.98,16.62
MO,Missouri,2007,64.44,18.63,16.94
MO,Missouri,2008,63.01,19.04,17.95
MO,Missouri,2009,62.94,17.27,19.79
MO,Missouri,2010,62.63,16.81,20.56
MO,Missouri,2011,62.66,17.23,20.11
MO,Missouri,2012,61.73,18.8,19.47
MO,Missouri,2013,62.94,17.34,19.73
MO,Missouri,2014,62.11,18.22,19.67
MO,Missouri,2015,61.51,18.52,19.97
MO,Missouri,2016,61.19,18.9,19.92
MO,Missouri,2017,61.7,18.36,19.94
MO,Missouri,2018,60.83,19.36,19.8
MO,Missouri,2019,60.88,19.18,19.94
MO,Missouri,2020,57.97,18.86,23.17
MO,Missouri,2021,56.77,19.56,23.67
MO,Missouri,2022,59.01,19.95,21.04
MO,Missouri,2023,57.98,21.66,20.37
MO,Missouri,2024,58.06,21.72,20.22
MO,Missouri,2025,57.74,21.49,20.77
MS,Mississippi,1929,88.32,10.07,1.61
MS,Mississippi,1930,85.78,11.77,2.45
MS,Mississippi,1931,82.14,11.29,6.58
MS,Mississippi,1932,79.71,13.92,6.37
MS,Mississippi,1933,82.77,12.14,5.1
MS,Mississippi,1934,86.28,9.66,4.06
MS,Mississippi,1935,86.88,9.81,3.32
MS,Mississippi,1936,86.2,8.46,5.34
MS,Mississippi,1937,88.63,8.84,2.53
MS,Mississippi,1938,87.63,9.35,3.02
MS,Mississippi,1939,87.35,9.53,3.12
MS,Mississippi,1940,87.51,9.46,3.04
MS,Mississippi,1941,90.45,7.2,2.35
MS,Mississippi,1942,92.47,5.9,1.63
MS,Mississippi,1943,93.22,5.51,1.27
MS,Mississippi,1944,92.88,5.42,1.71
MS,Mississippi,1945,89.83,6.29,3.88
MS,Mississippi,1946,83.51,7.34,9.16
MS,Mississippi,1947,84.3,6.73,8.98
MS,Mississippi,1948,85.31,7.19,7.5
MS,Mississippi,1949,81.34,9.3,9.36
MS,Mississippi,1950,80.91,8.89,10.2
MS,Mississippi,1951,83.89,8.77,7.34
MS,Mississippi,1952,85.69,7.84,6.47
MS,Mississippi,1953,84.95,8.75,6.3
MS,Mississippi,1954,83.17,9.8,7.04
MS,Mississippi,1955,83.67,9.6,6.74
MS,Mississippi,1956,82.76,10.36,6.88
MS,Mississippi,1957,81.83,10.29,7.87
MS,Mississippi,1958,81.5,10.21,8.29
MS,Mississippi,1959,81.45,10.51,8.04
MS,Mississippi,1960,80.45,11.13,8.42
MS,Mississippi,1961,79.55,11.71,8.74
MS,Mississippi,1962,78.99,12.3,8.71
MS,Mississippi,1963,79.44,12.13,8.43
MS,Mississippi,1964,79.53,11.97,8.49
MS,Mississippi,1965,80.03,11.51,8.47
MS,Mississippi,1966,80.42,11.04,8.54
MS,Mississippi,1967,79.43,11.11,9.46
MS,Mississippi,1968,79.42,10.79,9.79
MS,Mississippi,1969,77.9,12.14,9.96
MS,Mississippi,1970,75.83,12.83,11.34
MS,Mississippi,1971,75.13,12.78,12.08
MS,Mississippi,1972,75.56,12.48,11.96
MS,Mississippi,1973,75.24,12.63,12.13
MS,Mississippi,1974,72.96,13.44,13.6
MS,Mississippi,1975,70.64,13.77,15.59
MS,Mississippi,1976,71.86,13.11,15.03
MS,Mississippi,1977,72.42,13.14,14.44
MS,Mississippi,1978,72.16,13.57,14.26
MS,Mississippi,1979,71.89,13.71,14.4
MS,Mississippi,1980,68.49,15.61,15.91
MS,Mississippi,1981,66.73,17.21,16.05
MS,Mississippi,1982,65.21,18.07,16.72
MS,Mississippi,1983,64.18,18.23,17.59
MS,Mississippi,1984,65.0,18.34,16.67
MS,Mississippi,1985,64.73,18.69,16.58
MS,Mississippi,1986,64.46,18.6,16.94
MS,Mississippi,1987,65.52,17.78,16.71
MS,Mississippi,1988,65.45,17.95,16.6
MS,Mississippi,1989,64.11,19.09,16.8
MS,Mississippi,1990,64.19,18.5,17.31
MS,Mississippi,1991,63.72,17.81,18.47
MS,Mississippi,1992,64.03,16.72,19.25
MS,Mississippi,1993,64.34,16.38,19.27
MS,Mississippi,1994,64.77,16.33,18.9
MS,Mississippi,1995,63.86,16.61,19.53
MS,Mississippi,1996,63.64,16.62,19.74
MS,Mississippi,1997,63.62,17.02,19.36
MS,Mississippi,1998,64.15,17.44,18.41
MS,Mississippi,1999,64.79,16.87,18.35
MS,Mississippi,2000,64.14,17.15,18.71
MS,Mississippi,2001,63.41,16.81,19.78
MS,Mississippi,2002,62.9,16.27,20.83
MS,Mississippi,2003,63.54,15.53,20.92
MS,Mississippi,2004,63.96,14.79,21.25
MS,Mississippi,2005,62.77,14.74,22.49
MS,Mississippi,2006,62.26,15.99,21.75
MS,Mississippi,2007,60.68,18.01,21.31
MS,Mississippi,2008,59.62,17.43,22.95
MS,Mississippi,2009,58.35,16.75,24.91
MS,Mississippi,2010,58.18,15.78,26.04
MS,Mississippi,2011,57.87,16.26,25.87
MS,Mississippi,2012,58.43,16.54,25.04
MS,Mississippi,2013,59.12,15.73,25.15
MS,Mississippi,2014,58.72,15.89,25.39
MS,Mississippi,2015,57.69,16.2,26.11
MS,Mississippi,2016,57.29,16.15,26.56
MS,Mississippi,2017,57.6,16.31,26.09
MS,Mississippi,2018,57.68,16.01,26.31
MS,Mississippi,2019,57.3,16.09,26.6
MS,Mississippi,2020,53.97,15.08,30.95
MS,Mississippi,2021,53.94,15.34,30.72
MS,Mississippi,2022,56.52,16.15,27.33
MS,Mississippi,2023,55.13,17.58,27.29
MS,Mississippi,2024,54.5,17.8,27.7
MS,Mississippi,2025,54.0,17.72,28.28
MT,Montana,1929,83.99,14.47,1.55
MT,Montana,1930,84.0,14.11,1.89
MT,Montana,1931,80.08,14.66,5.27
MT,Montana,1932,82.23,13.07,4.71
MT,Montana,1933,80.59,13.97,5.44
MT,Montana,1934,83.01,12.57,4.42
MT,Montana,1935,85.07,11.03,3.91
MT,Montana,1936,81.73,13.02,5.25
MT,Montana,1937,84.53,11.88,3.59
MT,Montana,1938,85.53,10.77,3.7
MT,Montana,1939,85.53,10.83,3.63
MT,Montana,1940,84.83,11.18,3.99
MT,Montana,1941,87.25,9.52,3.23
MT,Montana,1942,88.44,9.16,2.41
MT,Montana,1943,90.14,7.98,1.88
MT,Montana,1944,89.36,8.31,2.33
MT,Montana,1945,87.56,8.73,3.7
MT,Montana,1946,84.51,9.58,5.91
MT,Montana,1947,85.25,9.71,5.04
MT,Montana,1948,85.41,10.34,4.25
MT,Montana,1949,81.93,13.0,5.07
MT,Montana,1950,83.73,10.85,5.42
MT,Montana,1951,85.18,10.47,4.36
MT,Montana,1952,83.24,11.12,5.64
MT,Montana,1953,84.13,10.99,4.88
MT,Montana,1954,82.79,12.09,5.13
MT,Montana,1955,82.55,12.24,5.21
MT,Montana,1956,82.51,12.23,5.27
MT,Montana,1957,80.84,13.07,6.09
MT,Montana,1958,78.76,14.2,7.04
MT,Montana,1959,76.59,15.69,7.72
MT,Montana,1960,76.53,16.02,7.45
MT,Montana,1961,76.05,15.89,8.06
MT,Montana,1962,78.43,14.58,6.99
MT,Montana,1963,77.6,15.22,7.18
MT,Montana,1964,76.45,16.25,7.3
MT,Montana,1965,76.35,16.43,7.23
MT,Montana,1966,76.26,16.57,7.17
MT,Montana,1967,74.49,17.19,8.32
MT,Montana,1968,74.47,16.55,8.98
MT,Montana,1969,74.31,16.78,8.91
MT,Montana,1970,73.27,17.47,9.26
MT,Montana,1971,72.4,17.54,10.06
MT,Montana,1972,73.67,16.74,9.59
MT,Montana,1973,73.5,16.89,9.61
MT,Montana,1974,71.48,18.13,10.39
MT,Montana,1975,69.86,18.66,11.48
MT,Montana,1976,69.14,19.0,11.86
MT,Montana,1977,68.2,19.97,11.83
MT,Montana,1978,69.53,19.4,11.07
MT,Montana,1979,67.7,20.7,11.6
MT,Montana,1980,65.12,22.47,12.4
MT,Montana,1981,63.23,24.15,12.62
MT,Montana,1982,60.69,25.9,13.41
MT,Montana,1983,60.29,25.75,13.97
MT,Montana,1984,59.24,26.66,14.1
MT,Montana,1985,58.08,27.23,14.69
MT,Montana,1986,58.88,26.03,15.09
MT,Montana,1987,59.87,24.67,15.46
MT,Montana,1988,59.28,24.87,15.85
MT,Montana,1989,59.38,24.84,15.78
MT,Montana,1990,59.02,24.56,16.42
MT,Montana,1991,60.13,23.67,16.19
MT,Montana,1992,60.68,22.75,16.57
MT,Montana,1993,61.76,21.79,16.45
MT,Montana,1994,60.88,22.5,16.62
MT,Montana,1995,59.71,23.38,16.91
MT,Montana,1996,59.71,23.52,16.77
MT,Montana,1997,59.35,24.23,16.42
MT,Montana,1998,59.85,24.19,15.96
MT,Montana,1999,61.03,23.43,15.54
MT,Montana,2000,60.13,23.55,16.32
MT,Montana,2001,59.69,23.39,16.93
MT,Montana,2002,60.49,22.48,17.04
MT,Montana,2003,60.47,22.95,16.58
MT,Montana,2004,60.87,22.85,16.28
MT,Montana,2005,61.26,22.55,16.19
MT,Montana,2006,60.11,23.7,16.19
MT,Montana,2007,59.6,24.33,16.07
MT,Montana,2008,57.85,24.97,17.18
MT,Montana,2009,57.88,23.04,19.08
MT,Montana,2010,57.87,22.31,19.82
MT,Montana,2011,58.59,23.02,18.39
MT,Montana,2012,58.55,23.66,17.8
MT,Montana,2013,59.17,22.73,18.09
MT,Montana,2014,57.85,24.06,18.09
MT,Montana,2015,57.56,24.21,18.23
MT,Montana,2016,56.69,23.92,19.4
MT,Montana,2017,55.36,24.67,19.98
MT,Montana,2018,55.16,25.12,19.73
MT,Montana,2019,55.09,25.07,19.84
MT,Montana,2020,53.08,23.72,23.2
MT,Montana,2021,52.31,25.13,22.55
MT,Montana,2022,54.36,26.13,19.5
MT,Montana,2023,54.02,27.14,18.84
MT,Montana,2024,53.58,27.45,18.97
MT,Montana,2025,53.38,27.17,19.46
NC,North Carolina,1929,85.21,13.42,1.37
NC,North Carolina,1930,84.31,14.06,1.63
NC,North Carolina,1931,81.02,14.55,4.43
NC,North Carolina,1932,80.31,15.78,3.91
NC,North Carolina,1933,84.39,12.36,3.26
NC,North Carolina,1934,86.46,11.02,2.52
NC,North Carolina,1935,87.43,10.35,2.22
NC,North Carolina,1936,84.95,10.83,4.22
NC,North Carolina,1937,87.75,10.38,1.87
NC,North Carolina,1938,86.23,10.91,2.87
NC,North Carolina,1939,86.52,11.03,2.44
NC,North Carolina,1940,86.8,10.73,2.47
NC,North Carolina,1941,89.14,8.98,1.88
NC,North Carolina,1942,91.34,7.29,1.37
NC,North Carolina,1943,92.19,6.68,1.13
NC,North Carolina,1944,91.87,6.66,1.47
NC,North Carolina,1945,89.79,7.2,3.01
NC,North Carolina,1946,86.92,7.42,5.65
NC,North Carolina,1947,86.07,7.87,6.06
NC,North Carolina,1948,86.15,8.75,5.11
NC,North Carolina,1949,85.01,9.28,5.71
NC,North Carolina,1950,84.63,8.98,6.4
NC,North Carolina,1951,86.81,8.66,4.53
NC,North Carolina,1952,86.82,8.91,4.27
NC,North Carolina,1953,86.86,8.94,4.21
NC,North Carolina,1954,85.42,9.96,4.62
NC,North Carolina,1955,85.3,10.1,4.6
NC,North Carolina,1956,85.07,10.3,4.63
NC,North Carolina,1957,83.73,10.85,5.42
NC,North Carolina,1958,83.06,11.0,5.94
NC,North Carolina,1959,82.99,11.05,5.96
NC,North Carolina,1960,82.53,11.48,6.0
NC,North Carolina,1961,81.73,11.78,6.5
NC,North Carolina,1962,81.45,12.17,6.38
NC,North Carolina,1963,81.09,12.38,6.53
NC,North Carolina,1964,81.14,12.54,6.32
NC,North Carolina,1965,81.12,12.52,6.36
NC,North Carolina,1966,81.6,12.18,6.23
NC,North Carolina,1967,81.23,12.07,6.7
NC,North Carolina,1968,81.27,11.79,6.94
NC,North Carolina,1969,80.81,12.21,6.98
NC,North Carolina,1970,79.17,13.1,7.72
NC,North Carolina,1971,78.59,13.09,8.32
NC,North Carolina,1972,78.88,12.88,8.24
NC,North Carolina,1973,78.55,13.02,8.43
NC,North Carolina,1974,76.77,13.72,9.5
NC,North Carolina,1975,73.91,13.92,12.17
NC,North Carolina,1976,74.48,13.7,11.82
NC,North Carolina,1977,74.53,14.09,11.38
NC,North Carolina,1978,74.9,14.24,10.86
NC,North Carolina,1979,74.25,14.52,11.23
NC,North Carolina,1980,72.13,15.9,11.97
NC,North Carolina,1981,70.45,17.29,12.26
NC,North Carolina,1982,68.91,18.34,12.75
NC,North Carolina,1983,69.01,18.38,12.61
NC,North Carolina,1984,69.42,18.79,11.79
NC,North Carolina,1985,69.39,18.91,11.7
NC,North Carolina,1986,69.47,18.99,11.54
NC,North Carolina,1987,70.51,18.33,11.16
NC,North Carolina,1988,70.06,18.92,11.02
NC,North Carolina,1989,68.99,19.72,11.28
NC,North Carolina,1990,68.45,19.82,11.74
NC,North Carolina,1991,67.66,19.45,12.89
NC,North Carolina,1992,68.25,18.62,13.13
NC,North Carolina,1993,67.94,18.52,13.54
NC,North Carolina,1994,68.04,18.73,13.24
NC,North Carolina,1995,67.18,18.99,13.83
NC,North Carolina,1996,66.63,19.34,14.04
NC,North Carolina,1997,66.82,19.45,13.72
NC,North Carolina,1998,66.93,19.74,13.33
NC,North Carolina,1999,67.71,18.79,13.49
NC,North Carolina,2000,67.77,18.68,13.55
NC,North Carolina,2001,67.11,18.2,14.69
NC,North Carolina,2002,66.78,17.58,15.64
NC,North Carolina,2003,66.66,17.57,15.77
NC,North Carolina,2004,66.78,17.5,15.72
NC,North Carolina,2005,66.55,17.53,15.92
NC,North Carolina,2006,66.51,17.53,15.96
NC,North Carolina,2007,65.93,18.11,15.96
NC,North Carolina,2008,65.01,18.08,16.91
NC,North Carolina,2009,63.26,17.12,19.62
NC,North Carolina,2010,62.84,16.52,20.63
NC,North Carolina,2011,62.12,17.45,20.43
NC,North Carolina,2012,62.99,17.4,19.62
NC,North Carolina,2013,62.49,17.27,20.24
NC,North Carolina,2014,62.26,17.83,19.91
NC,North Carolina,2015,61.85,18.18,19.97
NC,North Carolina,2016,62.02,18.13,19.86
NC,North Carolina,2017,62.05,18.28,19.68
NC,North Carolina,2018,61.93,18.38,19.68
NC,North Carolina,2019,61.94,18.4,19.66
NC,North Carolina,2020,59.46,17.35,23.2
NC,North Carolina,2021,58.45,17.6,23.95
NC,North Carolina,2022,60.78,18.43,20.79
NC,North Carolina,2023,59.96,19.56,20.48
NC,North Carolina,2024,59.35,19.56,21.09
NC,North Carolina,2025,58.62,19.33,22.05
ND,North Dakota,1929,88.23,10.24,1.54
ND,North Dakota,1930,86.06,11.99,1.95
ND,North Dakota,1931,75.59,17.54,6.88
ND,North Dakota,1932,80.55,14.3,5.15
ND,North Dakota,1933,78.47,15.83,5.7
ND,North Dakota,1934,80.4,11.69,7.9
ND,North Dakota,1935,85.49,9.32,5.18
ND,North Dakota,1936,79.56,11.39,9.05
ND,North Dakota,1937,85.34,8.68,5.99
ND,North Dakota,1938,84.5,9.15,6.35
ND,North Dakota,1939,86.6,8.39,5.01
ND,North Dakota,1940,86.49,9.51,4.0
ND,North Dakota,1941,89.95,7.65,2.4
ND,North Dakota,1942,92.13,5.91,1.95
ND,North Dakota,1943,93.24,5.29,1.47
ND,North Dakota,1944,92.14,5.98,1.87
ND,North Dakota,1945,90.14,6.7,3.16
ND,North Dakota,1946,87.43,7.49,5.07
ND,North Dakota,1947,90.03,6.02,3.95
ND,North Dakota,1948,84.03,12.18,3.8
ND,North Dakota,1949,80.3,13.27,6.42
ND,North Dakota,1950,81.24,13.25,5.5
ND,North Dakota,1951,81.01,14.71,4.28
ND,North Dakota,1952,81.27,13.98,4.75
ND,North Dakota,1953,81.29,13.87,4.83
ND,North Dakota,1954,79.85,15.21,4.94
ND,North Dakota,1955,80.41,14.7,4.9
ND,North Dakota,1956,79.38,15.64,4.98
ND,North Dakota,1957,77.73,16.09,6.18
ND,North Dakota,1958,78.15,15.65,6.19
ND,North Dakota,1959,76.46,16.32,7.22
ND,North Dakota,1960,77.44,15.72,6.85
ND,North Dakota,1961,75.7,16.15,8.15
ND,North Dakota,1962,79.04,14.9,6.06
ND,North Dakota,1963,77.51,15.71,6.77
ND,North Dakota,1964,76.16,16.6,7.24
ND,North Dakota,1965,77.38,15.81,6.81
ND,North Dakota,1966,77.01,15.73,7.26
ND,North Dakota,1967,75.46,15.88,8.66
ND,North Dakota,1968,74.24,16.52,9.24
ND,North Dakota,1969,74.26,16.57,9.17
ND,North Dakota,1970,72.55,17.38,10.07
ND,North Dakota,1971,73.01,16.76,10.23
ND,North Dakota,1972,74.88,15.56,9.55
ND,North Dakota,1973,79.08,13.23,7.69
ND,North Dakota,1974,75.62,15.48,8.89
ND,North Dakota,1975,72.83,17.12,10.05
ND,North Dakota,1976,69.73,18.94,11.32
ND,North Dakota,1977,67.41,20.7,11.89
ND,North Dakota,1978,71.26,18.41,10.33
ND,North Dakota,1979,68.68,20.19,11.14
ND,North Dakota,1980,60.11,26.15,13.74
ND,North Dakota,1981,62.43,25.53,12.04
ND,North Dakota,1982,59.89,27.61,12.5
ND,North Dakota,1983,60.54,26.25,13.22
ND,North Dakota,1984,60.91,25.96,13.13
ND,North Dakota,1985,60.67,25.83,13.5
ND,North Dakota,1986,60.16,25.33,14.51
ND,North Dakota,1987,61.82,23.4,14.78
ND,North Dakota,1988,58.56,25.45,15.99
ND,North Dakota,1989,59.7,24.74,15.56
ND,North Dakota,1990,60.9,23.71,15.39
ND,North Dakota,1991,61.11,23.45,15.43
ND,North Dakota,1992,63.03,21.4,15.56
ND,North Dakota,1993,61.79,22.03,16.18
ND,North Dakota,1994,63.53,21.3,15.17
ND,North Dakota,1995,61.21,22.77,16.01
ND,North Dakota,1996,63.88,21.21,14.91
ND,North Dakota,1997,60.82,23.34,15.84
ND,North Dakota,1998,63.09,22.26,14.65
ND,North Dakota,1999,63.61,21.29,15.1
ND,North Dakota,2000,64.17,20.93,14.9
ND,North Dakota,2001,63.98,21.03,14.98
ND,North Dakota,2002,64.06,20.45,15.49
ND,North Dakota,2003,66.16,19.13,14.71
ND,North Dakota,2004,65.89,18.86,15.25
ND,North Dakota,2005,66.08,18.76,15.16
ND,North Dakota,2006,65.24,19.36,15.41
ND,North Dakota,2007,65.69,19.41,14.91
ND,North Dakota,2008,64.78,20.31,14.91
ND,North Dakota,2009,64.84,19.46,15.7
ND,North Dakota,2010,65.66,19.09,15.25
ND,North Dakota,2011,65.42,20.75,13.83
ND,North Dakota,2012,67.18,20.97,11.85
ND,North Dakota,2013,65.68,22.05,12.28
ND,North Dakota,2014,64.69,23.08,12.24
ND,North Dakota,2015,64.66,22.08,13.25
ND,North Dakota,2016,64.22,21.68,14.1
ND,North Dakota,2017,63.84,21.93,14.22
ND,North Dakota,2018,63.1,22.66,14.24
ND,North Dakota,2019,63.48,22.05,14.47
ND,North Dakota,2020,61.31,20.51,18.18
ND,North Dakota,2021,60.39,21.66,17.95
ND,North Dakota,2022,62.31,22.33,15.36
ND,North Dakota,2023,60.35,24.73,14.92
ND,North Dakota,2024,59.21,25.39,15.4
ND,North Dakota,2025,59.69,24.63,15.68
NE,Nebraska,1929,83.04,15.31,1.66
NE,Nebraska,1930,82.7,15.47,1.83
NE,Nebraska,1931,78.22,17.49,4.29
NE,Nebraska,1932,77.92,18.26,3.81
NE,Nebraska,1933,78.89,17.52,3.59
NE,Nebraska,1934,78.04,18.15,3.81
NE,Nebraska,1935,84.61,12.69,2.7
NE,Nebraska,1936,80.46,13.7,5.84
NE,Nebraska,1937,83.08,13.32,3.59
NE,Nebraska,1938,83.48,13.06,3.45
NE,Nebraska,1939,82.35,13.96,3.69
NE,Nebraska,1940,82.22,14.02,3.77
NE,Nebraska,1941,84.35,12.57,3.08
NE,Nebraska,1942,87.58,10.38,2.04
NE,Nebraska,1943,89.36,9.05,1.58
NE,Nebraska,1944,88.75,9.41,1.84
NE,Nebraska,1945,87.71,9.37,2.91
NE,Nebraska,1946,84.59,10.36,5.05
NE,Nebraska,1947,84.29,10.84,4.87
NE,Nebraska,1948,83.85,12.62,3.52
NE,Nebraska,1949,81.45,14.56,3.99
NE,Nebraska,1950,81.52,14.07,4.42
NE,Nebraska,1951,82.49,13.86,3.65
NE,Nebraska,1952,82.21,14.33,3.46
NE,Nebraska,1953,82.04,14.22,3.73
NE,Nebraska,1954,81.28,14.77,3.95
NE,Nebraska,1955,79.29,16.03,4.68
NE,Nebraska,1956,79.88,15.03,5.09
NE,Nebraska,1957,79.75,15.13,5.12
NE,Nebraska,1958,78.61,15.91,5.48
NE,Nebraska,1959,77.05,17.04,5.91
NE,Nebraska,1960,77.02,17.07,5.9
NE,Nebraska,1961,76.29,17.33,6.38
NE,Nebraska,1962,76.92,16.91,6.17
NE,Nebraska,1963,75.63,17.99,6.37
NE,Nebraska,1964,75.19,18.42,6.4
NE,Nebraska,1965,75.69,17.97,6.35
NE,Nebraska,1966,76.22,17.36,6.42
NE,Nebraska,1967,75.73,16.72,7.55
NE,Nebraska,1968,75.75,16.08,8.17
NE,Nebraska,1969,75.52,16.5,7.98
NE,Nebraska,1970,74.06,17.36,8.58
NE,Nebraska,1971,74.15,17.02,8.83
NE,Nebraska,1972,74.12,17.1,8.78
NE,Nebraska,1973,74.22,16.77,9.01
NE,Nebraska,1974,71.89,18.22,9.89
NE,Nebraska,1975,71.59,17.8,10.61
NE,Nebraska,1976,70.91,18.27,10.82
NE,Nebraska,1977,70.45,18.92,10.63
NE,Nebraska,1978,71.69,18.13,10.18
NE,Nebraska,1979,70.5,19.0,10.5
NE,Nebraska,1980,66.78,21.72,11.49
NE,Nebraska,1981,65.62,22.97,11.41
NE,Nebraska,1982,62.81,25.5,11.7
NE,Nebraska,1983,62.35,25.42,12.23
NE,Nebraska,1984,63.64,24.83,11.53
NE,Nebraska,1985,64.26,24.12,11.62
NE,Nebraska,1986,64.41,23.79,11.81
NE,Nebraska,1987,66.06,22.36,11.58
NE,Nebraska,1988,66.5,22.24,11.26
NE,Nebraska,1989,65.71,22.85,11.44
NE,Nebraska,1990,66.15,22.28,11.57
NE,Nebraska,1991,65.73,22.28,12.0
NE,Nebraska,1992,66.33,21.4,12.28
NE,Nebraska,1993,65.96,21.35,12.69
NE,Nebraska,1994,66.34,21.23,12.44
NE,Nebraska,1995,65.39,22.07,12.54
NE,Nebraska,1996,66.37,21.38,12.25
NE,Nebraska,1997,65.5,22.17,12.32
NE,Nebraska,1998,65.24,22.45,12.32
NE,Nebraska,1999,65.91,21.65,12.44
NE,Nebraska,2000,65.42,22.25,12.33
NE,Nebraska,2001,65.8,21.25,12.95
NE,Nebraska,2002,65.91,20.56,13.53
NE,Nebraska,2003,66.68,20.03,13.29
NE,Nebraska,2004,67.54,19.13,13.33
NE,Nebraska,2005,67.24,19.12,13.64
NE,Nebraska,2006,66.06,19.83,14.11
NE,Nebraska,2007,65.6,20.56,13.83
NE,Nebraska,2008,64.26,21.12,14.62
NE,Nebraska,2009,65.2,19.31,15.49
NE,Nebraska,2010,65.68,18.52,15.81
NE,Nebraska,2011,67.48,18.12,14.39
NE,Nebraska,2012,66.33,19.53,14.14
NE,Nebraska,2013,67.32,18.33,14.35
NE,Nebraska,2014,67.22,18.59,14.19
NE,Nebraska,2015,66.73,18.9,14.37
NE,Nebraska,2016,65.67,19.27,15.06
NE,Nebraska,2017,64.82,19.73,15.45
NE,Nebraska,2018,64.47,19.83,15.7
NE,Nebraska,2019,63.55,20.59,15.86
NE,Nebraska,2020,61.16,19.98,18.86
NE,Nebraska,2021,59.9,20.93,19.17
NE,Nebraska,2022,62.87,20.32,16.8
NE,Nebraska,2023,63.1,21.04,15.86
NE,Nebraska,2024,62.07,21.64,16.29
NE,Nebraska,2025,61.42,21.29,17.29
NH,New Hampshire,1929,77.93,20.32,1.74
NH,New Hampshire,1930,77.83,20.31,1.86
NH,New Hampshire,1931,75.05,21.38,3.57
NH,New Hampshire,1932,70.87,25.55,3.58
NH,New Hampshire,1933,72.65,23.9,3.44
NH,New Hampshire,1934,75.42,21.49,3.08
NH,New Hampshire,1935,76.33,20.32,3.35
NH,New Hampshire,1936,74.45,20.71,4.83
NH,New Hampshire,1937,75.98,20.99,3.02
NH,New Hampshire,1938,76.63,19.22,4.14
NH,New Hampshire,1939,76.13,20.27,3.61
NH,New Hampshire,1940,76.51,19.64,3.85
NH,New Hampshire,1941,80.31,16.81,2.89
NH,New Hampshire,1942,83.56,14.15,2.29
NH,New Hampshire,1943,84.59,13.22,2.19
NH,New Hampshire,1944,85.07,12.3,2.63
NH,New Hampshire,1945,82.62,13.12,4.26
NH,New Hampshire,1946,79.54,13.83,6.62
NH,New Hampshire,1947,79.77,14.0,6.23
NH,New Hampshire,1948,80.84,14.16,5.0
NH,New Hampshire,1949,77.64,16.28,6.08
NH,New Hampshire,1950,77.23,16.2,6.57
NH,New Hampshire,1951,79.85,15.04,5.11
NH,New Hampshire,1952,80.34,14.62,5.04
NH,New Hampshire,1953,79.12,15.76,5.11
NH,New Hampshire,1954,78.02,16.37,5.61
NH,New Hampshire,1955,79.11,15.15,5.73
NH,New Hampshire,1956,79.42,14.83,5.75
NH,New Hampshire,1957,78.9,14.97,6.13
NH,New Hampshire,1958,78.18,14.95,6.86
NH,New Hampshire,1959,78.72,14.73,6.54
NH,New Hampshire,1960,78.33,15.16,6.51
NH,New Hampshire,1961,77.87,15.15,6.98
NH,New Hampshire,1962,77.58,15.68,6.74
NH,New Hampshire,1963,76.93,16.13,6.94
NH,New Hampshire,1964,76.79,16.57,6.63
NH,New Hampshire,1965,76.73,16.72,6.55
NH,New Hampshire,1966,77.09,16.5,6.41
NH,New Hampshire,1967,76.96,16.17,6.87
NH,New Hampshire,1968,76.79,16.0,7.21
NH,New Hampshire,1969,76.53,16.16,7.31
NH,New Hampshire,1970,75.04,16.82,8.14
NH,New Hampshire,1971,73.79,17.14,9.07
NH,New Hampshire,1972,73.79,17.16,9.05
NH,New Hampshire,1973,73.6,16.93,9.47
NH,New Hampshire,1974,72.28,17.41,10.31
NH,New Hampshire,1975,70.46,17.34,12.2
NH,New Hampshire,1976,71.52,16.96,11.51
NH,New Hampshire,1977,72.09,17.15,10.76
NH,New Hampshire,1978,72.92,16.87,10.22
NH,New Hampshire,1979,72.98,16.8,10.21
NH,New Hampshire,1980,71.56,17.97,10.47
NH,New Hampshire,1981,69.71,19.46,10.83
NH,New Hampshire,1982,68.23,20.97,10.8
NH,New Hampshire,1983,69.41,20.1,10.48
NH,New Hampshire,1984,69.67,20.51,9.82
NH,New Hampshire,1985,70.49,20.19,9.32
NH,New Hampshire,1986,70.97,20.18,8.85
NH,New Hampshire,1987,72.43,19.37,8.2
NH,New Hampshire,1988,72.01,19.95,8.04
NH,New Hampshire,1989,70.17,21.42,8.41
NH,New Hampshire,1990,69.07,21.59,9.35
NH,New Hampshire,1991,67.17,20.74,12.1
NH,New Hampshire,1992,68.4,19.3,12.3
NH,New Hampshire,1993,69.28,19.18,11.54
NH,New Hampshire,1994,68.89,18.83,12.28
NH,New Hampshire,1995,68.26,19.26,12.48
NH,New Hampshire,1996,68.94,19.41,11.65
NH,New Hampshire,1997,69.46,19.3,11.24
NH,New Hampshire,1998,70.35,19.05,10.6
NH,New Hampshire,1999,72.29,17.54,10.17
NH,New Hampshire,2000,72.93,17.34,9.73
NH,New Hampshire,2001,73.22,16.7,10.08
NH,New Hampshire,2002,73.49,15.72,10.79
NH,New Hampshire,2003,73.89,15.25,10.86
NH,New Hampshire,2004,73.55,15.25,11.2
NH,New Hampshire,2005,73.94,14.76,11.3
NH,New Hampshire,2006,73.42,15.3,11.28
NH,New Hampshire,2007,71.95,16.27,11.78
NH,New Hampshire,2008,69.94,16.84,13.22
NH,New Hampshire,2009,69.6,15.95,14.45
NH,New Hampshire,2010,70.59,14.64,14.77
NH,New Hampshire,2011,69.85,16.16,13.99
NH,New Hampshire,2012,68.78,17.53,13.69
NH,New Hampshire,2013,68.56,17.44,13.99
NH,New Hampshire,2014,67.89,17.76,14.35
NH,New Hampshire,2015,67.5,17.75,14.75
NH,New Hampshire,2016,67.82,17.06,15.12
NH,New Hampshire,2017,67.4,17.6,15.01
NH,New Hampshire,2018,67.55,17.26,15.2
NH,New Hampshire,2019,67.56,17.67,14.77
NH,New Hampshire,2020,65.4,16.41,18.2
NH,New Hampshire,2021,66.78,15.67,17.55
NH,New Hampshire,2022,66.61,17.52,15.87
NH,New Hampshire,2023,65.09,19.63,15.28
NH,New Hampshire,2024,64.72,19.71,15.56
NH,New Hampshire,2025,64.04,19.79,16.17
NJ,New Jersey,1929,75.49,23.44,1.07
NJ,New Jersey,1930,73.69,25.14,1.16
NJ,New Jersey,1931,71.13,26.32,2.55
NJ,New Jersey,1932,68.9,28.63,2.47
NJ,New Jersey,1933,70.11,27.01,2.88
NJ,New Jersey,1934,73.83,23.09,3.08
NJ,New Jersey,1935,73.91,22.83,3.27
NJ,New Jersey,1936,75.12,21.25,3.64
NJ,New Jersey,1937,77.02,20.85,2.13
NJ,New Jersey,1938,76.86,20.7,2.44
NJ,New Jersey,1939,76.8,20.54,2.66
NJ,New Jersey,1940,78.94,18.66,2.4
NJ,New Jersey,1941,82.73,15.23,2.04
NJ,New Jersey,1942,86.28,11.97,1.75
NJ,New Jersey,1943,87.83,10.91,1.26
NJ,New Jersey,1944,87.6,10.94,1.46
NJ,New Jersey,1945,85.78,11.19,3.03
NJ,New Jersey,1946,83.99,10.73,5.28
NJ,New Jersey,1947,84.27,11.32,4.4
NJ,New Jersey,1948,85.64,10.98,3.38
NJ,New Jersey,1949,84.7,11.35,3.96
NJ,New Jersey,1950,83.48,11.96,4.56
NJ,New Jersey,1951,85.5,11.17,3.33
NJ,New Jersey,1952,85.11,11.62,3.26
NJ,New Jersey,1953,85.07,11.53,3.4
NJ,New Jersey,1954,83.91,12.03,4.06
NJ,New Jersey,1955,83.89,11.85,4.27
NJ,New Jersey,1956,83.3,12.34,4.36
NJ,New Jersey,1957,82.9,12.24,4.86
NJ,New Jersey,1958,81.55,12.66,5.79
NJ,New Jersey,1959,81.85,12.71,5.44
NJ,New Jersey,1960,81.39,13.2,5.41
NJ,New Jersey,1961,80.73,13.38,5.89
NJ,New Jersey,1962,80.17,14.07,5.76
NJ,New Jersey,1963,79.48,14.62,5.9
NJ,New Jersey,1964,79.05,15.23,5.72
NJ,New Jersey,1965,78.92,15.4,5.68
NJ,New Jersey,1966,79.04,15.31,5.65
NJ,New Jersey,1967,78.53,15.25,6.22
NJ,New Jersey,1968,78.0,15.22,6.78
NJ,New Jersey,1969,78.48,14.71,6.81
NJ,New Jersey,1970,77.24,15.14,7.62
NJ,New Jersey,1971,76.01,15.38,8.61
NJ,New Jersey,1972,75.81,15.34,8.85
NJ,New Jersey,1973,75.27,15.56,9.17
NJ,New Jersey,1974,74.02,16.07,9.9
NJ,New Jersey,1975,72.03,15.98,11.99
NJ,New Jersey,1976,72.3,15.76,11.94
NJ,New Jersey,1977,72.68,15.81,11.51
NJ,New Jersey,1978,73.27,15.7,11.03
NJ,New Jersey,1979,73.07,15.88,11.05
NJ,New Jersey,1980,71.46,17.31,11.23
NJ,New Jersey,1981,69.64,19.06,11.3
NJ,New Jersey,1982,68.68,19.85,11.46
NJ,New Jersey,1983,68.83,19.72,11.45
NJ,New Jersey,1984,68.67,20.53,10.8
NJ,New Jersey,1985,69.18,20.26,10.56
NJ,New Jersey,1986,69.76,19.91,10.33
NJ,New Jersey,1987,70.99,19.08,9.93
NJ,New Jersey,1988,70.86,19.55,9.59
NJ,New Jersey,1989,69.31,21.11,9.58
NJ,New Jersey,1990,68.93,21.01,10.06
NJ,New Jersey,1991,68.03,20.63,11.34
NJ,New Jersey,1992,68.43,19.32,12.25
NJ,New Jersey,1993,68.79,18.83,12.38
NJ,New Jersey,1994,68.9,18.96,12.13
NJ,New Jersey,1995,68.32,19.47,12.21
NJ,New Jersey,1996,68.45,19.64,11.92
NJ,New Jersey,1997,68.96,19.55,11.48
NJ,New Jersey,1998,69.34,19.6,11.07
NJ,New Jersey,1999,70.43,18.55,11.02
NJ,New Jersey,2000,70.74,18.56,10.7
NJ,New Jersey,2001,70.52,17.99,11.48
NJ,New Jersey,2002,70.91,16.83,12.26
NJ,New Jersey,2003,71.34,16.55,12.11
NJ,New Jersey,2004,71.78,16.47,11.75
NJ,New Jersey,2005,71.95,16.09,11.96
NJ,New Jersey,2006,71.21,16.68,12.11
NJ,New Jersey,2007,70.59,17.45,11.97
NJ,New Jersey,2008,69.07,17.87,13.06
NJ,New Jersey,2009,68.33,16.69,14.98
NJ,New Jersey,2010,68.51,15.71,15.78
NJ,New Jersey,2011,68.33,16.42,15.25
NJ,New Jersey,2012,68.3,17.17,14.53
NJ,New Jersey,2013,68.87,16.57,14.55
NJ,New Jersey,2014,68.52,16.93,14.55
NJ,New Jersey,2015,68.34,17.22,14.44
NJ,New Jersey,2016,68.0,17.44,14.56
NJ,New Jersey,2017,67.96,17.8,14.25
NJ,New Jersey,2018,68.21,17.62,14.17
NJ,New Jersey,2019,68.06,17.92,14.02
NJ,New Jersey,2020,65.17,16.57,18.26
NJ,New Jersey,2021,64.88,16.47,18.65
NJ,New Jersey,2022,66.74,17.68,15.57
NJ,New Jersey,2023,65.25,19.56,15.19
NJ,New Jersey,2024,65.22,19.6,15.19
NJ,New Jersey,2025,65.12,19.41,15.47
NM,New Mexico,1929,86.66,11.69,1.65
NM,New Mexico,1930,83.24,14.58,2.18
NM,New Mexico,1931,81.06,13.27,5.68
NM,New Mexico,1932,79.74,14.27,5.99
NM,New Mexico,1933,82.24,12.47,5.29
NM,New Mexico,1934,83.47,11.43,5.1
NM,New Mexico,1935,84.07,11.48,4.45
NM,New Mexico,1936,83.29,11.46,5.25
NM,New Mexico,1937,85.73,11.36,2.91
NM,New Mexico,1938,84.82,12.12,3.06
NM,New Mexico,1939,83.9,12.61,3.49
NM,New Mexico,1940,84.37,12.14,3.5
NM,New Mexico,1941,85.23,11.9,2.87
NM,New Mexico,1942,86.26,11.7,2.04
NM,New Mexico,1943,88.94,9.35,1.71
NM,New Mexico,1944,89.66,8.33,2.01
NM,New Mexico,1945,87.97,8.51,3.52
NM,New Mexico,1946,83.35,10.02,6.63
NM,New Mexico,1947,83.39,9.94,6.66
NM,New Mexico,1948,83.77,10.5,5.73
NM,New Mexico,1949,83.08,11.38,5.54
NM,New Mexico,1950,81.2,11.97,6.83
NM,New Mexico,1951,83.71,11.57,4.72
NM,New Mexico,1952,83.8,11.76,4.44
NM,New Mexico,1953,82.73,12.7,4.57
NM,New Mexico,1954,82.41,12.52,5.07
NM,New Mexico,1955,82.0,13.2,4.8
NM,New Mexico,1956,82.89,12.45,4.65
NM,New Mexico,1957,82.57,12.71,4.72
NM,New Mexico,1958,82.31,12.83,4.86
NM,New Mexico,1959,81.89,13.13,4.98
NM,New Mexico,1960,80.83,13.82,5.35
NM,New Mexico,1961,79.89,14.19,5.92
NM,New Mexico,1962,79.95,14.26,5.79
NM,New Mexico,1963,79.45,14.56,5.99
NM,New Mexico,1964,79.03,15.03,5.94
NM,New Mexico,1965,78.81,15.16,6.03
NM,New Mexico,1966,78.52,15.32,6.16
NM,New Mexico,1967,77.55,14.99,7.46
NM,New Mexico,1968,76.95,15.0,8.05
NM,New Mexico,1969,76.04,15.67,8.29
NM,New Mexico,1970,74.23,16.47,9.3
NM,New Mexico,1971,73.44,16.8,9.76
NM,New Mexico,1972,73.45,16.86,9.7
NM,New Mexico,1973,72.76,17.0,10.24
NM,New Mexico,1974,71.46,17.59,10.95
NM,New Mexico,1975,70.56,17.66,11.78
NM,New Mexico,1976,70.76,17.39,11.85
NM,New Mexico,1977,71.4,17.45,11.16
NM,New Mexico,1978,71.56,17.76,10.68
NM,New Mexico,1979,71.22,17.85,10.93
NM,New Mexico,1980,69.37,19.02,11.61
NM,New Mexico,1981,67.91,20.34,11.74
NM,New Mexico,1982,65.85,22.37,11.79
NM,New Mexico,1983,65.01,23.03,11.96
NM,New Mexico,1984,65.02,23.26,11.71
NM,New Mexico,1985,64.54,23.87,11.59
NM,New Mexico,1986,63.94,24.05,12.01
NM,New Mexico,1987,64.45,23.33,12.22
NM,New Mexico,1988,64.37,23.26,12.37
NM,New Mexico,1989,63.94,23.25,12.81
NM,New Mexico,1990,64.11,22.8,13.09
NM,New Mexico,1991,64.08,22.23,13.69
NM,New Mexico,1992,64.49,21.32,14.19
NM,New Mexico,1993,64.8,20.9,14.3
NM,New Mexico,1994,64.38,21.21,14.42
NM,New Mexico,1995,63.62,21.61,14.77
NM,New Mexico,1996,62.66,21.99,15.35
NM,New Mexico,1997,63.04,22.03,14.94
NM,New Mexico,1998,63.03,22.01,14.96
NM,New Mexico,1999,63.92,20.53,15.55
NM,New Mexico,2000,64.6,20.08,15.32
NM,New Mexico,2001,64.23,19.82,15.95
NM,New Mexico,2002,64.54,18.65,16.81
NM,New Mexico,2003,64.76,18.04,17.2
NM,New Mexico,2004,64.99,17.76,17.26
NM,New Mexico,2005,64.47,18.06,17.47
NM,New Mexico,2006,63.82,18.45,17.73
NM,New Mexico,2007,62.8,18.98,18.22
NM,New Mexico,2008,61.06,19.31,19.63
NM,New Mexico,2009,60.07,18.02,21.91
NM,New Mexico,2010,60.06,17.05,22.88
NM,New Mexico,2011,60.12,17.84,22.03
NM,New Mexico,2012,59.43,19.08,21.49
NM,New Mexico,2013,59.22,18.62,22.16
NM,New Mexico,2014,57.94,19.07,22.98
NM,New Mexico,2015,57.07,18.68,24.25
NM,New Mexico,2016,56.72,18.91,24.37
NM,New Mexico,2017,56.99,19.08,23.93
NM,New Mexico,2018,56.84,18.96,24.2
NM,New Mexico,2019,56.97,19.1,23.93
NM,New Mexico,2020,52.9,17.75,29.35
NM,New Mexico,2021,52.13,17.11,30.76
NM,New Mexico,2022,54.41,17.68,27.91
NM,New Mexico,2023,55.09,19.3,25.62
NM,New Mexico,2024,55.42,19.36,25.22
NM,New Mexico,2025,53.93,19.06,27.01
NV,Nevada,1929,82.97,15.88,1.14
NV,Nevada,1930,80.7,18.12,1.17
NV,Nevada,1931,75.68,20.96,3.36
NV,Nevada,1932,76.78,20.41,2.81
NV,Nevada,1933,77.87,19.21,2.92
NV,Nevada,1934,77.23,20.22,2.55
NV,Nevada,1935,79.61,18.14,2.25
NV,Nevada,1936,77.49,18.99,3.52
NV,Nevada,1937,77.19,20.55,2.26
NV,Nevada,1938,78.76,18.81,2.43
NV,Nevada,1939,78.68,18.18,3.14
NV,Nevada,1940,77.63,19.23,3.14
NV,Nevada,1941,80.44,17.02,2.54
NV,Nevada,1942,89.38,9.4,1.22
NV,Nevada,1943,90.41,8.49,1.1
NV,Nevada,1944,87.99,10.66,1.35
NV,Nevada,1945,87.16,10.63,2.22
NV,Nevada,1946,84.51,11.55,3.94
NV,Nevada,1947,82.32,13.26,4.42
NV,Nevada,1948,84.39,11.93,3.68
NV,Nevada,1949,83.12,12.93,3.96
NV,Nevada,1950,81.0,14.39,4.61
NV,Nevada,1951,82.84,13.66,3.5
NV,Nevada,1952,84.1,12.47,3.43
NV,Nevada,1953,84.62,11.99,3.39
NV,Nevada,1954,83.6,12.63,3.77
NV,Nevada,1955,83.84,12.48,3.68
NV,Nevada,1956,82.74,13.19,4.07
NV,Nevada,1957,82.21,13.54,4.26
NV,Nevada,1958,81.08,13.93,4.99
NV,Nevada,1959,81.32,14.02,4.66
NV,Nevada,1960,80.54,14.9,4.56
NV,Nevada,1961,79.78,15.27,4.95
NV,Nevada,1962,81.5,14.18,4.33
NV,Nevada,1963,82.26,13.4,4.34
NV,Nevada,1964,81.76,13.72,4.52
NV,Nevada,1965,80.81,14.54,4.65
NV,Nevada,1966,80.7,14.54,4.76
NV,Nevada,1967,79.66,14.88,5.46
NV,Nevada,1968,78.7,15.68,5.62
NV,Nevada,1969,78.6,15.92,5.48
NV,Nevada,1970,77.56,16.67,5.78
NV,Nevada,1971,76.74,16.82,6.44
NV,Nevada,1972,76.28,16.89,6.83
NV,Nevada,1973,75.91,17.1,6.99
NV,Nevada,1974,74.32,17.85,7.83
NV,Nevada,1975,72.81,17.56,9.63
NV,Nevada,1976,73.07,17.45,9.48
NV,Nevada,1977,73.82,17.22,8.95
NV,Nevada,1978,73.98,17.66,8.36
NV,Nevada,1979,73.42,18.07,8.51
NV,Nevada,1980,72.26,18.8,8.94
NV,Nevada,1981,70.55,19.86,9.6
NV,Nevada,1982,68.3,21.7,10.0
NV,Nevada,1983,67.49,22.26,10.26
NV,Nevada,1984,67.24,22.66,10.1
NV,Nevada,1985,66.71,23.07,10.22
NV,Nevada,1986,66.6,22.85,10.55
NV,Nevada,1987,67.75,21.91,10.33
NV,Nevada,1988,68.33,21.71,9.96
NV,Nevada,1989,67.36,22.43,10.21
NV,Nevada,1990,67.1,22.48,10.42
NV,Nevada,1991,66.0,22.31,11.69
NV,Nevada,1992,66.18,21.86,11.97
NV,Nevada,1993,66.43,21.89,11.69
NV,Nevada,1994,66.37,22.56,11.08
NV,Nevada,1995,66.15,22.92,10.93
NV,Nevada,1996,66.43,22.94,10.63
NV,Nevada,1997,66.92,22.71,10.37
NV,Nevada,1998,67.64,22.49,9.87
NV,Nevada,1999,68.91,21.57,9.52
NV,Nevada,2000,68.96,21.71,9.33
NV,Nevada,2001,68.94,21.08,9.98
NV,Nevada,2002,68.61,20.45,10.94
NV,Nevada,2003,68.0,20.97,11.03
NV,Nevada,2004,68.21,21.03,10.76
NV,Nevada,2005,67.85,21.77,10.39
NV,Nevada,2006,67.69,21.9,10.4
NV,Nevada,2007,66.58,22.51,10.91
NV,Nevada,2008,64.14,22.83,13.03
NV,Nevada,2009,63.12,21.1,15.78
NV,Nevada,2010,63.25,19.99,16.75
NV,Nevada,2011,62.78,20.86,16.36
NV,Nevada,2012,61.1,23.03,15.87
NV,Nevada,2013,62.08,21.73,16.19
NV,Nevada,2014,60.55,22.72,16.73
NV,Nevada,2015,59.6,23.5,16.9
NV,Nevada,2016,59.1,23.69,17.21
NV,Nevada,2017,59.3,23.8,16.91
NV,Nevada,2018,59.31,23.86,16.83
NV,Nevada,2019,59.11,24.06,16.83
NV,Nevada,2020,54.19,22.68,23.13
NV,Nevada,2021,55.01,22.43,22.56
NV,Nevada,2022,58.38,23.9,17.72
NV,Nevada,2023,56.97,26.06,16.98
NV,Nevada,2024,56.69,26.12,17.19
NV,Nevada,2025,56.27,25.94,17.79
NY,New York,1929,68.7,30.04,1.27
NY,New York,1930,68.68,29.92,1.41
NY,New York,1931,67.31,29.87,2.82
NY,New York,1932,64.95,32.13,2.92
NY,New York,1933,65.88,30.91,3.22
NY,New York,1934,68.85,27.89,3.26
NY,New York,1935,70.52,26.04,3.44
NY,New York,1936,70.42,25.38,4.2
NY,New York,1937,71.99,25.23,2.78
NY,New York,1938,72.84,23.45,3.71
NY,New York,1939,72.92,23.55,3.53
NY,New York,1940,74.32,22.22,3.46
NY,New York,1941,76.71,20.29,3.0
NY,New York,1942,80.72,16.79,2.48
NY,New York,1943,83.52,14.68,1.8
NY,New York,1944,84.02,14.03,1.95
NY,New York,1945,82.72,14.11,3.17
NY,New York,1946,80.35,14.31,5.34
NY,New York,1947,80.22,14.83,4.95
NY,New York,1948,82.14,12.79,5.07
NY,New York,1949,81.5,13.7,4.8
NY,New York,1950,80.65,14.06,5.29
NY,New York,1951,82.63,13.21,4.17
NY,New York,1952,82.63,13.33,4.04
NY,New York,1953,82.53,13.42,4.05
NY,New York,1954,81.41,14.09,4.5
NY,New York,1955,80.97,14.35,4.68
NY,New York,1956,81.22,14.06,4.72
NY,New York,1957,80.6,14.33,5.07
NY,New York,1958,79.98,14.02,6.0
NY,New York,1959,79.73,14.34,5.93
NY,New York,1960,79.37,14.8,5.83
NY,New York,1961,78.62,14.98,6.4
NY,New York,1962,78.05,15.72,6.23
NY,New York,1963,77.05,16.52,6.43
NY,New York,1964,76.65,17.03,6.32
NY,New York,1965,76.18,17.41,6.41
NY,New York,1966,75.91,17.2,6.89
NY,New York,1967,75.01,16.86,8.13
NY,New York,1968,74.4,16.59,9.01
NY,New York,1969,74.23,16.52,9.25
NY,New York,1970,73.7,16.39,9.91
NY,New York,1971,72.77,16.05,11.18
NY,New York,1972,72.58,15.76,11.66
NY,New York,1973,71.74,16.13,12.13
NY,New York,1974,70.19,16.75,13.06
NY,New York,1975,68.25,16.44,15.31
NY,New York,1976,68.3,16.29,15.41
NY,New York,1977,68.5,16.56,14.94
NY,New York,1978,69.04,16.59,14.37
NY,New York,1979,69.01,16.95,14.04
NY,New York,1980,67.54,17.98,14.48
NY,New York,1981,66.02,19.32,14.66
NY,New York,1982,65.0,20.24,14.76
NY,New York,1983,65.03,20.18,14.79
NY,New York,1984,64.86,20.97,14.18
NY,New York,1985,65.44,20.59,13.97
NY,New York,1986,66.21,19.93,13.86
NY,New York,1987,67.82,18.8,13.37
NY,New York,1988,67.93,19.13,12.93
NY,New York,1989,66.68,20.18,13.14
NY,New York,1990,66.92,19.63,13.45
NY,New York,1991,65.39,19.66,14.95
NY,New York,1992,65.89,18.28,15.83
NY,New York,1993,65.76,17.88,16.36
NY,New York,1994,65.29,18.07,16.64
NY,New York,1995,64.6,18.59,16.81
NY,New York,1996,64.77,18.58,16.66
NY,New York,1997,65.52,18.73,15.75
NY,New York,1998,65.74,18.7,15.55
NY,New York,1999,67.18,17.68,15.14
NY,New York,2000,67.65,17.62,14.73
NY,New York,2001,68.03,16.86,15.11
NY,New York,2002,67.92,15.6,16.48
NY,New York,2003,67.39,15.68,16.93
NY,New York,2004,67.01,15.53,17.46
NY,New York,2005,66.26,16.98,16.76
NY,New York,2006,65.63,17.92,16.45
NY,New York,2007,64.92,19.11,15.97
NY,New York,2008,63.68,19.25,17.06
NY,New York,2009,63.88,17.14,18.99
NY,New York,2010,64.38,16.27,19.35
NY,New York,2011,64.26,17.08,18.66
NY,New York,2012,64.0,18.27,17.73
NY,New York,2013,64.2,18.13,17.67
NY,New York,2014,63.78,18.77,17.45
NY,New York,2015,63.3,19.11,17.59
NY,New York,2016,63.23,19.35,17.42
NY,New York,2017,62.66,19.73,17.6
NY,New York,2018,63.44,20.09,16.47
NY,New York,2019,62.96,19.91,17.13
NY,New York,2020,59.52,17.98,22.5
NY,New York,2021,59.97,17.99,22.04
NY,New York,2022,61.94,19.61,18.45
NY,New York,2023,60.16,21.85,17.99
NY,New York,2024,60.46,21.9,17.65
NY,New York,2025,60.46,21.66,17.88
OH,Ohio,1929,80.42,18.07,1.51
OH,Ohio,1930,78.83,19.42,1.75
OH,Ohio,1931,77.34,19.02,3.64
OH,Ohio,1932,76.34,19.79,3.87
OH,Ohio,1933,79.59,16.56,3.86
OH,Ohio,1934,81.84,14.75,3.41
OH,Ohio,1935,82.52,13.75,3.74
OH,Ohio,1936,81.27,14.34,4.39
OH,Ohio,1937,82.63,14.81,2.56
OH,Ohio,1938,81.92,15.05,3.04
OH,Ohio,1939,81.4,15.27,3.33
OH,Ohio,1940,81.75,14.99,3.27
OH,Ohio,1941,83.3,14.17,2.52
OH,Ohio,1942,85.07,12.87,2.05
OH,Ohio,1943,87.33,11.05,1.62
OH,Ohio,1944,87.37,10.76,1.87
OH,Ohio,1945,85.71,11.11,3.18
OH,Ohio,1946,82.88,11.75,5.37
OH,Ohio,1947,84.46,10.65,4.89
OH,Ohio,1948,84.23,10.29,5.48
OH,Ohio,1949,83.12,11.71,5.17
OH,Ohio,1950,82.82,11.73,5.45
OH,Ohio,1951,85.26,10.8,3.94
OH,Ohio,1952,85.4,10.62,3.98
OH,Ohio,1953,85.44,10.65,3.91
OH,Ohio,1954,83.75,11.52,4.74
OH,Ohio,1955,83.62,11.7,4.67
OH,Ohio,1956,83.86,11.45,4.68
OH,Ohio,1957,82.83,11.87,5.31
OH,Ohio,1958,80.63,12.51,6.86
OH,Ohio,1959,81.38,12.55,6.07
OH,Ohio,1960,80.51,13.05,6.45
OH,Ohio,1961,79.14,13.5,7.36
OH,Ohio,1962,79.28,13.86,6.87
OH,Ohio,1963,79.1,14.12,6.78
OH,Ohio,1964,79.47,14.15,6.38
OH,Ohio,1965,79.85,13.91,6.25
OH,Ohio,1966,80.24,13.6,6.17
OH,Ohio,1967,79.5,13.64,6.87
OH,Ohio,1968,79.39,13.57,7.04
OH,Ohio,1969,79.62,13.44,6.94
OH,Ohio,1970,78.34,13.97,7.69
OH,Ohio,1971,77.29,14.16,8.54
OH,Ohio,1972,77.36,13.93,8.71
OH,Ohio,1973,76.91,13.96,9.13
OH,Ohio,1974,75.55,14.43,10.02
OH,Ohio,1975,73.41,14.6,11.99
OH,Ohio,1976,74.07,14.22,11.71
OH,Ohio,1977,74.69,14.2,11.11
OH,Ohio,1978,74.95,14.25,10.8
OH,Ohio,1979,74.32,14.51,11.16
OH,Ohio,1980,70.96,16.16,12.88
OH,Ohio,1981,68.73,18.1,13.16
OH,Ohio,1982,66.23,19.17,14.6
OH,Ohio,1983,65.73,19.52,14.74
OH,Ohio,1984,66.6,19.61,13.79
OH,Ohio,1985,66.81,19.35,13.84
OH,Ohio,1986,66.8,19.2,14.0
OH,Ohio,1987,67.69,18.38,13.93
OH,Ohio,1988,67.76,18.64,13.6
OH,Ohio,1989,67.01,19.51,13.49
OH,Ohio,1990,66.4,19.44,14.16
OH,Ohio,1991,66.08,19.01,14.91
OH,Ohio,1992,66.56,18.04,15.39
OH,Ohio,1993,66.62,18.01,15.37
OH,Ohio,1994,66.91,17.97,15.12
OH,Ohio,1995,66.35,18.44,15.22
OH,Ohio,1996,66.28,18.64,15.08
OH,Ohio,1997,66.54,18.78,14.68
OH,Ohio,1998,67.04,18.83,14.13
OH,Ohio,1999,68.23,17.62,14.16
OH,Ohio,2000,68.29,17.42,14.29
OH,Ohio,2001,67.89,16.98,15.13
OH,Ohio,2002,68.1,16.0,15.9
OH,Ohio,2003,68.16,15.66,16.18
OH,Ohio,2004,68.49,15.22,16.29
OH,Ohio,2005,68.0,15.2,16.8
OH,Ohio,2006,67.28,15.86,16.85
OH,Ohio,2007,66.32,16.47,17.21
OH,Ohio,2008,64.53,16.78,18.69
OH,Ohio,2009,63.44,15.59,20.96
OH,Ohio,2010,63.58,14.91,21.51
OH,Ohio,2011,63.78,15.49,20.73
OH,Ohio,2012,64.01,16.38,19.61
OH,Ohio,2013,64.64,15.62,19.74
OH,Ohio,2014,63.98,16.09,19.93
OH,Ohio,2015,63.69,16.43,19.89
OH,Ohio,2016,63.35,16.7,19.95
OH,Ohio,2017,63.28,17.04,19.69
OH,Ohio,2018,63.21,17.36,19.43
OH,Ohio,2019,62.8,17.48,19.73
OH,Ohio,2020,59.34,16.24,24.42
OH,Ohio,2021,58.52,16.95,24.53
OH,Ohio,2022,60.3,18.03,21.67
OH,Ohio,2023,59.64,19.29,21.07
OH,Ohio,2024,59.35,19.5,21.15
OH,Ohio,2025,58.97,19.33,21.7
OK,Oklahoma,1929,81.18,17.25,1.57
OK,Oklahoma,1930,79.62,18.38,2.0
OK,Oklahoma,1931,78.02,16.69,5.29
OK,Oklahoma,1932,78.71,16.52,4.77
OK,Oklahoma,1933,80.73,15.33,3.94
OK,Oklahoma,1934,81.66,15.35,2.99
OK,Oklahoma,1935,84.22,13.22,2.56
OK,Oklahoma,1936,78.33,15.44,6.23
OK,Oklahoma,1937,81.51,14.96,3.53
OK,Oklahoma,1938,80.49,15.81,3.7
OK,Oklahoma,1939,80.02,15.67,4.31
OK,Oklahoma,1940,81.28,14.44,4.28
OK,Oklahoma,1941,83.36,12.68,3.96
OK,Oklahoma,1942,86.37,10.69,2.94
OK,Oklahoma,1943,88.11,9.63,2.25
OK,Oklahoma,1944,88.39,9.01,2.6
OK,Oklahoma,1945,85.85,9.45,4.7
OK,Oklahoma,1946,79.81,10.86,9.33
OK,Oklahoma,1947,80.03,10.76,9.21
OK,Oklahoma,1948,81.91,9.94,8.14
OK,Oklahoma,1949,81.02,10.75,8.23
OK,Oklahoma,1950,79.73,11.35,8.92
OK,Oklahoma,1951,82.71,10.47,6.82
OK,Oklahoma,1952,82.71,10.79,6.5
OK,Oklahoma,1953,81.19,11.96,6.85
OK,Oklahoma,1954,80.28,12.82,6.9
OK,Oklahoma,1955,80.34,12.35,7.31
OK,Oklahoma,1956,79.78,12.9,7.32
OK,Oklahoma,1957,79.22,13.02,7.76
OK,Oklahoma,1958,78.59,13.54,7.87
OK,Oklahoma,1959,77.62,14.2,8.17
OK,Oklahoma,1960,76.98,14.82,8.2
OK,Oklahoma,1961,76.3,14.98,8.72
OK,Oklahoma,1962,76.14,15.02,8.84
OK,Oklahoma,1963,75.86,15.0,9.14
OK,Oklahoma,1964,76.01,15.09,8.9
OK,Oklahoma,1965,75.99,15.12,8.89
OK,Oklahoma,1966,75.89,14.91,9.2
OK,Oklahoma,1967,75.6,14.3,10.1
OK,Oklahoma,1968,75.39,14.22,10.39
OK,Oklahoma,1969,74.97,14.91,10.12
OK,Oklahoma,1970,73.89,15.59,10.52
OK,Oklahoma,1971,72.8,16.07,11.12
OK,Oklahoma,1972,73.33,15.55,11.12
OK,Oklahoma,1973,73.01,15.88,11.11
OK,Oklahoma,1974,71.68,16.51,11.82
OK,Oklahoma,1975,70.56,16.4,13.04
OK,Oklahoma,1976,70.73,16.3,12.97
OK,Oklahoma,1977,71.14,16.46,12.4
OK,Oklahoma,1978,71.45,16.8,11.76
OK,Oklahoma,1979,71.76,16.62,11.63
OK,Oklahoma,1980,70.38,17.95,11.67
OK,Oklahoma,1981,69.31,19.33,11.35
OK,Oklahoma,1982,68.04,20.49,11.47
OK,Oklahoma,1983,66.15,21.56,12.28
OK,Oklahoma,1984,66.04,22.06,11.89
OK,Oklahoma,1985,65.21,22.58,12.21
OK,Oklahoma,1986,65.15,21.95,12.9
OK,Oklahoma,1987,65.32,21.19,13.49
OK,Oklahoma,1988,65.14,21.19,13.67
OK,Oklahoma,1989,64.68,21.64,13.68
OK,Oklahoma,1990,64.76,21.29,13.96
OK,Oklahoma,1991,64.51,20.69,14.8
OK,Oklahoma,1992,64.72,19.69,15.59
OK,Oklahoma,1993,65.02,19.21,15.77
OK,Oklahoma,1994,64.55,19.4,16.05
OK,Oklahoma,1995,63.41,19.97,16.62
OK,Oklahoma,1996,63.6,19.93,16.47
OK,Oklahoma,1997,64.36,19.66,15.98
OK,Oklahoma,1998,64.39,20.15,15.46
OK,Oklahoma,1999,64.4,19.87,15.73
OK,Oklahoma,2000,64.16,20.49,15.36
OK,Oklahoma,2001,64.18,19.88,15.95
OK,Oklahoma,2002,64.25,19.1,16.64
OK,Oklahoma,2003,64.37,18.74,16.89
OK,Oklahoma,2004,65.09,18.39,16.52
OK,Oklahoma,2005,65.43,18.34,16.23
OK,Oklahoma,2006,65.35,18.59,16.06
OK,Oklahoma,2007,63.34,20.03,16.63
OK,Oklahoma,2008,63.65,19.6,16.75
OK,Oklahoma,2009,61.59,18.92,19.49
OK,Oklahoma,2010,61.69,18.47,19.84
OK,Oklahoma,2011,62.13,19.21,18.66
OK,Oklahoma,2012,62.54,19.53,17.93
OK,Oklahoma,2013,64.24,18.31,17.44
OK,Oklahoma,2014,64.43,18.58,16.99
OK,Oklahoma,2015,63.38,18.53,18.09
OK,Oklahoma,2016,61.45,18.95,19.6
OK,Oklahoma,2017,61.42,19.06,19.52
OK,Oklahoma,2018,61.48,19.3,19.22
OK,Oklahoma,2019,61.31,19.11,19.58
OK,Oklahoma,2020,58.22,18.14,23.64
OK,Oklahoma,2021,57.73,17.71,24.56
OK,Oklahoma,2022,60.43,18.02,21.55
OK,Oklahoma,2023,59.34,19.6,21.07
OK,Oklahoma,2024,58.98,19.59,21.43
OK,Oklahoma,2025,58.56,19.25,22.19
OR,Oregon,1929,82.61,15.66,1.73
OR,Oregon,1930,81.83,16.25,1.92
OR,Oregon,1931,79.32,16.1,4.58
OR,Oregon,1932,78.82,16.9,4.28
OR,Oregon,1933,79.02,16.66,4.32
OR,Oregon,1934,82.36,14.09,3.56
OR,Oregon,1935,83.04,13.61,3.35
OR,Oregon,1936,82.54,12.19,5.27
OR,Oregon,1937,84.56,12.41,3.04
OR,Oregon,1938,83.18,12.69,4.13
OR,Oregon,1939,83.37,12.82,3.81
OR,Oregon,1940,83.08,13.11,3.81
OR,Oregon,1941,85.29,11.92,2.79
OR,Oregon,1942,88.53,9.61,1.86
OR,Oregon,1943,90.45,8.16,1.38
OR,Oregon,1944,89.73,8.5,1.77
OR,Oregon,1945,87.85,8.91,3.23
OR,Oregon,1946,84.89,9.36,5.76
OR,Oregon,1947,84.94,9.66,5.4
OR,Oregon,1948,84.15,11.4,4.45
OR,Oregon,1949,81.31,13.45,5.24
OR,Oregon,1950,81.3,12.83,5.88
OR,Oregon,1951,83.18,12.37,4.44
OR,Oregon,1952,81.9,12.24,5.86
OR,Oregon,1953,81.04,13.81,5.15
OR,Oregon,1954,80.38,14.02,5.6
OR,Oregon,1955,80.08,14.29,5.63
OR,Oregon,1956,79.93,14.34,5.73
OR,Oregon,1957,78.59,14.58,6.83
OR,Oregon,1958,77.38,15.07,7.55
OR,Oregon,1959,77.76,15.19,7.05
OR,Oregon,1960,77.25,15.5,7.25
OR,Oregon,1961,76.05,15.86,8.08
OR,Oregon,1962,76.24,15.98,7.78
OR,Oregon,1963,76.4,15.98,7.62
OR,Oregon,1964,76.86,15.81,7.34
OR,Oregon,1965,77.35,15.36,7.29
OR,Oregon,1966,77.51,15.18,7.31
OR,Oregon,1967,76.22,15.56,8.21
OR,Oregon,1968,76.14,15.36,8.5
OR,Oregon,1969,75.17,16.38,8.45
OR,Oregon,1970,73.25,17.32,9.43
OR,Oregon,1971,72.65,17.41,9.93
OR,Oregon,1972,73.25,17.02,9.73
OR,Oregon,1973,72.75,17.01,10.24
OR,Oregon,1974,71.4,17.46,11.14
OR,Oregon,1975,69.43,17.83,12.74
OR,Oregon,1976,70.44,17.25,12.31
OR,Oregon,1977,70.61,17.49,11.9
OR,Oregon,1978,70.9,17.77,11.33
OR,Oregon,1979,70.6,18.16,11.24
OR,Oregon,1980,68.23,19.72,12.04
OR,Oregon,1981,64.97,22.11,12.92
OR,Oregon,1982,62.38,23.46,14.16
OR,Oregon,1983,61.85,23.85,14.3
OR,Oregon,1984,62.34,24.02,13.65
OR,Oregon,1985,62.41,24.01,13.59
OR,Oregon,1986,63.16,23.7,13.14
OR,Oregon,1987,64.4,22.62,12.98
OR,Oregon,1988,64.91,22.44,12.65
OR,Oregon,1989,63.99,23.34,12.66
OR,Oregon,1990,64.49,22.77,12.74
OR,Oregon,1991,64.32,22.3,13.39
OR,Oregon,1992,64.79,21.26,13.95
OR,Oregon,1993,64.79,21.28,13.92
OR,Oregon,1994,64.94,21.56,13.5
OR,Oregon,1995,63.92,22.18,13.9
OR,Oregon,1996,64.19,22.09,13.71
OR,Oregon,1997,65.14,21.53,13.32
OR,Oregon,1998,65.58,21.3,13.12
OR,Oregon,1999,66.75,19.45,13.8
OR,Oregon,2000,67.13,19.4,13.46
OR,Oregon,2001,66.48,18.83,14.68
OR,Oregon,2002,66.4,17.95,15.66
OR,Oregon,2003,66.32,18.16,15.52
OR,Oregon,2004,66.56,18.32,15.13
OR,Oregon,2005,66.69,18.09,15.22
OR,Oregon,2006,65.9,19.09,15.01
OR,Oregon,2007,64.97,19.63,15.4
OR,Oregon,2008,62.52,20.41,17.07
OR,Oregon,2009,60.99,18.86,20.15
OR,Oregon,2010,60.67,18.1,21.23
OR,Oregon,2011,60.79,18.79,20.42
OR,Oregon,2012,61.16,19.41,19.43
OR,Oregon,2013,61.4,18.74,19.85
OR,Oregon,2014,60.55,19.1,20.35
OR,Oregon,2015,60.47,19.33,20.2
OR,Oregon,2016,60.72,19.42,19.86
OR,Oregon,2017,60.68,20.0,19.33
OR,Oregon,2018,60.75,20.01,19.24
OR,Oregon,2019,60.94,19.58,19.47
OR,Oregon,2020,57.91,18.38,23.7
OR,Oregon,2021,57.41,18.91,23.68
OR,Oregon,2022,59.42,19.51,21.08
OR,Oregon,2023,58.33,20.78,20.89
OR,Oregon,2024,57.9,20.87,21.24
OR,Oregon,2025,57.3,20.74,21.96
PA,Pennsylvania,1929,74.66,24.05,1.29
PA,Pennsylvania,1930,73.65,24.92,1.43
PA,Pennsylvania,1931,71.3,25.54,3.16
PA,Pennsylvania,1932,69.48,27.22,3.3
PA,Pennsylvania,1933,71.26,24.97,3.77
PA,Pennsylvania,1934,73.74,22.7,3.57
PA,Pennsylvania,1935,75.2,20.37,4.44
PA,Pennsylvania,1936,76.21,19.45,4.34
PA,Pennsylvania,1937,78.23,19.01,2.75
PA,Pennsylvania,1938,77.16,18.41,4.43
PA,Pennsylvania,1939,77.16,18.63,4.21
PA,Pennsylvania,1940,78.83,17.54,3.63
PA,Pennsylvania,1941,81.67,15.5,2.82
PA,Pennsylvania,1942,84.22,13.65,2.13
PA,Pennsylvania,1943,86.18,12.1,1.72
PA,Pennsylvania,1944,86.25,11.79,1.96
PA,Pennsylvania,1945,84.3,12.17,3.53
PA,Pennsylvania,1946,81.21,12.21,6.58
PA,Pennsylvania,1947,82.31,12.1,5.59
PA,Pennsylvania,1948,85.5,9.81,4.69
PA,Pennsylvania,1949,83.58,10.6,5.82
PA,Pennsylvania,1950,80.9,10.93,8.18
PA,Pennsylvania,1951,84.76,10.54,4.7
PA,Pennsylvania,1952,84.88,10.55,4.57
PA,Pennsylvania,1953,84.56,11.05,4.39
PA,Pennsylvania,1954,82.44,11.89,5.67
PA,Pennsylvania,1955,82.41,11.91,5.69
PA,Pennsylvania,1956,82.38,12.11,5.51
PA,Pennsylvania,1957,82.1,11.89,6.01
PA,Pennsylvania,1958,80.59,11.91,7.5
PA,Pennsylvania,1959,80.46,12.12,7.41
PA,Pennsylvania,1960,80.22,12.42,7.36
PA,Pennsylvania,1961,79.16,12.66,8.18
PA,Pennsylvania,1962,79.11,13.11,7.78
PA,Pennsylvania,1963,78.59,13.64,7.77
PA,Pennsylvania,1964,78.93,13.76,7.31
PA,Pennsylvania,1965,78.95,13.9,7.15
PA,Pennsylvania,1966,79.15,13.65,7.2
PA,Pennsylvania,1967,78.3,13.69,8.01
PA,Pennsylvania,1968,77.84,13.72,8.43
PA,Pennsylvania,1969,77.61,13.59,8.8
PA,Pennsylvania,1970,76.13,13.81,10.06
PA,Pennsylvania,1971,74.95,13.91,11.14
PA,Pennsylvania,1972,74.8,13.66,11.54
PA,Pennsylvania,1973,74.4,13.83,11.78
PA,Pennsylvania,1974,73.24,14.23,12.53
PA,Pennsylvania,1975,71.28,14.18,14.54
PA,Pennsylvania,1976,71.24,13.96,14.8
PA,Pennsylvania,1977,71.53,14.14,14.33
PA,Pennsylvania,1978,71.89,14.15,13.96
PA,Pennsylvania,1979,71.44,14.35,14.21
PA,Pennsylvania,1980,69.05,16.08,14.87
PA,Pennsylvania,1981,66.93,17.9,15.17
PA,Pennsylvania,1982,64.15,19.58,16.27
PA,Pennsylvania,1983,63.61,19.61,16.77
PA,Pennsylvania,1984,64.19,20.16,15.65
PA,Pennsylvania,1985,64.07,20.48,15.45
PA,Pennsylvania,1986,64.17,20.34,15.49
PA,Pennsylvania,1987,65.71,19.27,15.01
PA,Pennsylvania,1988,65.95,19.5,14.56
PA,Pennsylvania,1989,65.24,20.46,14.3
PA,Pennsylvania,1990,64.93,20.35,14.72
PA,Pennsylvania,1991,63.92,19.77,16.31
PA,Pennsylvania,1992,64.83,18.7,16.47
PA,Pennsylvania,1993,64.77,18.52,16.71
PA,Pennsylvania,1994,64.91,18.56,16.53
PA,Pennsylvania,1995,64.43,19.06,16.51
PA,Pennsylvania,1996,64.17,19.13,16.7
PA,Pennsylvania,1997,64.48,19.28,16.24
PA,Pennsylvania,1998,64.95,19.43,15.62
PA,Pennsylvania,1999,66.06,18.27,15.66
PA,Pennsylvania,2000,65.97,18.49,15.54
PA,Pennsylvania,2001,66.24,17.82,15.94
PA,Pennsylvania,2002,66.59,16.82,16.59
PA,Pennsylvania,2003,66.8,16.51,16.69
PA,Pennsylvania,2004,67.68,15.95,16.37
PA,Pennsylvania,2005,67.63,15.47,16.9
PA,Pennsylvania,2006,66.62,16.48,16.9
PA,Pennsylvania,2007,65.79,17.23,16.98
PA,Pennsylvania,2008,64.23,17.59,18.17
PA,Pennsylvania,2009,63.51,16.28,20.21
PA,Pennsylvania,2010,63.8,15.46,20.74
PA,Pennsylvania,2011,64.2,16.01,19.79
PA,Pennsylvania,2012,64.06,16.86,19.09
PA,Pennsylvania,2013,64.93,15.85,19.22
PA,Pennsylvania,2014,64.5,16.33,19.17
PA,Pennsylvania,2015,64.33,16.36,19.31
PA,Pennsylvania,2016,63.91,16.36,19.73
PA,Pennsylvania,2017,63.91,16.73,19.36
PA,Pennsylvania,2018,63.06,17.27,19.67
PA,Pennsylvania,2019,63.06,17.25,19.69
PA,Pennsylvania,2020,58.44,16.61,24.94
PA,Pennsylvania,2021,58.58,16.72,24.7
PA,Pennsylvania,2022,60.9,17.59,21.51
PA,Pennsylvania,2023,59.2,19.55,21.25
PA,Pennsylvania,2024,59.47,19.85,20.68
PA,Pennsylvania,2025,58.93,19.51,21.56
RI,Rhode Island,1929,73.7,25.17,1.13
RI,Rhode Island,1930,71.83,26.9,1.27
RI,Rhode Island,1931,68.6,28.68,2.72
RI,Rhode Island,1932,65.47,32.13,2.41
RI,Rhode Island,1933,67.67,30.09,2.24
RI,Rhode Island,1934,70.65,27.33,2.02
RI,Rhode Island,1935,73.18,24.84,1.98
RI,Rhode Island,1936,72.15,24.15,3.7
RI,Rhode Island,1937,73.96,23.89,2.16
RI,Rhode Island,1938,73.32,22.67,4.01
RI,Rhode Island,1939,73.41,23.24,3.35
RI,Rhode Island,1940,73.86,22.53,3.61
RI,Rhode Island,1941,79.21,18.54,2.24
RI,Rhode Island,1942,84.61,13.48,1.91
RI,Rhode Island,1943,86.79,11.62,1.59
RI,Rhode Island,1944,86.18,11.7,2.12
RI,Rhode Island,1945,83.78,12.52,3.7
RI,Rhode Island,1946,80.35,13.08,6.57
RI,Rhode Island,1947,78.44,13.65,7.91
RI,Rhode Island,1948,80.45,13.34,6.21
RI,Rhode Island,1949,77.94,14.06,8.0
RI,Rhode Island,1950,79.06,13.17,7.76
RI,Rhode Island,1951,81.13,12.77,6.1
RI,Rhode Island,1952,82.23,11.98,5.79
RI,Rhode Island,1953,81.45,13.07,5.47
RI,Rhode Island,1954,79.83,13.69,6.48
RI,Rhode Island,1955,79.01,14.83,6.16
RI,Rhode Island,1956,79.62,13.96,6.42
RI,Rhode Island,1957,77.84,14.59,7.57
RI,Rhode Island,1958,77.55,14.54,7.91
RI,Rhode Island,1959,78.24,14.38,7.38
RI,Rhode Island,1960,78.39,14.15,7.47
RI,Rhode Island,1961,77.54,14.56,7.89
RI,Rhode Island,1962,77.2,15.35,7.45
RI,Rhode Island,1963,76.07,16.37,7.56
RI,Rhode Island,1964,76.44,16.27,7.29
RI,Rhode Island,1965,76.36,16.37,7.26
RI,Rhode Island,1966,76.9,15.76,7.34
RI,Rhode Island,1967,76.09,15.69,8.23
RI,Rhode Island,1968,75.86,15.4,8.74
RI,Rhode Island,1969,74.52,16.2,9.28
RI,Rhode Island,1970,73.1,16.57,10.33
RI,Rhode Island,1971,72.0,16.54,11.45
RI,Rhode Island,1972,72.22,16.23,11.55
RI,Rhode Island,1973,71.01,16.61,12.38
RI,Rhode Island,1974,68.86,17.27,13.87
RI,Rhode Island,1975,66.0,17.07,16.92
RI,Rhode Island,1976,67.43,16.72,15.86
RI,Rhode Island,1977,67.82,17.01,15.17
RI,Rhode Island,1978,68.26,16.97,14.77
RI,Rhode Island,1979,68.15,17.07,14.78
RI,Rhode Island,1980,66.08,18.68,15.23
RI,Rhode Island,1981,63.71,20.64,15.65
RI,Rhode Island,1982,62.47,21.58,15.95
RI,Rhode Island,1983,62.78,21.51,15.71
RI,Rhode Island,1984,63.25,22.02,14.72
RI,Rhode Island,1985,64.05,21.45,14.5
RI,Rhode Island,1986,64.78,21.15,14.07
RI,Rhode Island,1987,66.03,20.39,13.57
RI,Rhode Island,1988,65.87,20.97,13.16
RI,Rhode Island,1989,64.2,22.62,13.18
RI,Rhode Island,1990,63.57,22.29,14.14
RI,Rhode Island,1991,61.72,21.27,17.0
RI,Rhode Island,1992,62.62,20.41,16.97
RI,Rhode Island,1993,62.24,20.09,17.67
RI,Rhode Island,1994,62.87,19.99,17.14
RI,Rhode Island,1995,62.48,20.35,17.17
RI,Rhode Island,1996,62.44,20.62,16.93
RI,Rhode Island,1997,62.36,20.63,17.01
RI,Rhode Island,1998,63.39,20.5,16.1
RI,Rhode Island,1999,64.89,19.07,16.04
RI,Rhode Island,2000,65.32,19.24,15.44
RI,Rhode Island,2001,64.88,18.74,16.38
RI,Rhode Island,2002,65.58,17.99,16.43
RI,Rhode Island,2003,65.81,18.1,16.09
RI,Rhode Island,2004,66.23,17.43,16.34
RI,Rhode Island,2005,66.33,16.98,16.69
RI,Rhode Island,2006,66.09,17.42,16.49
RI,Rhode Island,2007,64.52,18.16,17.32
RI,Rhode Island,2008,62.45,18.67,18.88
RI,Rhode Island,2009,61.57,17.54,20.9
RI,Rhode Island,2010,62.03,16.84,21.13
RI,Rhode Island,2011,62.23,17.23,20.53
RI,Rhode Island,2012,62.72,17.65,19.63
RI,Rhode Island,2013,63.08,16.99,19.93
RI,Rhode Island,2014,62.15,17.18,20.67
RI,Rhode Island,2015,62.28,17.36,20.36
RI,Rhode Island,2016,62.31,17.58,20.11
RI,Rhode Island,2017,62.12,17.98,19.9
RI,Rhode Island,2018,62.29,18.13,19.59
RI,Rhode Island,2019,62.41,18.18,19.41
RI,Rhode Island,2020,58.94,16.9,24.16
RI,Rhode Island,2021,59.22,16.46,24.32
RI,Rhode Island,2022,61.82,17.64,20.54
RI,Rhode Island,2023,60.28,19.57,20.15
RI,Rhode Island,2024,60.37,19.62,20.01
RI,Rhode Island,2025,59.73,19.43,20.84
SC,South Carolina,1929,86.51,11.9,1.59
SC,South Carolina,1930,85.4,12.63,1.97
SC,South Carolina,1931,81.23,13.38,5.4
SC,South Carolina,1932,81.24,14.01,4.75
SC,South Carolina,1933,85.35,10.87,3.78
SC,South Carolina,1934,86.89,9.9,3.21
SC,South Carolina,1935,87.91,9.48,2.61
SC,South Carolina,1936,86.05,8.86,5.09
SC,South Carolina,1937,88.42,9.25,2.33
SC,South Carolina,1938,87.34,9.74,2.92
SC,South Carolina,1939,86.82,10.3,2.88
SC,South Carolina,1940,87.97,9.35,2.68
SC,South Carolina,1941,90.14,8.01,1.85
SC,South Carolina,1942,91.97,6.67,1.36
SC,South Carolina,1943,92.6,6.15,1.25
SC,South Carolina,1944,92.46,5.92,1.62
SC,South Carolina,1945,90.45,6.37,3.18
SC,South Carolina,1946,86.68,7.16,6.17
SC,South Carolina,1947,85.76,7.49,6.76
SC,South Carolina,1948,86.34,7.85,5.81
SC,South Carolina,1949,84.41,8.73,6.86
SC,South Carolina,1950,83.39,8.81,7.8
SC,South Carolina,1951,87.02,8.05,4.94
SC,South Carolina,1952,87.54,8.1,4.35
SC,South Carolina,1953,87.02,8.77,4.21
SC,South Carolina,1954,85.36,9.72,4.92
SC,South Carolina,1955,85.38,9.64,4.97
SC,South Carolina,1956,84.91,9.99,5.09
SC,South Carolina,1957,84.08,10.34,5.58
SC,South Carolina,1958,82.98,11.02,6.0
SC,South Carolina,1959,83.03,11.11,5.86
SC,South Carolina,1960,82.64,11.49,5.87
SC,South Carolina,1961,81.82,11.82,6.35
SC,South Carolina,1962,81.66,12.03,6.3
SC,South Carolina,1963,81.34,12.27,6.39
SC,South Carolina,1964,81.65,12.13,6.23
SC,South Carolina,1965,81.65,12.2,6.14
SC,South Carolina,1966,82.33,11.64,6.03
SC,South Carolina,1967,81.76,11.69,6.55
SC,South Carolina,1968,81.72,11.34,6.93
SC,South Carolina,1969,80.99,11.95,7.06
SC,South Carolina,1970,79.01,13.01,7.98
SC,South Carolina,1971,78.35,13.17,8.48
SC,South Carolina,1972,78.37,13.13,8.5
SC,South Carolina,1973,77.84,13.23,8.93
SC,South Carolina,1974,76.55,13.49,9.96
SC,South Carolina,1975,73.5,13.89,12.6
SC,South Carolina,1976,74.43,13.6,11.97
SC,South Carolina,1977,74.66,13.89,11.44
SC,South Carolina,1978,74.79,14.09,11.12
SC,South Carolina,1979,74.33,14.23,11.44
SC,South Carolina,1980,72.21,15.37,12.42
SC,South Carolina,1981,70.66,16.59,12.75
SC,South Carolina,1982,68.92,17.91,13.17
SC,South Carolina,1983,68.81,18.26,12.93
SC,South Carolina,1984,69.24,18.52,12.24
SC,South Carolina,1985,68.78,18.82,12.39
SC,South Carolina,1986,68.79,18.98,12.23
SC,South Carolina,1987,69.86,18.39,11.75
SC,South Carolina,1988,69.86,18.63,11.51
SC,South Carolina,1989,68.39,19.37,12.24
SC,South Carolina,1990,68.09,19.29,12.62
SC,South Carolina,1991,67.03,19.12,13.84
SC,South Carolina,1992,66.89,18.46,14.65
SC,South Carolina,1993,66.66,18.4,14.93
SC,South Carolina,1994,66.14,18.56,15.3
SC,South Carolina,1995,65.74,18.82,15.45
SC,South Carolina,1996,65.28,19.07,15.64
SC,South Carolina,1997,65.31,19.29,15.4
SC,South Carolina,1998,65.42,19.48,15.09
SC,South Carolina,1999,66.47,18.26,15.27
SC,South Carolina,2000,66.15,18.5,15.34
SC,South Carolina,2001,65.33,18.13,16.54
SC,South Carolina,2002,64.99,17.56,17.45
SC,South Carolina,2003,65.28,17.02,17.7
SC,South Carolina,2004,64.83,17.04,18.12
SC,South Carolina,2005,64.35,17.26,18.39
SC,South Carolina,2006,63.39,18.16,18.45
SC,South Carolina,2007,62.63,18.95,18.42
SC,South Carolina,2008,60.65,19.08,20.26
SC,South Carolina,2009,59.25,17.83,22.92
SC,South Carolina,2010,58.98,17.0,24.02
SC,South Carolina,2011,59.26,17.77,22.98
SC,South Carolina,2012,60.03,17.98,22.0
SC,South Carolina,2013,60.21,17.46,22.33
SC,South Carolina,2014,59.64,18.01,22.35
SC,South Carolina,2015,59.48,18.17,22.35
SC,South Carolina,2016,59.43,18.46,22.11
SC,South Carolina,2017,59.47,18.78,21.75
SC,South Carolina,2018,59.3,18.76,21.94
SC,South Carolina,2019,58.66,19.35,21.99
SC,South Carolina,2020,55.53,18.57,25.9
SC,South Carolina,2021,54.43,19.2,26.37
SC,South Carolina,2022,56.27,20.19,23.54
SC,South Carolina,2023,55.35,21.67,22.98
SC,South Carolina,2024,55.03,21.63,23.34
SC,South Carolina,2025,54.82,21.52,23.66
SD,South Dakota,1929,88.75,9.4,1.85
SD,South Dakota,1930,86.49,11.36,2.14
SD,South Dakota,1931,78.53,14.49,6.98
SD,South Dakota,1932,79.3,15.13,5.58
SD,South Dakota,1933,76.49,16.91,6.6
SD,South Dakota,1934,82.12,13.24,4.64
SD,South Dakota,1935,88.04,8.9,3.06
SD,South Dakota,1936,77.85,11.71,10.44
SD,South Dakota,1937,84.05,9.45,6.51
SD,South Dakota,1938,83.86,9.58,6.56
SD,South Dakota,1939,85.04,9.69,5.28
SD,South Dakota,1940,85.15,10.17,4.67
SD,South Dakota,1941,87.81,9.0,3.2
SD,South Dakota,1942,91.44,6.59,1.97
SD,South Dakota,1943,91.06,7.19,1.76
SD,South Dakota,1944,91.52,6.51,1.97
SD,South Dakota,1945,90.61,6.38,3.01
SD,South Dakota,1946,87.12,7.96,4.92
SD,South Dakota,1947,87.88,7.74,4.39
SD,South Dakota,1948,87.86,9.03,3.11
SD,South Dakota,1949,83.22,11.21,5.57
SD,South Dakota,1950,83.08,11.2,5.72
SD,South Dakota,1951,85.19,11.01,3.81
SD,South Dakota,1952,82.42,13.16,4.41
SD,South Dakota,1953,82.21,13.66,4.12
SD,South Dakota,1954,80.76,14.97,4.27
SD,South Dakota,1955,79.24,15.04,5.72
SD,South Dakota,1956,78.71,15.65,5.64
SD,South Dakota,1957,81.0,13.42,5.58
SD,South Dakota,1958,79.61,14.21,6.19
SD,South Dakota,1959,76.55,15.89,7.56
SD,South Dakota,1960,78.62,14.92,6.47
SD,South Dakota,1961,77.66,15.26,7.08
SD,South Dakota,1962,79.08,14.35,6.56
SD,South Dakota,1963,77.27,15.56,7.17
SD,South Dakota,1964,76.02,16.45,7.54
SD,South Dakota,1965,76.77,15.92,7.31
SD,South Dakota,1966,77.45,15.21,7.34
SD,South Dakota,1967,75.82,15.54,8.63
SD,South Dakota,1968,76.05,14.68,9.26
SD,South Dakota,1969,75.19,15.45,9.35
SD,South Dakota,1970,74.08,16.09,9.83
SD,South Dakota,1971,73.65,16.03,10.32
SD,South Dakota,1972,74.74,15.37,9.89
SD,South Dakota,1973,76.91,14.01,9.08
SD,South Dakota,1974,72.75,16.66,10.59
SD,South Dakota,1975,71.3,17.21,11.49
SD,South Dakota,1976,68.35,18.86,12.78
SD,South Dakota,1977,69.17,18.95,11.88
SD,South Dakota,1978,70.28,18.54,11.18
SD,South Dakota,1979,69.45,19.09,11.46
SD,South Dakota,1980,63.19,23.5,13.31
SD,South Dakota,1981,61.79,25.11,13.1
SD,South Dakota,1982,59.08,27.1,13.82
SD,South Dakota,1983,59.07,26.6,14.32
SD,South Dakota,1984,61.31,25.36,13.33
SD,South Dakota,1985,60.78,25.41,13.81
SD,South Dakota,1986,61.03,25.18,13.79
SD,South Dakota,1987,62.9,23.56,13.54
SD,South Dakota,1988,62.71,23.76,13.53
SD,South Dakota,1989,61.87,24.34,13.78
SD,South Dakota,1990,63.15,23.45,13.41
SD,South Dakota,1991,63.0,23.17,13.82
SD,South Dakota,1992,64.18,21.91,13.92
SD,South Dakota,1993,64.11,21.88,14.01
SD,South Dakota,1994,65.03,21.22,13.75
SD,South Dakota,1995,62.58,23.01,14.41
SD,South Dakota,1996,63.93,22.29,13.78
SD,South Dakota,1997,63.06,23.12,13.82
SD,South Dakota,1998,63.6,23.2,13.2
SD,South Dakota,1999,63.87,23.02,13.11
SD,South Dakota,2000,63.56,23.28,13.16
SD,South Dakota,2001,62.41,23.83,13.75
SD,South Dakota,2002,62.25,23.08,14.67
SD,South Dakota,2003,63.91,22.22,13.87
SD,South Dakota,2004,64.77,21.64,13.59
SD,South Dakota,2005,64.52,21.74,13.74
SD,South Dakota,2006,62.94,22.89,14.17
SD,South Dakota,2007,62.87,23.42,13.71
SD,South Dakota,2008,62.0,23.52,14.49
SD,South Dakota,2009,62.38,22.0,15.62
SD,South Dakota,2010,62.75,21.33,15.93
SD,South Dakota,2011,64.31,20.82,14.87
SD,South Dakota,2012,62.97,22.48,14.55
SD,South Dakota,2013,64.19,21.08,14.74
SD,South Dakota,2014,63.17,21.93,14.91
SD,South Dakota,2015,62.26,22.55,15.18
SD,South Dakota,2016,61.13,23.14,15.73
SD,South Dakota,2017,60.52,23.59,15.9
SD,South Dakota,2018,61.22,22.89,15.89
SD,South Dakota,2019,60.96,23.18,15.86
SD,South Dakota,2020,60.15,21.5,18.35
SD,South Dakota,2021,58.04,23.21,18.75
SD,South Dakota,2022,59.72,23.68,16.61
SD,South Dakota,2023,59.77,24.47,15.76
SD,South Dakota,2024,58.18,25.17,16.65
SD,South Dakota,2025,58.65,24.48,16.88
TN,Tennessee,1929,84.12,14.09,1.79
TN,Tennessee,1930,82.14,15.69,2.17
TN,Tennessee,1931,80.01,14.94,5.05
TN,Tennessee,1932,79.72,15.47,4.81
TN,Tennessee,1933,82.34,13.86,3.8
TN,Tennessee,1934,84.6,12.07,3.34
TN,Tennessee,1935,85.84,11.05,3.12
TN,Tennessee,1936,84.17,10.86,4.97
TN,Tennessee,1937,87.19,10.37,2.45
TN,Tennessee,1938,84.86,11.52,3.62
TN,Tennessee,1939,84.18,12.4,3.42
TN,Tennessee,1940,84.8,11.65,3.55
TN,Tennessee,1941,86.78,10.59,2.63
TN,Tennessee,1942,88.35,9.52,2.13
TN,Tennessee,1943,89.88,8.46,1.65
TN,Tennessee,1944,89.92,8.17,1.91
TN,Tennessee,1945,88.42,8.08,3.5
TN,Tennessee,1946,83.55,8.59,7.86
TN,Tennessee,1947,83.26,9.09,7.65
TN,Tennessee,1948,85.39,7.82,6.79
TN,Tennessee,1949,83.35,8.91,7.73
TN,Tennessee,1950,81.82,9.88,8.3
TN,Tennessee,1951,85.13,8.9,5.97
TN,Tennessee,1952,85.61,9.02,5.37
TN,Tennessee,1953,85.55,9.29,5.15
TN,Tennessee,1954,83.85,10.12,6.03
TN,Tennessee,1955,84.25,9.71,6.04
TN,Tennessee,1956,83.89,10.32,5.8
TN,Tennessee,1957,83.0,10.75,6.25
TN,Tennessee,1958,82.41,10.72,6.86
TN,Tennessee,1959,82.65,10.66,6.69
TN,Tennessee,1960,81.95,11.23,6.82
TN,Tennessee,1961,81.29,11.4,7.31
TN,Tennessee,1962,81.08,11.76,7.16
TN,Tennessee,1963,81.07,11.83,7.1
TN,Tennessee,1964,81.28,11.82,6.91
TN,Tennessee,1965,81.38,11.64,6.98
TN,Tennessee,1966,81.82,11.21,6.97
TN,Tennessee,1967,81.01,11.19,7.81
TN,Tennessee,1968,80.45,11.52,8.03
TN,Tennessee,1969,79.79,11.93,8.28
TN,Tennessee,1970,78.09,12.59,9.32
TN,Tennessee,1971,77.46,12.7,9.84
TN,Tennessee,1972,77.83,12.54,9.64
TN,Tennessee,1973,77.35,12.64,10.01
TN,Tennessee,1974,75.59,13.35,11.06
TN,Tennessee,1975,72.88,13.72,13.4
TN,Tennessee,1976,73.64,13.28,13.08
TN,Tennessee,1977,74.2,13.41,12.39
TN,Tennessee,1978,74.65,13.49,11.86
TN,Tennessee,1979,73.84,13.78,12.38
TN,Tennessee,1980,71.25,15.21,13.54
TN,Tennessee,1981,69.55,16.65,13.8
TN,Tennessee,1982,67.71,18.05,14.24
TN,Tennessee,1983,67.72,17.95,14.33
TN,Tennessee,1984,68.19,18.32,13.49
TN,Tennessee,1985,68.41,18.19,13.4
TN,Tennessee,1986,68.61,17.94,13.44
TN,Tennessee,1987,69.72,17.1,13.18
TN,Tennessee,1988,69.47,17.52,13.01
TN,Tennessee,1989,68.58,18.08,13.34
TN,Tennessee,1990,68.06,18.05,13.88
TN,Tennessee,1991,67.67,17.33,15.0
TN,Tennessee,1992,68.41,16.14,15.45
TN,Tennessee,1993,68.62,15.81,15.58
TN,Tennessee,1994,68.8,15.84,15.36
TN,Tennessee,1995,68.19,16.13,15.69
TN,Tennessee,1996,68.17,16.18,15.65
TN,Tennessee,1997,68.63,16.02,15.36
TN,Tennessee,1998,69.71,15.63,14.66
TN,Tennessee,1999,70.15,15.13,14.72
TN,Tennessee,2000,69.77,15.16,15.06
TN,Tennessee,2001,69.02,14.99,15.99
TN,Tennessee,2002,69.42,13.93,16.65
TN,Tennessee,2003,69.18,13.88,16.94
TN,Tennessee,2004,69.61,13.37,17.02
TN,Tennessee,2005,69.25,13.34,17.41
TN,Tennessee,2006,68.94,13.77,17.28
TN,Tennessee,2007,67.46,14.41,18.14
TN,Tennessee,2008,65.35,15.07,19.59
TN,Tennessee,2009,64.72,14.06,21.21
TN,Tennessee,2010,64.14,13.69,22.17
TN,Tennessee,2011,64.75,13.95,21.3
TN,Tennessee,2012,65.06,14.37,20.56
TN,Tennessee,2013,65.28,13.7,21.02
TN,Tennessee,2014,65.56,13.92,20.52
TN,Tennessee,2015,65.55,13.92,20.53
TN,Tennessee,2016,65.67,14.03,20.31
TN,Tennessee,2017,65.51,14.42,20.06
TN,Tennessee,2018,65.3,14.79,19.91
TN,Tennessee,2019,64.79,15.23,19.98
TN,Tennessee,2020,62.32,14.28,23.4
TN,Tennessee,2021,62.46,14.25,23.29
TN,Tennessee,2022,64.53,15.17,20.3
TN,Tennessee,2023,63.82,16.78,19.4
TN,Tennessee,2024,63.58,16.8,19.63
TN,Tennessee,2025,62.53,16.84,20.63
TX,Texas,1929,80.54,18.21,1.25
TX,Texas,1930,79.28,19.23,1.49
TX,Texas,1931,76.8,19.18,4.03
TX,Texas,1932,75.49,21.04,3.47
TX,Texas,1933,77.73,19.16,3.11
TX,Texas,1934,79.28,17.9,2.82
TX,Texas,1935,80.94,16.46,2.6
TX,Texas,1936,78.28,17.12,4.6
TX,Texas,1937,80.48,17.17,2.35
TX,Texas,1938,78.33,19.1,2.57
TX,Texas,1939,79.13,18.28,2.6
TX,Texas,1940,80.77,16.74,2.49
TX,Texas,1941,84.49,13.22,2.3
TX,Texas,1942,87.02,11.09,1.89
TX,Texas,1943,88.87,9.72,1.41
TX,Texas,1944,88.76,9.58,1.66
TX,Texas,1945,86.63,10.13,3.24
TX,Texas,1946,82.29,11.41,6.29
TX,Texas,1947,82.67,11.27,6.06
TX,Texas,1948,83.68,11.15,5.17
TX,Texas,1949,83.69,11.43,4.88
TX,Texas,1950,81.95,12.06,5.99
TX,Texas,1951,84.53,11.33,4.14
TX,Texas,1952,84.81,11.46,3.73
TX,Texas,1953,83.97,12.22,3.81
TX,Texas,1954,82.71,13.33,3.96
TX,Texas,1955,82.52,13.33,4.15
TX,Texas,1956,82.7,13.08,4.22
TX,Texas,1957,81.98,13.5,4.52
TX,Texas,1958,80.89,14.15,4.96
TX,Texas,1959,80.22,14.76,5.03
TX,Texas,1960,79.47,15.4,5.13
TX,Texas,1961,79.32,15.22,5.46
TX,Texas,1962,78.99,15.35,5.66
TX,Texas,1963,78.41,15.72,5.86
TX,Texas,1964,78.66,15.67,5.67
TX,Texas,1965,78.71,15.53,5.76
TX,Texas,1966,79.1,15.17,5.73
TX,Texas,1967,78.85,14.82,6.33
TX,Texas,1968,79.18,14.01,6.81
TX,Texas,1969,78.51,14.64,6.85
TX,Texas,1970,77.14,15.47,7.39
TX,Texas,1971,76.31,15.74,7.95
TX,Texas,1972,76.25,15.7,8.04
TX,Texas,1973,75.73,15.76,8.52
TX,Texas,1974,74.61,16.38,9.01
TX,Texas,1975,74.0,16.13,9.87
TX,Texas,1976,74.99,15.42,9.58
TX,Texas,1977,75.54,15.32,9.14
TX,Texas,1978,75.71,15.46,8.83
TX,Texas,1979,75.76,15.49,8.75
TX,Texas,1980,74.54,16.54,8.92
TX,Texas,1981,73.96,17.42,8.62
TX,Texas,1982,72.04,19.05,8.91
TX,Texas,1983,70.71,19.88,9.41
TX,Texas,1984,70.46,20.39,9.15
TX,Texas,1985,69.79,21.14,9.07
TX,Texas,1986,69.33,20.95,9.72
TX,Texas,1987,69.84,20.11,10.06
TX,Texas,1988,69.79,20.26,9.95
TX,Texas,1989,69.2,20.55,10.25
TX,Texas,1990,69.64,19.74,10.62
TX,Texas,1991,69.66,19.07,11.28
TX,Texas,1992,69.79,17.86,12.35
TX,Texas,1993,70.21,17.3,12.49
TX,Texas,1994,69.99,17.3,12.71
TX,Texas,1995,69.51,17.58,12.91
TX,Texas,1996,69.82,17.33,12.85
TX,Texas,1997,70.61,17.08,12.32
TX,Texas,1998,71.46,17.01,11.54
TX,Texas,1999,72.28,16.48,11.24
TX,Texas,2000,72.42,16.63,10.95
TX,Texas,2001,72.65,16.11,11.24
TX,Texas,2002,72.27,15.52,12.21
TX,Texas,2003,71.47,15.97,12.56
TX,Texas,2004,71.59,15.77,12.64
TX,Texas,2005,70.59,16.48,12.92
TX,Texas,2006,70.81,16.6,12.6
TX,Texas,2007,69.74,17.23,13.03
TX,Texas,2008,67.63,18.92,13.45
TX,Texas,2009,66.87,17.65,15.49
TX,Texas,2010,66.88,16.94,16.18
TX,Texas,2011,67.04,17.66,15.3
TX,Texas,2012,67.19,18.46,14.35
TX,Texas,2013,67.82,17.72,14.47
TX,Texas,2014,67.71,18.11,14.18
TX,Texas,2015,66.85,18.29,14.85
TX,Texas,2016,66.61,17.74,15.64
TX,Texas,2017,66.45,18.6,14.95
TX,Texas,2018,66.51,18.85,14.63
TX,Texas,2019,66.17,19.08,14.75
TX,Texas,2020,62.71,18.14,19.15
TX,Texas,2021,61.68,18.35,19.97
TX,Texas,2022,64.12,19.38,16.51
TX,Texas,2023,64.17,20.43,15.4
TX,Texas,2024,64.16,20.56,15.28
TX,Texas,2025,63.7,20.29,16.0
UT,Utah,1929,83.79,14.84,1.37
UT,Utah,1930,83.07,15.38,1.55
UT,Utah,1931,79.87,15.83,4.3
UT,Utah,1932,79.53,16.4,4.07
UT,Utah,1933,80.92,14.88,4.2
UT,Utah,1934,81.26,14.65,4.09
UT,Utah,1935,83.65,12.51,3.84
UT,Utah,1936,83.31,11.73,4.96
UT,Utah,1937,83.89,12.64,3.47
UT,Utah,1938,83.61,11.74,4.65
UT,Utah,1939,83.89,11.58,4.53
UT,Utah,1940,83.89,11.5,4.61
UT,Utah,1941,85.01,10.79,4.2
UT,Utah,1942,89.58,7.98,2.44
UT,Utah,1943,91.34,6.97,1.68
UT,Utah,1944,90.17,7.44,2.39
UT,Utah,1945,88.51,7.67,3.81
UT,Utah,1946,84.13,8.58,7.28
UT,Utah,1947,84.53,8.61,6.86
UT,Utah,1948,83.06,10.89,6.05
UT,Utah,1949,81.62,12.37,6.02
UT,Utah,1950,80.88,12.71,6.41
UT,Utah,1951,83.92,11.52,4.57
UT,Utah,1952,84.19,11.46,4.35
UT,Utah,1953,82.72,12.82,4.46
UT,Utah,1954,81.93,12.98,5.09
UT,Utah,1955,81.79,13.11,5.1
UT,Utah,1956,80.95,14.08,4.97
UT,Utah,1957,80.79,14.04,5.17
UT,Utah,1958,80.29,14.01,5.7
UT,Utah,1959,80.14,14.23,5.63
UT,Utah,1960,79.34,15.15,5.5
UT,Utah,1961,79.21,15.08,5.71
UT,Utah,1962,79.51,15.0,5.49
UT,Utah,1963,79.51,14.8,5.69
UT,Utah,1964,78.57,15.66,5.77
UT,Utah,1965,78.14,15.96,5.89
UT,Utah,1966,78.05,16.07,5.88
UT,Utah,1967,77.89,15.54,6.57
UT,Utah,1968,78.24,14.7,7.07
UT,Utah,1969,77.89,14.83,7.28
UT,Utah,1970,76.84,15.29,7.87
UT,Utah,1971,75.99,15.7,8.31
UT,Utah,1972,75.86,15.66,8.48
UT,Utah,1973,75.66,15.41,8.93
UT,Utah,1974,75.04,15.86,9.1
UT,Utah,1975,74.04,15.74,10.22
UT,Utah,1976,74.76,15.43,9.81
UT,Utah,1977,75.25,15.41,9.34
UT,Utah,1978,75.16,15.8,9.04
UT,Utah,1979,74.89,16.0,9.11
UT,Utah,1980,73.54,16.89,9.57
UT,Utah,1981,72.28,17.77,9.95
UT,Utah,1982,70.71,18.75,10.54
UT,Utah,1983,69.97,19.31,10.72
UT,Utah,1984,70.33,19.66,10.01
UT,Utah,1985,70.12,19.73,10.15
UT,Utah,1986,69.8,19.74,10.45
UT,Utah,1987,69.84,19.44,10.72
UT,Utah,1988,69.94,19.55,10.51
UT,Utah,1989,69.53,19.66,10.81
UT,Utah,1990,69.91,19.16,10.93
UT,Utah,1991,70.06,18.69,11.25
UT,Utah,1992,70.69,17.75,11.56
UT,Utah,1993,70.82,17.55,11.63
UT,Utah,1994,70.95,17.98,11.07
UT,Utah,1995,70.27,18.71,11.02
UT,Utah,1996,70.16,19.12,10.72
UT,Utah,1997,70.73,18.96,10.32
UT,Utah,1998,71.04,18.88,10.08
UT,Utah,1999,71.93,17.97,10.1
UT,Utah,2000,71.37,18.49,10.14
UT,Utah,2001,70.96,18.42,10.62
UT,Utah,2002,70.35,18.37,11.28
UT,Utah,2003,69.91,18.53,11.56
UT,Utah,2004,70.56,17.96,11.48
UT,Utah,2005,69.88,18.65,11.48
UT,Utah,2006,70.5,18.29,11.22
UT,Utah,2007,69.51,19.26,11.23
UT,Utah,2008,67.34,20.2,12.46
UT,Utah,2009,66.85,18.87,14.28
UT,Utah,2010,66.4,18.2,15.4
UT,Utah,2011,66.27,18.99,14.73
UT,Utah,2012,66.82,19.44,13.74
UT,Utah,2013,67.27,18.94,13.79
UT,Utah,2014,66.99,19.49,13.51
UT,Utah,2015,66.58,20.11,13.31
UT,Utah,2016,66.53,20.33,13.15
UT,Utah,2017,66.48,20.75,12.77
UT,Utah,2018,66.79,20.57,12.65
UT,Utah,2019,66.63,20.59,12.78
UT,Utah,2020,65.27,19.53,15.2
UT,Utah,2021,62.52,21.43,16.05
UT,Utah,2022,64.13,22.01,13.86
UT,Utah,2023,64.27,22.89,12.84
UT,Utah,2024,64.08,22.83,13.09
UT,Utah,2025,63.83,22.87,13.3
VA,Virginia,1929,83.41,15.03,1.56
VA,Virginia,1930,81.8,16.38,1.82
VA,Virginia,1931,79.86,16.18,3.96
VA,Virginia,1932,77.87,18.72,3.41
VA,Virginia,1933,81.17,15.82,3.01
VA,Virginia,1934,81.93,15.53,2.54
VA,Virginia,1935,84.12,13.54,2.33
VA,Virginia,1936,81.77,13.82,4.41
VA,Virginia,1937,84.26,13.62,2.12
VA,Virginia,1938,83.89,13.46,2.65
VA,Virginia,1939,84.23,13.26,2.51
VA,Virginia,1940,84.61,12.92,2.48
VA,Virginia,1941,88.12,10.15,1.73
VA,Virginia,1942,90.31,8.54,1.15
VA,Virginia,1943,90.78,8.16,1.06
VA,Virginia,1944,91.32,7.36,1.32
VA,Virginia,1945,90.27,7.28,2.45
VA,Virginia,1946,87.12,8.32,4.56
VA,Virginia,1947,86.1,9.05,4.85
VA,Virginia,1948,85.95,10.54,3.51
VA,Virginia,1949,84.63,11.63,3.74
VA,Virginia,1950,83.61,11.28,5.11
VA,Virginia,1951,86.24,10.61,3.15
VA,Virginia,1952,86.56,10.44,3.0
VA,Virginia,1953,85.75,11.16,3.09
VA,Virginia,1954,84.19,12.41,3.4
VA,Virginia,1955,83.69,12.71,3.6
VA,Virginia,1956,83.89,12.59,3.52
VA,Virginia,1957,82.75,13.37,3.88
VA,Virginia,1958,82.11,13.43,4.46
VA,Virginia,1959,81.62,13.83,4.55
VA,Virginia,1960,81.13,14.32,4.56
VA,Virginia,1961,80.38,14.71,4.91
VA,Virginia,1962,80.16,15.02,4.82
VA,Virginia,1963,79.79,15.41,4.8
VA,Virginia,1964,79.92,15.49,4.59
VA,Virginia,1965,79.6,15.75,4.65
VA,Virginia,1966,79.74,15.58,4.69
VA,Virginia,1967,79.4,15.44,5.15
VA,Virginia,1968,79.71,14.87,5.42
VA,Virginia,1969,78.89,15.63,5.48
VA,Virginia,1970,77.06,16.85,6.09
VA,Virginia,1971,76.17,17.22,6.6
VA,Virginia,1972,76.1,17.07,6.82
VA,Virginia,1973,75.5,17.22,7.28
VA,Virginia,1974,74.52,17.67,7.8
VA,Virginia,1975,73.33,17.57,9.1
VA,Virginia,1976,73.65,17.33,9.03
VA,Virginia,1977,73.77,17.49,8.74
VA,Virginia,1978,73.71,17.79,8.5
VA,Virginia,1979,73.29,17.97,8.74
VA,Virginia,1980,71.86,18.94,9.21
VA,Virginia,1981,70.38,20.15,9.47
VA,Virginia,1982,69.34,21.09,9.57
VA,Virginia,1983,69.37,21.04,9.59
VA,Virginia,1984,69.52,21.36,9.12
VA,Virginia,1985,69.81,21.18,9.01
VA,Virginia,1986,70.04,21.1,8.86
VA,Virginia,1987,71.04,20.42,8.54
VA,Virginia,1988,70.81,20.87,8.32
VA,Virginia,1989,69.86,21.71,8.43
VA,Virginia,1990,69.45,21.86,8.69
VA,Virginia,1991,69.06,21.74,9.2
VA,Virginia,1992,69.21,21.05,9.74
VA,Virginia,1993,68.95,21.24,9.81
VA,Virginia,1994,68.56,21.57,9.87
VA,Virginia,1995,67.97,21.86,10.17
VA,Virginia,1996,67.84,21.91,10.25
VA,Virginia,1997,68.2,21.86,9.95
VA,Virginia,1998,68.88,21.51,9.61
VA,Virginia,1999,70.11,20.43,9.46
VA,Virginia,2000,70.18,20.46,9.35
VA,Virginia,2001,70.23,19.89,9.88
VA,Virginia,2002,70.37,19.45,10.18
VA,Virginia,2003,70.33,19.36,10.31
VA,Virginia,2004,71.22,18.6,10.18
VA,Virginia,2005,70.97,18.61,10.42
VA,Virginia,2006,69.88,19.44,10.68
VA,Virginia,2007,68.97,20.24,10.78
VA,Virginia,2008,67.64,20.45,11.91
VA,Virginia,2009,68.03,18.97,13.0
VA,Virginia,2010,68.3,18.11,13.6
VA,Virginia,2011,67.91,18.76,13.33
VA,Virginia,2012,67.39,19.7,12.91
VA,Virginia,2013,67.46,19.03,13.51
VA,Virginia,2014,66.88,19.48,13.64
VA,Virginia,2015,66.7,19.59,13.71
VA,Virginia,2016,66.25,19.89,13.86
VA,Virginia,2017,65.88,20.24,13.88
VA,Virginia,2018,65.65,20.28,14.08
VA,Virginia,2019,65.3,20.4,14.3
VA,Virginia,2020,62.96,19.07,17.96
VA,Virginia,2021,62.35,19.12,18.53
VA,Virginia,2022,63.26,19.98,16.76
VA,Virginia,2023,62.54,21.24,16.22
VA,Virginia,2024,62.56,21.27,16.18
VA,Virginia,2025,61.92,21.34,16.74
VT,Vermont,1929,79.81,18.25,1.94
VT,Vermont,1930,78.45,19.47,2.09
VT,Vermont,1931,76.12,19.92,3.96
VT,Vermont,1932,74.44,21.63,3.93
VT,Vermont,1933,76.16,20.18,3.65
VT,Vermont,1934,79.44,17.69,2.86
VT,Vermont,1935,81.95,15.35,2.7
VT,Vermont,1936,80.73,14.62,4.65
VT,Vermont,1937,82.74,14.42,2.84
VT,Vermont,1938,80.43,16.2,3.37
VT,Vermont,1939,80.57,16.31,3.12
VT,Vermont,1940,78.76,18.16,3.08
VT,Vermont,1941,80.47,17.01,2.52
VT,Vermont,1942,83.41,14.56,2.04
VT,Vermont,1943,85.28,12.74,1.98
VT,Vermont,1944,84.66,12.73,2.61
VT,Vermont,1945,82.75,13.13,4.12
VT,Vermont,1946,81.38,12.7,5.92
VT,Vermont,1947,82.63,11.71,5.67
VT,Vermont,1948,81.55,13.36,5.09
VT,Vermont,1949,77.92,15.98,6.1
VT,Vermont,1950,78.67,14.82,6.5
VT,Vermont,1951,80.9,14.18,4.93
VT,Vermont,1952,81.31,13.45,5.24
VT,Vermont,1953,81.41,13.24,5.34
VT,Vermont,1954,78.62,15.25,6.14
VT,Vermont,1955,78.94,14.46,6.6
VT,Vermont,1956,79.11,14.76,6.13
VT,Vermont,1957,78.77,14.31,6.92
VT,Vermont,1958,78.15,14.11,7.75
VT,Vermont,1959,78.16,14.23,7.61
VT,Vermont,1960,77.74,14.53,7.73
VT,Vermont,1961,76.1,15.52,8.38
VT,Vermont,1962,75.84,15.88,8.28
VT,Vermont,1963,75.42,16.03,8.55
VT,Vermont,1964,74.99,16.72,8.29
VT,Vermont,1965,75.03,17.04,7.93
VT,Vermont,1966,75.58,16.93,7.49
VT,Vermont,1967,74.0,17.47,8.54
VT,Vermont,1968,73.5,17.38,9.11
VT,Vermont,1969,73.75,16.73,9.52
VT,Vermont,1970,72.42,17.27,10.31
VT,Vermont,1971,70.91,17.72,11.37
VT,Vermont,1972,70.58,17.84,11.58
VT,Vermont,1973,70.11,17.89,12.01
VT,Vermont,1974,68.23,18.44,13.33
VT,Vermont,1975,66.03,18.49,15.48
VT,Vermont,1976,67.19,17.77,15.03
VT,Vermont,1977,67.48,18.35,14.18
VT,Vermont,1978,68.96,17.96,13.08
VT,Vermont,1979,68.77,18.02,13.21
VT,Vermont,1980,66.68,19.37,13.95
VT,Vermont,1981,64.82,20.86,14.32
VT,Vermont,1982,62.9,22.41,14.69
VT,Vermont,1983,62.89,22.48,14.63
VT,Vermont,1984,63.15,23.12,13.73
VT,Vermont,1985,63.82,22.97,13.21
VT,Vermont,1986,64.56,22.79,12.65
VT,Vermont,1987,66.49,21.63,11.88
VT,Vermont,1988,66.15,22.41,11.44
VT,Vermont,1989,64.83,23.84,11.32
VT,Vermont,1990,64.15,23.7,12.15
VT,Vermont,1991,63.5,23.38,13.12
VT,Vermont,1992,64.08,22.03,13.89
VT,Vermont,1993,64.34,21.69,13.97
VT,Vermont,1994,64.05,21.84,14.11
VT,Vermont,1995,62.82,22.64,14.54
VT,Vermont,1996,63.2,22.54,14.26
VT,Vermont,1997,62.74,23.09,14.16
VT,Vermont,1998,63.02,23.28,13.7
VT,Vermont,1999,64.57,21.56,13.87
VT,Vermont,2000,64.91,21.3,13.78
VT,Vermont,2001,65.01,20.77,14.22
VT,Vermont,2002,65.91,19.21,14.87
VT,Vermont,2003,65.68,19.33,14.99
VT,Vermont,2004,65.78,19.39,14.83
VT,Vermont,2005,66.33,17.83,15.83
VT,Vermont,2006,64.34,19.08,16.58
VT,Vermont,2007,62.88,19.75,17.37
VT,Vermont,2008,61.23,20.45,18.31
VT,Vermont,2009,61.1,18.85,20.05
VT,Vermont,2010,61.81,17.62,20.57
VT,Vermont,2011,61.58,18.84,19.58
VT,Vermont,2012,61.1,19.38,19.52
VT,Vermont,2013,60.74,19.04,20.21
VT,Vermont,2014,59.26,20.36,20.38
VT,Vermont,2015,58.86,20.67,20.47
VT,Vermont,2016,58.86,20.56,20.58
VT,Vermont,2017,59.05,20.69,20.27
VT,Vermont,2018,58.95,20.99,20.05
VT,Vermont,2019,58.62,21.65,19.73
VT,Vermont,2020,55.39,20.09,24.52
VT,Vermont,2021,56.68,19.53,23.78
VT,Vermont,2022,58.22,20.46,21.32
VT,Vermont,2023,56.51,23.2,20.28
VT,Vermont,2024,56.21,23.25,20.54
VT,Vermont,2025,55.93,23.06,21.01
WA,Washington,1929,81.81,16.68,1.51
WA,Washington,1930,81.47,16.84,1.69
WA,Washington,1931,79.21,16.67,4.12
WA,Washington,1932,78.26,17.81,3.94
WA,Washington,1933,79.74,16.07,4.19
WA,Washington,1934,82.33,14.26,3.41
WA,Washington,1935,83.51,12.83,3.66
WA,Washington,1936,82.07,12.73,5.2
WA,Washington,1937,83.06,13.55,3.4
WA,Washington,1938,83.86,12.69,3.45
WA,Washington,1939,82.69,13.46,3.84
WA,Washington,1940,82.51,13.45,4.04
WA,Washington,1941,84.12,12.46,3.42
WA,Washington,1942,87.83,9.8,2.37
WA,Washington,1943,89.68,8.52,1.8
WA,Washington,1944,89.7,8.27,2.03
WA,Washington,1945,87.74,8.71,3.56
WA,Washington,1946,84.21,9.21,6.58
WA,Washington,1947,83.76,9.84,6.4
WA,Washington,1948,82.5,12.26,5.24
WA,Washington,1949,80.95,12.7,6.35
WA,Washington,1950,78.99,12.98,8.03
WA,Washington,1951,81.88,12.9,5.22
WA,Washington,1952,81.9,12.95,5.15
WA,Washington,1953,80.68,14.06,5.26
WA,Washington,1954,79.77,14.65,5.58
WA,Washington,1955,79.5,14.73,5.77
WA,Washington,1956,79.61,14.46,5.93
WA,Washington,1957,78.98,14.74,6.28
WA,Washington,1958,77.88,15.0,7.12
WA,Washington,1959,77.85,15.22,6.92
WA,Washington,1960,77.09,15.81,7.09
WA,Washington,1961,76.9,15.7,7.4
WA,Washington,1962,77.43,15.66,6.91
WA,Washington,1963,76.99,15.88,7.13
WA,Washington,1964,76.72,16.1,7.18
WA,Washington,1965,76.7,16.3,7.0
WA,Washington,1966,77.8,15.76,6.44
WA,Washington,1967,77.17,15.76,7.08
WA,Washington,1968,77.13,15.57,7.3
WA,Washington,1969,76.32,16.11,7.56
WA,Washington,1970,73.04,17.41,9.54
WA,Washington,1971,71.57,17.88,10.55
WA,Washington,1972,71.88,17.67,10.45
WA,Washington,1973,71.79,17.75,10.45
WA,Washington,1974,71.19,18.03,10.77
WA,Washington,1975,70.31,17.93,11.76
WA,Washington,1976,70.93,17.53,11.54
WA,Washington,1977,71.3,17.82,10.88
WA,Washington,1978,72.04,17.82,10.14
WA,Washington,1979,72.25,17.9,9.85
WA,Washington,1980,70.33,19.04,10.63
WA,Washington,1981,68.16,20.72,11.12
WA,Washington,1982,66.11,22.11,11.77
WA,Washington,1983,65.31,22.65,12.04
WA,Washington,1984,64.93,23.23,11.83
WA,Washington,1985,64.55,23.49,11.96
WA,Washington,1986,65.29,22.83,11.88
WA,Washington,1987,66.29,21.86,11.86
WA,Washington,1988,66.43,21.75,11.82
WA,Washington,1989,65.74,22.52,11.75
WA,Washington,1990,66.27,21.98,11.75
WA,Washington,1991,66.24,21.35,12.41
WA,Washington,1992,67.08,20.23,12.69
WA,Washington,1993,66.71,20.37,12.92
WA,Washington,1994,66.06,21.0,12.94
WA,Washington,1995,65.25,21.67,13.08
WA,Washington,1996,65.41,21.83,12.76
WA,Washington,1997,66.36,21.32,12.32
WA,Washington,1998,67.48,20.83,11.69
WA,Washington,1999,69.3,19.03,11.67
WA,Washington,2000,68.97,19.37,11.66
WA,Washington,2001,68.58,18.7,12.72
WA,Washington,2002,68.63,18.09,13.28
WA,Washington,2003,68.11,18.52,13.37
WA,Washington,2004,66.78,20.56,12.66
WA,Washington,2005,67.97,19.1,12.93
WA,Washington,2006,67.25,19.99,12.76
WA,Washington,2007,66.31,20.96,12.74
WA,Washington,2008,64.48,21.59,13.92
WA,Washington,2009,63.98,19.65,16.37
WA,Washington,2010,63.86,18.54,17.6
WA,Washington,2011,64.13,19.33,16.54
WA,Washington,2012,63.97,20.61,15.43
WA,Washington,2013,64.8,19.78,15.42
WA,Washington,2014,63.44,20.86,15.7
WA,Washington,2015,63.28,21.61,15.11
WA,Washington,2016,63.24,21.64,15.12
WA,Washington,2017,63.52,21.86,14.62
WA,Washington,2018,64.44,21.24,14.32
WA,Washington,2019,64.01,21.79,14.2
WA,Washington,2020,61.85,20.38,17.77
WA,Washington,2021,62.16,19.76,18.08
WA,Washington,2022,63.12,21.61,15.27
WA,Washington,2023,62.14,23.28,14.59
WA,Washington,2024,62.0,23.34,14.65
WA,Washington,2025,61.67,22.95,15.38
WI,Wisconsin,1929,79.2,19.31,1.49
WI,Wisconsin,1930,78.32,19.95,1.73
WI,Wisconsin,1931,75.69,20.22,4.09
WI,Wisconsin,1932,73.29,22.8,3.91
WI,Wisconsin,1933,75.52,20.33,4.15
WI,Wisconsin,1934,79.4,16.92,3.69
WI,Wisconsin,1935,80.24,16.23,3.53
WI,Wisconsin,1936,79.27,15.96,4.77
WI,Wisconsin,1937,82.07,15.02,2.91
WI,Wisconsin,1938,80.93,15.5,3.57
WI,Wisconsin,1939,80.74,15.75,3.5
WI,Wisconsin,1940,81.34,15.2,3.45
WI,Wisconsin,1941,82.32,14.85,2.83
WI,Wisconsin,1942,84.41,13.41,2.19
WI,Wisconsin,1943,87.33,11.01,1.66
WI,Wisconsin,1944,87.36,10.72,1.93
WI,Wisconsin,1945,86.29,10.59,3.12
WI,Wisconsin,1946,83.98,11.22,4.8
WI,Wisconsin,1947,84.7,10.92,4.38
WI,Wisconsin,1948,85.56,10.9,3.54
WI,Wisconsin,1949,83.5,12.5,4.0
WI,Wisconsin,1950,82.61,12.95,4.44
WI,Wisconsin,1951,85.07,11.5,3.43
WI,Wisconsin,1952,84.79,11.55,3.65
WI,Wisconsin,1953,84.01,12.06,3.93
WI,Wisconsin,1954,82.91,12.43,4.66
WI,Wisconsin,1955,82.07,13.2,4.73
WI,Wisconsin,1956,82.05,13.2,4.75
WI,Wisconsin,1957,81.28,13.4,5.32
WI,Wisconsin,1958,79.99,13.66,6.35
WI,Wisconsin,1959,80.34,13.65,6.02
WI,Wisconsin,1960,79.69,14.11,6.2
WI,Wisconsin,1961,78.78,14.26,6.96
WI,Wisconsin,1962,79.07,14.22,6.71
WI,Wisconsin,1963,78.71,14.43,6.86
WI,Wisconsin,1964,79.09,14.27,6.64
WI,Wisconsin,1965,79.0,14.4,6.6
WI,Wisconsin,1966,79.27,14.03,6.69
WI,Wisconsin,1967,78.2,13.98,7.81
WI,Wisconsin,1968,77.36,14.33,8.31
WI,Wisconsin,1969,76.81,14.91,8.27
WI,Wisconsin,1970,75.23,15.71,9.06
WI,Wisconsin,1971,74.26,15.87,9.86
WI,Wisconsin,1972,74.32,15.65,10.03
WI,Wisconsin,1973,74.11,15.68,10.21
WI,Wisconsin,1974,72.69,16.25,11.05
WI,Wisconsin,1975,71.0,16.35,12.66
WI,Wisconsin,1976,71.6,15.92,12.49
WI,Wisconsin,1977,72.39,15.76,11.85
WI,Wisconsin,1978,72.62,15.67,11.71
WI,Wisconsin,1979,72.26,15.75,12.0
WI,Wisconsin,1980,69.39,17.38,13.23
WI,Wisconsin,1981,66.78,19.43,13.79
WI,Wisconsin,1982,64.78,20.64,14.58
WI,Wisconsin,1983,64.02,21.08,14.9
WI,Wisconsin,1984,64.81,21.3,13.9
WI,Wisconsin,1985,64.72,21.28,14.0
WI,Wisconsin,1986,65.31,21.0,13.69
WI,Wisconsin,1987,66.85,19.84,13.31
WI,Wisconsin,1988,67.04,20.03,12.93
WI,Wisconsin,1989,66.52,20.67,12.81
WI,Wisconsin,1990,66.54,20.48,12.98
WI,Wisconsin,1991,66.43,20.03,13.54
WI,Wisconsin,1992,67.25,19.13,13.62
WI,Wisconsin,1993,67.5,19.02,13.49
WI,Wisconsin,1994,67.72,19.18,13.09
WI,Wisconsin,1995,67.04,19.77,13.19
WI,Wisconsin,1996,67.05,20.02,12.93
WI,Wisconsin,1997,67.22,20.21,12.57
WI,Wisconsin,1998,67.4,20.55,12.05
WI,Wisconsin,1999,68.7,19.23,12.07
WI,Wisconsin,2000,68.39,19.43,12.17
WI,Wisconsin,2001,68.51,18.57,12.92
WI,Wisconsin,2002,69.09,17.37,13.55
WI,Wisconsin,2003,69.36,17.07,13.57
WI,Wisconsin,2004,69.81,16.83,13.36
WI,Wisconsin,2005,69.53,16.61,13.86
WI,Wisconsin,2006,68.51,17.61,13.88
WI,Wisconsin,2007,67.72,17.92,14.36
WI,Wisconsin,2008,66.11,18.44,15.45
WI,Wisconsin,2009,64.74,17.11,18.14
WI,Wisconsin,2010,64.53,16.52,18.95
WI,Wisconsin,2011,65.21,17.43,17.36
WI,Wisconsin,2012,64.81,18.23,16.96
WI,Wisconsin,2013,65.31,17.43,17.26
WI,Wisconsin,2014,64.83,17.77,17.4
WI,Wisconsin,2015,64.47,18.14,17.39
WI,Wisconsin,2016,64.25,18.44,17.31
WI,Wisconsin,2017,63.75,18.79,17.46
WI,Wisconsin,2018,63.61,18.81,17.58
WI,Wisconsin,2019,63.32,18.94,17.75
WI,Wisconsin,2020,60.81,18.09,21.1
WI,Wisconsin,2021,59.68,18.55,21.77
WI,Wisconsin,2022,61.29,19.3,19.4
WI,Wisconsin,2023,60.18,21.04,18.78
WI,Wisconsin,2024,59.89,21.2,18.91
WI,Wisconsin,2025,59.52,21.04,19.44
WV,West Virginia,1929,84.42,14.12,1.46
WV,West Virginia,1930,83.32,15.0,1.69
WV,West Virginia,1931,81.44,14.81,3.75
WV,West Virginia,1932,80.28,15.93,3.79
WV,West Virginia,1933,83.89,12.63,3.49
WV,West Virginia,1934,85.56,11.55,2.89
WV,West Virginia,1935,86.52,10.67,2.8
WV,West Virginia,1936,84.59,11.2,4.21
WV,West Virginia,1937,86.7,11.07,2.22
WV,West Virginia,1938,84.6,11.36,4.04
WV,West Virginia,1939,85.16,12.05,2.79
WV,West Virginia,1940,86.12,11.17,2.71
WV,West Virginia,1941,87.85,9.63,2.51
WV,West Virginia,1942,88.09,9.6,2.31
WV,West Virginia,1943,89.66,8.62,1.72
WV,West Virginia,1944,89.76,8.15,2.08
WV,West Virginia,1945,88.13,8.01,3.87
WV,West Virginia,1946,83.43,8.46,8.1
WV,West Virginia,1947,85.35,8.42,6.23
WV,West Virginia,1948,87.51,7.41,5.08
WV,West Virginia,1949,84.71,8.87,6.42
WV,West Virginia,1950,83.37,9.1,7.53
WV,West Virginia,1951,86.23,7.94,5.83
WV,West Virginia,1952,83.34,8.22,8.44
WV,West Virginia,1953,84.51,8.58,6.91
WV,West Virginia,1954,82.18,8.95,8.87
WV,West Virginia,1955,82.44,9.44,8.11
WV,West Virginia,1956,83.04,9.56,7.39
WV,West Virginia,1957,83.08,9.03,7.89
WV,West Virginia,1958,80.37,9.35,10.28
WV,West Virginia,1959,80.18,9.82,10.0
WV,West Virginia,1960,79.77,10.34,9.89
WV,West Virginia,1961,78.34,10.62,11.03
WV,West Virginia,1962,77.76,10.95,11.29
WV,West Virginia,1963,77.35,11.51,11.14
WV,West Virginia,1964,77.77,11.62,10.61
WV,West Virginia,1965,77.83,11.58,10.59
WV,West Virginia,1966,78.32,11.14,10.53
WV,West Virginia,1967,77.86,10.85,11.29
WV,West Virginia,1968,77.46,10.78,11.77
WV,West Virginia,1969,76.39,11.5,12.11
WV,West Virginia,1970,75.17,11.74,13.1
WV,West Virginia,1971,73.85,11.77,14.38
WV,West Virginia,1972,73.39,11.73,14.89
WV,West Virginia,1973,71.67,12.16,16.18
WV,West Virginia,1974,70.7,12.77,16.53
WV,West Virginia,1975,69.73,12.85,17.42
WV,West Virginia,1976,70.14,12.7,17.17
WV,West Virginia,1977,70.81,12.82,16.37
WV,West Virginia,1978,70.8,12.87,16.33
WV,West Virginia,1979,69.83,13.03,17.14
WV,West Virginia,1980,67.31,14.56,18.14
WV,West Virginia,1981,64.83,16.38,18.79
WV,West Virginia,1982,62.88,17.67,19.45
WV,West Virginia,1983,60.65,18.38,20.97
WV,West Virginia,1984,61.16,18.89,19.95
WV,West Virginia,1985,60.86,19.15,19.99
WV,West Virginia,1986,60.0,19.27,20.73
WV,West Virginia,1987,60.52,18.62,20.85
WV,West Virginia,1988,60.7,18.72,20.58
WV,West Virginia,1989,59.98,19.5,20.52
WV,West Virginia,1990,60.1,19.25,20.65
WV,West Virginia,1991,59.25,18.51,22.24
WV,West Virginia,1992,58.78,17.5,23.72
WV,West Virginia,1993,58.54,17.11,24.35
WV,West Virginia,1994,59.23,17.11,23.67
WV,West Virginia,1995,58.76,17.62,23.62
WV,West Virginia,1996,58.18,17.86,23.96
WV,West Virginia,1997,58.44,18.07,23.49
WV,West Virginia,1998,58.31,18.33,23.36
WV,West Virginia,1999,59.3,17.45,23.25
WV,West Virginia,2000,59.35,17.57,23.07
WV,West Virginia,2001,59.22,16.78,24.0
WV,West Virginia,2002,59.17,15.77,25.06
WV,West Virginia,2003,59.47,15.26,25.27
WV,West Virginia,2004,60.72,14.88,24.4
WV,West Virginia,2005,61.5,14.36,24.14
WV,West Virginia,2006,61.32,14.52,24.16
WV,West Virginia,2007,60.08,15.32,24.6
WV,West Virginia,2008,58.76,15.73,25.52
WV,West Virginia,2009,57.62,15.11,27.26
WV,West Virginia,2010,57.67,14.56,27.77
WV,West Virginia,2011,58.4,15.17,26.42
WV,West Virginia,2012,58.2,15.47,26.33
WV,West Virginia,2013,57.9,15.12,26.99
WV,West Virginia,2014,56.99,15.4,27.61
WV,West Virginia,2015,56.12,15.56,28.32
WV,West Virginia,2016,55.19,15.59,29.22
WV,West Virginia,2017,55.41,15.59,29.0
WV,West Virginia,2018,56.21,15.46,28.34
WV,West Virginia,2019,55.8,15.9,28.29
WV,West Virginia,2020,51.88,15.04,33.08
WV,West Virginia,2021,51.32,14.77,33.91
WV,West Virginia,2022,53.68,15.76,30.56
WV,West Virginia,2023,54.3,16.06,29.65
WV,West Virginia,2024,54.54,15.97,29.49
WV,West Virginia,2025,53.55,15.77,30.68
WY,Wyoming,1929,86.92,11.74,1.33
WY,Wyoming,1930,87.6,10.8,1.6
WY,Wyoming,1931,82.89,12.26,4.85
WY,Wyoming,1932,81.11,15.18,3.71
WY,Wyoming,1933,82.01,14.72,3.27
WY,Wyoming,1934,84.02,13.28,2.7
WY,Wyoming,1935,85.52,12.02,2.46
WY,Wyoming,1936,83.03,11.46,5.51
WY,Wyoming,1937,85.94,11.28,2.79
WY,Wyoming,1938,85.63,11.83,2.54
WY,Wyoming,1939,84.46,12.38,3.16
WY,Wyoming,1940,83.92,12.82,3.26
WY,Wyoming,1941,86.63,11.04,2.33
WY,Wyoming,1942,88.46,9.81,1.73
WY,Wyoming,1943,89.21,9.48,1.32
WY,Wyoming,1944,88.8,9.62,1.58
WY,Wyoming,1945,88.03,9.16,2.81
WY,Wyoming,1946,86.45,9.32,4.23
WY,Wyoming,1947,86.69,9.07,4.24
WY,Wyoming,1948,85.18,11.12,3.71
WY,Wyoming,1949,82.52,13.77,3.71
WY,Wyoming,1950,79.43,15.61,4.97
WY,Wyoming,1951,83.57,12.9,3.53
WY,Wyoming,1952,82.78,13.57,3.64
WY,Wyoming,1953,82.03,14.24,3.73
WY,Wyoming,1954,80.87,14.76,4.37
WY,Wyoming,1955,79.56,15.98,4.47
WY,Wyoming,1956,80.38,15.18,4.44
WY,Wyoming,1957,79.44,15.83,4.73
WY,Wyoming,1958,78.24,16.37,5.39
WY,Wyoming,1959,78.06,16.35,5.59
WY,Wyoming,1960,78.38,15.9,5.72
WY,Wyoming,1961,77.17,16.5,6.33
WY,Wyoming,1962,76.57,17.08,6.35
WY,Wyoming,1963,76.43,17.17,6.4
WY,Wyoming,1964,76.58,17.4,6.02
WY,Wyoming,1965,75.85,17.93,6.22
WY,Wyoming,1966,75.53,18.05,6.42
WY,Wyoming,1967,75.39,17.64,6.97
WY,Wyoming,1968,76.2,16.41,7.39
WY,Wyoming,1969,75.09,17.63,7.28
WY,Wyoming,1970,74.11,18.27,7.62
WY,Wyoming,1971,73.45,18.62,7.93
WY,Wyoming,1972,74.43,17.89,7.68
WY,Wyoming,1973,74.24,18.05,7.71
WY,Wyoming,1974,74.26,18.26,7.48
WY,Wyoming,1975,73.93,18.1,7.97
WY,Wyoming,1976,73.85,18.12,8.03
WY,Wyoming,1977,74.83,17.63,7.54
WY,Wyoming,1978,75.61,17.3,7.1
WY,Wyoming,1979,75.9,17.09,7.01
WY,Wyoming,1980,74.61,18.26,7.13
WY,Wyoming,1981,72.65,19.86,7.49
WY,Wyoming,1982,69.96,21.84,8.2
WY,Wyoming,1983,67.46,22.79,9.76
WY,Wyoming,1984,67.07,23.68,9.25
WY,Wyoming,1985,66.8,23.8,9.4
WY,Wyoming,1986,65.91,23.7,10.39
WY,Wyoming,1987,64.88,24.12,11.0
WY,Wyoming,1988,64.06,24.75,11.19
WY,Wyoming,1989,63.65,25.23,11.12
WY,Wyoming,1990,63.73,25.18,11.09
WY,Wyoming,1991,63.15,25.11,11.74
WY,Wyoming,1992,63.21,24.48,12.31
WY,Wyoming,1993,63.58,23.74,12.68
WY,Wyoming,1994,62.67,24.51,12.82
WY,Wyoming,1995,61.24,25.69,13.06
WY,Wyoming,1996,60.68,26.16,13.16
WY,Wyoming,1997,60.88,26.54,12.58
WY,Wyoming,1998,59.69,28.16,12.16
WY,Wyoming,1999,60.05,28.1,11.84
WY,Wyoming,2000,59.51,28.69,11.8
WY,Wyoming,2001,60.32,27.7,11.97
WY,Wyoming,2002,61.15,26.4,12.45
WY,Wyoming,2003,60.11,27.22,12.66
WY,Wyoming,2004,57.98,29.62,12.4
WY,Wyoming,2005,57.01,31.06,11.92
WY,Wyoming,2006,56.73,32.22,11.05
WY,Wyoming,2007,57.49,31.5,11.01
WY,Wyoming,2008,58.25,30.2,11.56
WY,Wyoming,2009,60.45,26.01,13.53
WY,Wyoming,2010,60.62,25.5,13.88
WY,Wyoming,2011,59.68,27.61,12.71
WY,Wyoming,2012,57.5,30.68,11.82
WY,Wyoming,2013,58.95,28.73,12.31
WY,Wyoming,2014,58.29,29.57,12.14
WY,Wyoming,2015,57.88,29.2,12.92
WY,Wyoming,2016,56.58,29.18,14.24
WY,Wyoming,2017,55.8,30.02,14.18
WY,Wyoming,2018,56.51,29.16,14.33
WY,Wyoming,2019,55.06,30.53,14.41
WY,Wyoming,2020,51.67,30.84,17.49
WY,Wyoming,2021,49.72,32.77,17.5
WY,Wyoming,2022,48.84,36.15,15.01
WY,Wyoming,2023,46.97,38.51,14.52
WY,Wyoming,2024,46.45,39.09,14.46
WY,Wyoming,2025,45.96,39.08,14.96
