st,state,year,private_sector_pct,state_and_local_government_pct,federal_government_pct
AK,Alaska,1950,44.57,2.91,52.52
AK,Alaska,1951,47.5,2.59,49.91
AK,Alaska,1952,42.99,2.4,54.61
AK,Alaska,1953,40.67,2.77,56.57
AK,Alaska,1954,39.37,3.01,57.63
AK,Alaska,1955,39.54,3.52,56.93
AK,Alaska,1956,44.63,4.18,51.19
AK,Alaska,1957,43.9,4.37,51.73
AK,Alaska,1958,47.45,5.19,47.36
AK,Alaska,1959,49.36,5.6,45.04
AK,Alaska,1960,51.38,5.99,42.63
AK,Alaska,1961,52.2,7.52,40.28
AK,Alaska,1962,52.0,8.89,39.11
AK,Alaska,1963,49.86,9.89,40.25
AK,Alaska,1964,50.05,10.02,39.92
AK,Alaska,1965,52.32,10.23,37.45
AK,Alaska,1966,52.67,11.01,36.33
AK,Alaska,1967,52.16,12.07,35.78
AK,Alaska,1968,53.07,12.58,34.36
AK,Alaska,1969,55.16,12.4,32.44
AK,Alaska,1970,54.64,12.58,32.78
AK,Alaska,1971,53.26,14.7,32.03
AK,Alaska,1972,53.07,16.17,30.76
AK,Alaska,1973,53.64,16.65,29.71
AK,Alaska,1974,61.16,14.66,24.19
AK,Alaska,1975,71.45,11.36,17.19
AK,Alaska,1976,74.79,10.81,14.4
AK,Alaska,1977,70.3,13.12,16.58
AK,Alaska,1978,66.88,15.31,17.81
AK,Alaska,1979,65.69,16.3,18.01
AK,Alaska,1980,66.66,16.87,16.47
AK,Alaska,1981,67.4,17.16,15.44
AK,Alaska,1982,68.16,17.42,14.42
AK,Alaska,1983,68.92,17.47,13.61
AK,Alaska,1984,68.41,17.9,13.69
AK,Alaska,1985,67.81,18.93,13.27
AK,Alaska,1986,66.21,19.7,14.09
AK,Alaska,1987,64.2,20.28,15.52
AK,Alaska,1988,64.28,19.66,16.05
AK,Alaska,1989,65.42,19.25,15.32
AK,Alaska,1990,65.08,19.57,15.35
AK,Alaska,1991,64.53,19.91,15.57
AK,Alaska,1992,63.91,20.23,15.86
AK,Alaska,1993,64.16,20.38,15.46
AK,Alaska,1994,65.34,20.62,14.05
AK,Alaska,1995,65.96,20.6,13.45
AK,Alaska,1996,66.0,20.56,13.44
AK,Alaska,1997,66.86,20.22,12.91
AK,Alaska,1998,67.95,19.45,12.6
AK,Alaska,1999,67.9,19.71,12.39
AK,Alaska,2000,68.62,19.03,12.35
AK,Alaska,2001,69.11,18.84,12.05
AK,Alaska,2002,68.39,19.0,12.61
AK,Alaska,2003,67.91,18.98,13.11
AK,Alaska,2004,68.11,18.43,13.46
AK,Alaska,2005,68.16,18.22,13.63
AK,Alaska,2006,68.35,17.62,14.03
AK,Alaska,2007,68.54,17.39,14.07
AK,Alaska,2008,68.7,17.34,13.96
AK,Alaska,2009,67.89,17.91,14.2
AK,Alaska,2010,68.65,17.51,13.84
AK,Alaska,2011,68.63,17.71,13.66
AK,Alaska,2012,68.46,18.23,13.31
AK,Alaska,2013,69.28,18.24,12.48
AK,Alaska,2014,69.15,18.82,12.03
AK,Alaska,2015,69.85,18.35,11.81
AK,Alaska,2016,68.2,19.56,12.24
AK,Alaska,2017,67.84,19.68,12.48
AK,Alaska,2018,67.3,20.33,12.37
AK,Alaska,2019,68.29,19.43,12.28
AK,Alaska,2020,68.13,18.82,13.05
AK,Alaska,2021,69.88,16.99,13.13
AK,Alaska,2022,70.68,16.33,12.99
AK,Alaska,2023,70.66,16.51,12.83
AK,Alaska,2024,70.93,16.14,12.94
AK,Alaska,2025,71.47,16.07,12.47
AL,Alabama,1929,92.57,5.13,2.3
AL,Alabama,1930,90.63,6.46,2.91
AL,Alabama,1931,88.51,7.91,3.58
AL,Alabama,1932,85.43,9.54,5.03
AL,Alabama,1933,84.54,9.22,6.24
AL,Alabama,1934,84.54,7.61,7.86
AL,Alabama,1935,84.76,7.98,7.26
AL,Alabama,1936,84.98,5.78,9.24
AL,Alabama,1937,86.6,5.83,7.57
AL,Alabama,1938,83.41,6.7,9.89
AL,Alabama,1939,83.37,6.61,10.01
AL,Alabama,1940,83.63,6.17,10.2
AL,Alabama,1941,84.32,4.33,11.35
AL,Alabama,1942,80.17,3.11,16.72
AL,Alabama,1943,72.84,2.75,24.41
AL,Alabama,1944,71.98,2.87,25.15
AL,Alabama,1945,72.12,3.16,24.72
AL,Alabama,1946,81.72,4.0,14.28
AL,Alabama,1947,86.61,4.81,8.58
AL,Alabama,1948,87.46,5.26,7.28
AL,Alabama,1949,85.23,6.18,8.59
AL,Alabama,1950,84.75,5.95,9.3
AL,Alabama,1951,79.94,5.43,14.62
AL,Alabama,1952,78.56,5.64,15.8
AL,Alabama,1953,78.7,5.86,15.45
AL,Alabama,1954,78.9,6.6,14.5
AL,Alabama,1955,80.21,6.43,13.36
AL,Alabama,1956,79.56,6.87,13.57
AL,Alabama,1957,79.31,7.19,13.5
AL,Alabama,1958,78.45,7.5,14.05
AL,Alabama,1959,78.76,7.46,13.78
AL,Alabama,1960,77.79,7.97,14.23
AL,Alabama,1961,76.82,8.22,14.96
AL,Alabama,1962,77.09,8.11,14.8
AL,Alabama,1963,77.67,8.3,14.03
AL,Alabama,1964,77.62,8.63,13.75
AL,Alabama,1965,78.45,8.61,12.94
AL,Alabama,1966,78.36,8.88,12.76
AL,Alabama,1967,77.59,9.63,12.78
AL,Alabama,1968,77.51,9.97,12.52
AL,Alabama,1969,77.59,9.99,12.42
AL,Alabama,1970,76.41,10.6,12.99
AL,Alabama,1971,75.51,10.82,13.67
AL,Alabama,1972,76.28,10.78,12.95
AL,Alabama,1973,77.34,10.66,12.0
AL,Alabama,1974,77.07,11.1,11.83
AL,Alabama,1975,76.64,11.64,11.72
AL,Alabama,1976,77.5,11.36,11.13
AL,Alabama,1977,77.87,11.52,10.61
AL,Alabama,1978,78.27,11.84,9.89
AL,Alabama,1979,78.45,11.97,9.59
AL,Alabama,1980,77.45,12.33,10.21
AL,Alabama,1981,77.43,12.25,10.31
AL,Alabama,1982,76.63,12.7,10.68
AL,Alabama,1983,76.75,12.82,10.43
AL,Alabama,1984,77.66,12.31,10.02
AL,Alabama,1985,77.43,12.85,9.72
AL,Alabama,1986,77.88,12.97,9.14
AL,Alabama,1987,78.39,12.68,8.93
AL,Alabama,1988,78.69,12.57,8.74
AL,Alabama,1989,78.81,12.95,8.23
AL,Alabama,1990,78.62,13.23,8.14
AL,Alabama,1991,78.27,13.71,8.02
AL,Alabama,1992,78.45,13.64,7.9
AL,Alabama,1993,78.86,13.7,7.44
AL,Alabama,1994,78.97,13.9,7.13
AL,Alabama,1995,79.24,13.87,6.89
AL,Alabama,1996,79.93,13.69,6.38
AL,Alabama,1997,80.31,13.63,6.06
AL,Alabama,1998,80.78,13.42,5.81
AL,Alabama,1999,80.77,13.74,5.49
AL,Alabama,2000,80.63,13.85,5.52
AL,Alabama,2001,80.29,14.22,5.49
AL,Alabama,2002,79.82,14.25,5.92
AL,Alabama,2003,79.3,14.45,6.24
AL,Alabama,2004,79.6,14.13,6.27
AL,Alabama,2005,79.74,13.93,6.33
AL,Alabama,2006,79.98,13.87,6.15
AL,Alabama,2007,79.3,14.44,6.27
AL,Alabama,2008,78.38,15.19,6.43
AL,Alabama,2009,77.14,15.87,6.99
AL,Alabama,2010,77.05,15.72,7.23
AL,Alabama,2011,77.4,15.29,7.31
AL,Alabama,2012,78.26,14.79,6.95
AL,Alabama,2013,78.93,14.53,6.55
AL,Alabama,2014,78.92,14.62,6.46
AL,Alabama,2015,79.13,14.58,6.29
AL,Alabama,2016,79.08,14.61,6.31
AL,Alabama,2017,79.51,14.32,6.18
AL,Alabama,2018,79.93,13.98,6.08
AL,Alabama,2019,80.09,13.84,6.07
AL,Alabama,2020,79.84,13.95,6.2
AL,Alabama,2021,80.71,13.36,5.93
AL,Alabama,2022,81.37,12.97,5.65
AL,Alabama,2023,80.82,13.32,5.87
AL,Alabama,2024,80.36,13.67,5.97
AL,Alabama,2025,80.27,13.9,5.83
AR,Arkansas,1929,93.4,4.09,2.51
AR,Arkansas,1930,90.38,6.05,3.58
AR,Arkansas,1931,89.08,7.04,3.88
AR,Arkansas,1932,85.63,9.24,5.14
AR,Arkansas,1933,83.57,9.37,7.06
AR,Arkansas,1934,83.46,9.01,7.52
AR,Arkansas,1935,84.66,8.24,7.1
AR,Arkansas,1936,84.0,5.9,10.1
AR,Arkansas,1937,85.96,5.69,8.35
AR,Arkansas,1938,82.38,6.62,11.0
AR,Arkansas,1939,82.64,6.16,11.19
AR,Arkansas,1940,83.25,6.05,10.7
AR,Arkansas,1941,82.72,4.73,12.55
AR,Arkansas,1942,81.53,3.31,15.16
AR,Arkansas,1943,73.88,3.23,22.9
AR,Arkansas,1944,70.59,2.93,26.48
AR,Arkansas,1945,70.56,3.04,26.4
AR,Arkansas,1946,83.63,3.71,12.66
AR,Arkansas,1947,89.28,4.55,6.18
AR,Arkansas,1948,89.84,4.31,5.85
AR,Arkansas,1949,86.84,5.12,8.05
AR,Arkansas,1950,88.3,5.21,6.49
AR,Arkansas,1951,85.24,4.78,9.98
AR,Arkansas,1952,84.22,5.0,10.78
AR,Arkansas,1953,83.02,5.39,11.58
AR,Arkansas,1954,81.87,6.09,12.04
AR,Arkansas,1955,83.4,6.01,10.59
AR,Arkansas,1956,82.51,6.1,11.39
AR,Arkansas,1957,81.41,6.63,11.96
AR,Arkansas,1958,82.29,7.6,10.11
AR,Arkansas,1959,84.4,7.44,8.16
AR,Arkansas,1960,84.46,7.99,7.54
AR,Arkansas,1961,84.14,7.95,7.91
AR,Arkansas,1962,82.99,7.97,9.04
AR,Arkansas,1963,83.74,8.14,8.12
AR,Arkansas,1964,83.93,8.2,7.87
AR,Arkansas,1965,84.07,8.76,7.17
AR,Arkansas,1966,84.36,8.83,6.81
AR,Arkansas,1967,83.22,9.92,6.86
AR,Arkansas,1968,83.35,9.93,6.72
AR,Arkansas,1969,83.53,9.96,6.51
AR,Arkansas,1970,82.68,10.37,6.95
AR,Arkansas,1971,82.01,10.55,7.44
AR,Arkansas,1972,82.87,10.14,7.0
AR,Arkansas,1973,84.33,9.44,6.22
AR,Arkansas,1974,83.82,9.76,6.42
AR,Arkansas,1975,82.55,10.66,6.79
AR,Arkansas,1976,82.95,10.53,6.51
AR,Arkansas,1977,83.62,10.41,5.98
AR,Arkansas,1978,84.45,9.82,5.73
AR,Arkansas,1979,84.16,10.43,5.4
AR,Arkansas,1980,82.93,11.23,5.84
AR,Arkansas,1981,83.21,10.91,5.87
AR,Arkansas,1982,82.31,11.6,6.08
AR,Arkansas,1983,82.36,11.52,6.12
AR,Arkansas,1984,82.99,11.2,5.81
AR,Arkansas,1985,82.43,11.68,5.88
AR,Arkansas,1986,82.45,11.87,5.67
AR,Arkansas,1987,82.92,11.58,5.5
AR,Arkansas,1988,83.23,11.4,5.38
AR,Arkansas,1989,83.07,11.66,5.27
AR,Arkansas,1990,82.57,12.15,5.28
AR,Arkansas,1991,82.2,12.57,5.23
AR,Arkansas,1992,82.6,12.62,4.79
AR,Arkansas,1993,82.96,12.67,4.37
AR,Arkansas,1994,83.35,12.55,4.1
AR,Arkansas,1995,83.51,12.52,3.98
AR,Arkansas,1996,83.73,12.42,3.85
AR,Arkansas,1997,83.78,12.49,3.73
AR,Arkansas,1998,84.13,12.25,3.62
AR,Arkansas,1999,84.22,12.28,3.51
AR,Arkansas,2000,84.14,12.27,3.6
AR,Arkansas,2001,83.58,12.87,3.56
AR,Arkansas,2002,83.16,13.06,3.78
AR,Arkansas,2003,83.19,12.77,4.05
AR,Arkansas,2004,83.13,12.83,4.05
AR,Arkansas,2005,82.41,13.23,4.36
AR,Arkansas,2006,82.04,13.69,4.28
AR,Arkansas,2007,82.11,13.69,4.21
AR,Arkansas,2008,81.54,14.1,4.36
AR,Arkansas,2009,80.39,14.87,4.74
AR,Arkansas,2010,80.42,15.04,4.54
AR,Arkansas,2011,80.86,14.82,4.32
AR,Arkansas,2012,81.74,14.18,4.08
AR,Arkansas,2013,81.9,14.19,3.91
AR,Arkansas,2014,82.11,14.1,3.79
AR,Arkansas,2015,82.22,14.06,3.72
AR,Arkansas,2016,82.25,14.03,3.72
AR,Arkansas,2017,82.82,13.62,3.56
AR,Arkansas,2018,82.9,13.5,3.6
AR,Arkansas,2019,82.74,13.74,3.52
AR,Arkansas,2020,82.67,13.72,3.61
AR,Arkansas,2021,83.71,12.9,3.39
AR,Arkansas,2022,84.54,12.17,3.29
AR,Arkansas,2023,84.61,11.95,3.44
AR,Arkansas,2024,84.77,11.77,3.46
AR,Arkansas,2025,85.07,11.57,3.36
AZ,Arizona,1929,89.16,5.24,5.6
AZ,Arizona,1930,86.88,6.49,6.64
AZ,Arizona,1931,82.05,9.45,8.5
AZ,Arizona,1932,77.51,12.18,10.31
AZ,Arizona,1933,75.11,12.6,12.3
AZ,Arizona,1934,74.71,11.63,13.66
AZ,Arizona,1935,78.03,10.44,11.53
AZ,Arizona,1936,78.06,7.56,14.39
AZ,Arizona,1937,81.81,7.09,11.1
AZ,Arizona,1938,79.24,8.11,12.64
AZ,Arizona,1939,80.25,8.27,11.48
AZ,Arizona,1940,80.84,8.12,11.03
AZ,Arizona,1941,79.4,7.3,13.3
AZ,Arizona,1942,73.34,4.59,22.06
AZ,Arizona,1943,63.03,3.54,33.42
AZ,Arizona,1944,67.06,4.07,28.87
AZ,Arizona,1945,69.45,4.83,25.72
AZ,Arizona,1946,81.67,5.91,12.43
AZ,Arizona,1947,83.92,6.19,9.89
AZ,Arizona,1948,84.62,6.49,8.89
AZ,Arizona,1949,82.77,7.28,9.95
AZ,Arizona,1950,83.38,7.04,9.58
AZ,Arizona,1951,83.03,6.1,10.88
AZ,Arizona,1952,81.56,6.08,12.35
AZ,Arizona,1953,82.26,6.6,11.14
AZ,Arizona,1954,80.84,7.11,12.05
AZ,Arizona,1955,79.5,7.08,13.41
AZ,Arizona,1956,79.87,7.36,12.78
AZ,Arizona,1957,79.64,7.95,12.41
AZ,Arizona,1958,78.21,9.11,12.68
AZ,Arizona,1959,78.73,9.56,11.7
AZ,Arizona,1960,79.46,9.99,10.55
AZ,Arizona,1961,79.13,10.49,10.37
AZ,Arizona,1962,79.17,10.62,10.21
AZ,Arizona,1963,78.11,11.31,10.59
AZ,Arizona,1964,77.74,11.63,10.64
AZ,Arizona,1965,77.08,12.32,10.6
AZ,Arizona,1966,77.45,12.23,10.32
AZ,Arizona,1967,76.78,11.69,11.53
AZ,Arizona,1968,76.83,11.82,11.35
AZ,Arizona,1969,77.87,11.58,10.55
AZ,Arizona,1970,77.18,12.03,10.79
AZ,Arizona,1971,76.46,12.27,11.27
AZ,Arizona,1972,76.91,12.17,10.92
AZ,Arizona,1973,77.32,12.36,10.32
AZ,Arizona,1974,77.16,12.79,10.05
AZ,Arizona,1975,75.23,14.0,10.76
AZ,Arizona,1976,75.74,14.08,10.18
AZ,Arizona,1977,76.69,13.87,9.44
AZ,Arizona,1978,78.27,13.18,8.55
AZ,Arizona,1979,79.74,12.47,7.79
AZ,Arizona,1980,79.88,12.5,7.61
AZ,Arizona,1981,79.61,12.81,7.57
AZ,Arizona,1982,78.45,13.9,7.65
AZ,Arizona,1983,78.86,13.64,7.5
AZ,Arizona,1984,80.22,12.72,7.07
AZ,Arizona,1985,80.51,12.87,6.62
AZ,Arizona,1986,80.61,13.13,6.26
AZ,Arizona,1987,80.69,13.21,6.09
AZ,Arizona,1988,80.68,13.27,6.05
AZ,Arizona,1989,80.01,13.94,6.05
AZ,Arizona,1990,79.58,14.32,6.1
AZ,Arizona,1991,79.54,14.42,6.04
AZ,Arizona,1992,79.79,14.37,5.84
AZ,Arizona,1993,80.38,14.22,5.4
AZ,Arizona,1994,80.96,13.93,5.11
AZ,Arizona,1995,81.77,13.41,4.82
AZ,Arizona,1996,82.29,13.3,4.42
AZ,Arizona,1997,82.82,12.97,4.2
AZ,Arizona,1998,83.51,12.57,3.92
AZ,Arizona,1999,83.63,12.47,3.9
AZ,Arizona,2000,84.0,12.14,3.86
AZ,Arizona,2001,82.97,13.09,3.94
AZ,Arizona,2002,82.23,13.63,4.14
AZ,Arizona,2003,81.93,13.64,4.44
AZ,Arizona,2004,82.48,13.15,4.37
AZ,Arizona,2005,82.99,12.72,4.29
AZ,Arizona,2006,83.58,12.45,3.96
AZ,Arizona,2007,83.07,12.91,4.02
AZ,Arizona,2008,81.87,13.85,4.28
AZ,Arizona,2009,80.43,14.69,4.89
AZ,Arizona,2010,80.44,14.43,5.14
AZ,Arizona,2011,81.15,13.8,5.05
AZ,Arizona,2012,81.81,13.39,4.8
AZ,Arizona,2013,82.19,13.31,4.5
AZ,Arizona,2014,82.71,12.92,4.36
AZ,Arizona,2015,82.97,12.79,4.24
AZ,Arizona,2016,83.42,12.43,4.14
AZ,Arizona,2017,83.75,12.24,4.01
AZ,Arizona,2018,84.18,11.86,3.96
AZ,Arizona,2019,84.74,11.39,3.88
AZ,Arizona,2020,84.82,11.23,3.95
AZ,Arizona,2021,85.75,10.53,3.72
AZ,Arizona,2022,86.56,9.95,3.5
AZ,Arizona,2023,86.52,10.0,3.49
AZ,Arizona,2024,86.36,10.07,3.57
AZ,Arizona,2025,86.64,9.82,3.54
CA,California,1929,90.37,6.84,2.79
CA,California,1930,89.05,7.83,3.12
CA,California,1931,86.44,9.79,3.77
CA,California,1932,83.53,11.88,4.59
CA,California,1933,82.77,12.12,5.11
CA,California,1934,83.3,11.08,5.63
CA,California,1935,83.47,11.26,5.27
CA,California,1936,84.39,8.41,7.2
CA,California,1937,86.03,8.07,5.9
CA,California,1938,84.75,8.92,6.33
CA,California,1939,84.75,8.78,6.47
CA,California,1940,84.97,8.23,6.8
CA,California,1941,84.28,6.9,8.81
CA,California,1942,80.2,4.97,14.83
CA,California,1943,77.79,3.81,18.4
CA,California,1944,77.02,3.68,19.3
CA,California,1945,74.43,4.05,21.52
CA,California,1946,79.93,4.65,15.41
CA,California,1947,83.85,5.79,10.36
CA,California,1948,84.67,6.42,8.9
CA,California,1949,83.46,7.28,9.27
CA,California,1950,83.04,7.08,9.88
CA,California,1951,81.28,6.62,12.11
CA,California,1952,80.06,6.71,13.23
CA,California,1953,80.84,7.12,12.04
CA,California,1954,81.12,7.86,11.02
CA,California,1955,81.92,7.82,10.26
CA,California,1956,82.24,7.97,9.79
CA,California,1957,82.26,8.37,9.37
CA,California,1958,81.0,9.14,9.86
CA,California,1959,81.78,8.99,9.23
CA,California,1960,81.19,9.77,9.04
CA,California,1961,80.97,10.18,8.85
CA,California,1962,81.13,10.19,8.69
CA,California,1963,80.76,10.64,8.6
CA,California,1964,80.76,10.91,8.33
CA,California,1965,80.16,11.36,8.48
CA,California,1966,79.56,11.43,9.01
CA,California,1967,78.98,11.74,9.28
CA,California,1968,78.77,11.88,9.35
CA,California,1969,78.47,12.25,9.28
CA,California,1970,77.3,13.06,9.63
CA,California,1971,76.56,13.64,9.8
CA,California,1972,76.86,13.61,9.53
CA,California,1973,77.86,13.22,8.92
CA,California,1974,78.06,13.28,8.67
CA,California,1975,77.36,14.11,8.53
CA,California,1976,78.42,13.65,7.93
CA,California,1977,79.4,13.2,7.41
CA,California,1978,80.65,12.43,6.92
CA,California,1979,81.78,11.81,6.41
CA,California,1980,82.08,11.59,6.33
CA,California,1981,81.82,11.65,6.53
CA,California,1982,81.58,11.77,6.65
CA,California,1983,81.93,11.57,6.5
CA,California,1984,82.59,11.19,6.22
CA,California,1985,82.45,11.47,6.08
CA,California,1986,82.64,11.58,5.79
CA,California,1987,83.08,11.54,5.39
CA,California,1988,83.4,11.38,5.22
CA,California,1989,82.93,11.94,5.13
CA,California,1990,82.52,12.51,4.97
CA,California,1991,81.79,13.22,4.99
CA,California,1992,81.51,13.58,4.91
CA,California,1993,81.77,13.55,4.67
CA,California,1994,81.82,13.73,4.45
CA,California,1995,82.22,13.67,4.11
CA,California,1996,82.98,13.27,3.75
CA,California,1997,83.48,13.09,3.43
CA,California,1998,84.04,12.78,3.18
CA,California,1999,84.4,12.63,2.97
CA,California,2000,84.77,12.44,2.79
CA,California,2001,83.75,13.51,2.73
CA,California,2002,82.88,14.2,2.92
CA,California,2003,82.68,14.27,3.05
CA,California,2004,83.04,13.91,3.05
CA,California,2005,83.17,13.8,3.03
CA,California,2006,83.27,13.81,2.92
CA,California,2007,82.64,14.42,2.94
CA,California,2008,81.68,15.19,3.12
CA,California,2009,80.95,15.62,3.43
CA,California,2010,81.49,14.97,3.54
CA,California,2011,82.12,14.5,3.37
CA,California,2012,83.16,13.65,3.19
CA,California,2013,83.06,13.93,3.01
CA,California,2014,83.18,13.93,2.89
CA,California,2015,83.34,13.89,2.77
CA,California,2016,83.2,14.0,2.8
CA,California,2017,83.59,13.73,2.68
CA,California,2018,83.98,13.44,2.58
CA,California,2019,84.32,13.18,2.5
CA,California,2020,84.09,13.31,2.6
CA,California,2021,85.02,12.54,2.44
CA,California,2022,85.13,12.45,2.43
CA,California,2023,84.62,12.91,2.47
CA,California,2024,84.27,13.26,2.47
CA,California,2025,84.47,13.11,2.42
CO,Colorado,1929,89.62,7.18,3.2
CO,Colorado,1930,88.4,8.05,3.56
CO,Colorado,1931,85.36,10.18,4.46
CO,Colorado,1932,81.33,13.0,5.66
CO,Colorado,1933,82.03,11.67,6.29
CO,Colorado,1934,79.04,13.21,7.75
CO,Colorado,1935,81.2,11.76,7.04
CO,Colorado,1936,80.88,8.3,10.82
CO,Colorado,1937,83.4,8.42,8.18
CO,Colorado,1938,81.6,8.59,9.8
CO,Colorado,1939,81.94,8.62,9.44
CO,Colorado,1940,82.26,8.4,9.34
CO,Colorado,1941,83.97,7.23,8.8
CO,Colorado,1942,80.75,4.95,14.31
CO,Colorado,1943,72.68,4.19,23.13
CO,Colorado,1944,73.03,4.38,22.59
CO,Colorado,1945,73.52,4.44,22.05
CO,Colorado,1946,79.94,4.89,15.17
CO,Colorado,1947,84.25,5.13,10.62
CO,Colorado,1948,85.98,5.63,8.39
CO,Colorado,1949,83.98,6.31,9.71
CO,Colorado,1950,82.28,6.26,11.46
CO,Colorado,1951,80.4,5.62,13.98
CO,Colorado,1952,79.5,5.83,14.67
CO,Colorado,1953,79.79,6.42,13.78
CO,Colorado,1954,77.34,6.89,15.77
CO,Colorado,1955,78.23,7.04,14.73
CO,Colorado,1956,78.27,7.22,14.51
CO,Colorado,1957,79.66,7.41,12.93
CO,Colorado,1958,79.16,8.22,12.61
CO,Colorado,1959,79.65,8.38,11.97
CO,Colorado,1960,79.49,8.83,11.69
CO,Colorado,1961,79.57,9.12,11.31
CO,Colorado,1962,78.36,9.31,12.33
CO,Colorado,1963,77.59,10.15,12.26
CO,Colorado,1964,76.92,10.61,12.47
CO,Colorado,1965,76.92,10.97,12.12
CO,Colorado,1966,76.42,11.18,12.4
CO,Colorado,1967,75.42,11.55,13.03
CO,Colorado,1968,75.15,11.5,13.35
CO,Colorado,1969,75.45,11.53,13.02
CO,Colorado,1970,75.09,11.83,13.08
CO,Colorado,1971,75.02,12.08,12.9
CO,Colorado,1972,75.66,11.66,12.68
CO,Colorado,1973,76.52,11.43,12.06
CO,Colorado,1974,76.81,11.57,11.62
CO,Colorado,1975,75.94,12.54,11.52
CO,Colorado,1976,76.35,12.7,10.95
CO,Colorado,1977,77.53,12.25,10.22
CO,Colorado,1978,79.07,11.76,9.18
CO,Colorado,1979,80.15,11.29,8.57
CO,Colorado,1980,80.55,11.17,8.28
CO,Colorado,1981,80.82,10.88,8.3
CO,Colorado,1982,80.93,11.05,8.02
CO,Colorado,1983,80.86,11.27,7.88
CO,Colorado,1984,81.24,11.04,7.72
CO,Colorado,1985,80.85,11.38,7.77
CO,Colorado,1986,80.41,11.77,7.82
CO,Colorado,1987,80.02,12.23,7.76
CO,Colorado,1988,80.12,12.15,7.73
CO,Colorado,1989,80.21,12.28,7.51
CO,Colorado,1990,80.17,12.36,7.48
CO,Colorado,1991,79.89,12.53,7.58
CO,Colorado,1992,79.93,12.76,7.31
CO,Colorado,1993,80.71,12.31,6.98
CO,Colorado,1994,81.23,12.23,6.55
CO,Colorado,1995,81.87,12.09,6.04
CO,Colorado,1996,82.72,11.81,5.47
CO,Colorado,1997,83.33,11.53,5.14
CO,Colorado,1998,84.48,10.86,4.66
CO,Colorado,1999,85.0,10.6,4.4
CO,Colorado,2000,85.7,10.1,4.2
CO,Colorado,2001,85.19,10.69,4.12
CO,Colorado,2002,84.02,11.45,4.53
CO,Colorado,2003,83.41,11.71,4.88
CO,Colorado,2004,83.37,11.62,5.01
CO,Colorado,2005,83.43,11.4,5.16
CO,Colorado,2006,83.88,11.19,4.93
CO,Colorado,2007,83.98,11.1,4.91
CO,Colorado,2008,83.28,11.65,5.07
CO,Colorado,2009,81.44,12.79,5.77
CO,Colorado,2010,81.28,12.57,6.15
CO,Colorado,2011,82.16,11.81,6.03
CO,Colorado,2012,82.93,11.37,5.7
CO,Colorado,2013,83.72,11.15,5.14
CO,Colorado,2014,84.24,10.91,4.86
CO,Colorado,2015,83.96,11.24,4.8
CO,Colorado,2016,83.34,11.8,4.86
CO,Colorado,2017,84.01,11.38,4.61
CO,Colorado,2018,84.45,11.11,4.44
CO,Colorado,2019,84.81,10.88,4.32
CO,Colorado,2020,84.59,10.94,4.47
CO,Colorado,2021,85.34,10.44,4.22
CO,Colorado,2022,86.14,9.92,3.94
CO,Colorado,2023,85.67,10.21,4.11
CO,Colorado,2024,85.16,10.6,4.24
CO,Colorado,2025,85.4,10.5,4.1
CT,Connecticut,1929,93.85,4.94,1.21
CT,Connecticut,1930,92.79,5.77,1.44
CT,Connecticut,1931,91.25,7.09,1.66
CT,Connecticut,1932,89.14,8.76,2.1
CT,Connecticut,1933,89.34,8.26,2.4
CT,Connecticut,1934,88.92,8.18,2.9
CT,Connecticut,1935,89.2,8.24,2.57
CT,Connecticut,1936,89.36,6.3,4.34
CT,Connecticut,1937,90.93,5.96,3.1
CT,Connecticut,1938,88.61,7.13,4.26
CT,Connecticut,1939,89.71,6.59,3.7
CT,Connecticut,1940,91.05,5.87,3.08
CT,Connecticut,1941,93.06,4.58,2.35
CT,Connecticut,1942,92.97,3.59,3.45
CT,Connecticut,1943,91.86,3.2,4.94
CT,Connecticut,1944,90.29,3.35,6.36
CT,Connecticut,1945,89.43,3.7,6.87
CT,Connecticut,1946,91.96,3.99,4.05
CT,Connecticut,1947,93.1,4.26,2.64
CT,Connecticut,1948,92.44,4.84,2.72
CT,Connecticut,1949,91.27,5.53,3.2
CT,Connecticut,1950,92.12,5.26,2.61
CT,Connecticut,1951,92.25,4.89,2.86
CT,Connecticut,1952,92.04,5.06,2.9
CT,Connecticut,1953,91.97,5.13,2.9
CT,Connecticut,1954,91.26,5.71,3.03
CT,Connecticut,1955,91.31,5.77,2.92
CT,Connecticut,1956,91.35,5.68,2.97
CT,Connecticut,1957,91.0,5.89,3.12
CT,Connecticut,1958,89.99,6.75,3.26
CT,Connecticut,1959,90.18,6.68,3.15
CT,Connecticut,1960,89.97,6.85,3.18
CT,Connecticut,1961,89.61,7.15,3.24
CT,Connecticut,1962,89.72,7.14,3.14
CT,Connecticut,1963,89.68,7.16,3.16
CT,Connecticut,1964,89.4,7.4,3.2
CT,Connecticut,1965,89.24,7.66,3.09
CT,Connecticut,1966,89.11,7.67,3.22
CT,Connecticut,1967,88.99,7.89,3.11
CT,Connecticut,1968,88.1,8.66,3.24
CT,Connecticut,1969,87.84,8.89,3.28
CT,Connecticut,1970,87.07,9.31,3.62
CT,Connecticut,1971,86.07,10.14,3.78
CT,Connecticut,1972,85.73,10.31,3.96
CT,Connecticut,1973,86.04,10.22,3.74
CT,Connecticut,1974,86.05,10.17,3.78
CT,Connecticut,1975,85.34,10.58,4.08
CT,Connecticut,1976,86.08,10.16,3.76
CT,Connecticut,1977,86.68,9.75,3.58
CT,Connecticut,1978,87.01,9.42,3.57
CT,Connecticut,1979,87.58,9.16,3.26
CT,Connecticut,1980,87.74,9.1,3.16
CT,Connecticut,1981,87.86,8.93,3.21
CT,Connecticut,1982,87.53,9.2,3.27
CT,Connecticut,1983,87.47,9.37,3.16
CT,Connecticut,1984,87.64,9.26,3.11
CT,Connecticut,1985,87.41,9.55,3.04
CT,Connecticut,1986,87.53,9.58,2.89
CT,Connecticut,1987,87.65,9.64,2.71
CT,Connecticut,1988,87.64,9.76,2.6
CT,Connecticut,1989,87.15,10.31,2.55
CT,Connecticut,1990,86.63,10.7,2.66
CT,Connecticut,1991,86.12,11.22,2.66
CT,Connecticut,1992,86.18,11.25,2.57
CT,Connecticut,1993,86.02,11.55,2.43
CT,Connecticut,1994,85.75,11.93,2.32
CT,Connecticut,1995,86.04,11.66,2.31
CT,Connecticut,1996,86.17,11.61,2.22
CT,Connecticut,1997,86.84,11.16,2.01
CT,Connecticut,1998,87.3,10.91,1.79
CT,Connecticut,1999,87.42,10.85,1.72
CT,Connecticut,2000,87.75,10.57,1.68
CT,Connecticut,2001,87.61,10.82,1.57
CT,Connecticut,2002,87.12,11.21,1.67
CT,Connecticut,2003,86.83,11.4,1.77
CT,Connecticut,2004,86.69,11.51,1.8
CT,Connecticut,2005,86.63,11.61,1.76
CT,Connecticut,2006,87.08,11.2,1.72
CT,Connecticut,2007,87.04,11.33,1.63
CT,Connecticut,2008,87.16,11.19,1.65
CT,Connecticut,2009,87.3,11.01,1.69
CT,Connecticut,2010,87.47,10.82,1.71
CT,Connecticut,2011,87.4,10.93,1.67
CT,Connecticut,2012,87.35,10.96,1.69
CT,Connecticut,2013,86.84,11.48,1.68
CT,Connecticut,2014,86.82,11.56,1.62
CT,Connecticut,2015,86.52,11.86,1.62
CT,Connecticut,2016,86.7,11.64,1.66
CT,Connecticut,2017,86.85,11.48,1.67
CT,Connecticut,2018,87.08,11.31,1.62
CT,Connecticut,2019,87.41,10.98,1.61
CT,Connecticut,2020,87.12,11.17,1.72
CT,Connecticut,2021,87.63,10.67,1.71
CT,Connecticut,2022,87.87,10.5,1.63
CT,Connecticut,2023,87.98,10.4,1.63
CT,Connecticut,2024,88.06,10.29,1.64
CT,Connecticut,2025,88.23,10.17,1.6
DC,District of Columbia,1929,58.58,4.53,36.9
DC,District of Columbia,1930,56.9,4.64,38.46
DC,District of Columbia,1931,54.6,5.06,40.35
DC,District of Columbia,1932,53.0,5.65,41.35
DC,District of Columbia,1933,53.99,6.22,39.79
DC,District of Columbia,1934,51.9,6.26,41.84
DC,District of Columbia,1935,50.87,6.02,43.11
DC,District of Columbia,1936,52.05,4.68,43.27
DC,District of Columbia,1937,53.24,4.3,42.46
DC,District of Columbia,1938,51.93,4.55,43.53
DC,District of Columbia,1939,51.26,4.33,44.4
DC,District of Columbia,1940,52.48,3.99,43.53
DC,District of Columbia,1941,50.93,3.69,45.38
DC,District of Columbia,1942,43.59,2.81,53.61
DC,District of Columbia,1943,40.54,2.47,56.99
DC,District of Columbia,1944,41.12,2.64,56.24
DC,District of Columbia,1945,40.86,2.62,56.52
DC,District of Columbia,1946,42.56,2.61,54.84
DC,District of Columbia,1947,46.15,3.27,50.58
DC,District of Columbia,1948,46.98,3.28,49.74
DC,District of Columbia,1949,45.63,3.43,50.94
DC,District of Columbia,1950,47.04,3.63,49.33
DC,District of Columbia,1951,45.55,3.4,51.05
DC,District of Columbia,1952,43.63,3.32,53.04
DC,District of Columbia,1953,44.91,3.54,51.55
DC,District of Columbia,1954,46.6,3.99,49.4
DC,District of Columbia,1955,46.5,4.14,49.36
DC,District of Columbia,1956,46.67,4.24,49.09
DC,District of Columbia,1957,45.91,4.31,49.78
DC,District of Columbia,1958,47.55,4.41,48.04
DC,District of Columbia,1959,49.16,4.69,46.16
DC,District of Columbia,1960,48.82,4.91,46.27
DC,District of Columbia,1961,49.48,5.16,45.36
DC,District of Columbia,1962,49.93,5.06,45.02
DC,District of Columbia,1963,49.21,5.19,45.6
DC,District of Columbia,1964,49.06,5.39,45.55
DC,District of Columbia,1965,48.27,5.48,46.25
DC,District of Columbia,1966,48.69,5.67,45.63
DC,District of Columbia,1967,46.95,5.52,47.53
DC,District of Columbia,1968,46.99,6.14,46.87
DC,District of Columbia,1969,47.7,5.81,46.49
DC,District of Columbia,1970,46.36,6.43,47.21
DC,District of Columbia,1971,44.42,6.72,48.86
DC,District of Columbia,1972,44.04,6.8,49.16
DC,District of Columbia,1973,43.8,7.33,48.87
DC,District of Columbia,1974,44.53,7.22,48.24
DC,District of Columbia,1975,44.21,7.27,48.52
DC,District of Columbia,1976,43.58,7.13,49.29
DC,District of Columbia,1977,44.13,7.17,48.7
DC,District of Columbia,1978,44.24,7.31,48.46
DC,District of Columbia,1979,45.38,7.37,47.25
DC,District of Columbia,1980,45.88,6.99,47.12
DC,District of Columbia,1981,46.54,6.59,46.87
DC,District of Columbia,1982,46.96,6.86,46.18
DC,District of Columbia,1983,48.64,7.04,44.33
DC,District of Columbia,1984,49.63,6.99,43.38
DC,District of Columbia,1985,50.54,6.97,42.49
DC,District of Columbia,1986,52.19,7.04,40.77
DC,District of Columbia,1987,53.81,7.36,38.83
DC,District of Columbia,1988,54.36,7.45,38.18
DC,District of Columbia,1989,54.15,7.65,38.2
DC,District of Columbia,1990,54.3,7.51,38.19
DC,District of Columbia,1991,52.79,7.19,40.02
DC,District of Columbia,1992,52.47,7.06,40.47
DC,District of Columbia,1993,52.62,6.83,40.55
DC,District of Columbia,1994,52.94,6.96,40.1
DC,District of Columbia,1995,53.72,6.47,39.81
DC,District of Columbia,1996,55.14,6.3,38.56
DC,District of Columbia,1997,55.7,6.01,38.28
DC,District of Columbia,1998,58.15,5.86,35.98
DC,District of Columbia,1999,59.32,5.38,35.3
DC,District of Columbia,2000,61.33,5.03,33.65
DC,District of Columbia,2001,61.56,4.87,33.57
DC,District of Columbia,2002,59.86,4.88,35.26
DC,District of Columbia,2003,59.16,4.67,36.17
DC,District of Columbia,2004,59.86,4.41,35.73
DC,District of Columbia,2005,59.27,4.84,35.89
DC,District of Columbia,2006,60.0,4.38,35.62
DC,District of Columbia,2007,61.19,4.28,34.53
DC,District of Columbia,2008,60.25,4.46,35.29
DC,District of Columbia,2009,58.22,4.55,37.22
DC,District of Columbia,2010,57.57,4.44,37.99
DC,District of Columbia,2011,58.49,4.25,37.26
DC,District of Columbia,2012,59.16,4.37,36.47
DC,District of Columbia,2013,59.83,4.47,35.7
DC,District of Columbia,2014,60.71,4.38,34.91
DC,District of Columbia,2015,61.71,4.36,33.93
DC,District of Columbia,2016,61.59,4.39,34.02
DC,District of Columbia,2017,61.79,4.45,33.76
DC,District of Columbia,2018,61.5,4.79,33.71
DC,District of Columbia,2019,62.01,4.64,33.35
DC,District of Columbia,2020,60.99,5.0,34.01
DC,District of Columbia,2021,61.93,4.61,33.46
DC,District of Columbia,2022,62.95,4.61,32.44
DC,District of Columbia,2023,63.21,4.74,32.05
DC,District of Columbia,2024,63.97,4.55,31.48
DC,District of Columbia,2025,64.61,4.54,30.85
DE,Delaware,1929,94.0,4.51,1.49
DE,Delaware,1930,92.6,5.41,1.98
DE,Delaware,1931,90.72,6.5,2.78
DE,Delaware,1932,89.09,8.49,2.42
DE,Delaware,1933,88.0,9.17,2.83
DE,Delaware,1934,88.99,7.71,3.3
DE,Delaware,1935,89.11,7.24,3.65
DE,Delaware,1936,89.33,6.24,4.43
DE,Delaware,1937,90.84,5.66,3.5
DE,Delaware,1938,88.79,6.62,4.59
DE,Delaware,1939,89.69,6.12,4.19
DE,Delaware,1940,91.04,5.33,3.63
DE,Delaware,1941,91.24,4.35,4.4
DE,Delaware,1942,90.52,3.48,6.0
DE,Delaware,1943,88.43,2.92,8.65
DE,Delaware,1944,85.47,2.85,11.68
DE,Delaware,1945,84.02,3.17,12.81
DE,Delaware,1946,91.28,3.54,5.19
DE,Delaware,1947,92.85,3.96,3.18
DE,Delaware,1948,92.99,4.3,2.72
DE,Delaware,1949,93.03,4.37,2.61
DE,Delaware,1950,92.66,4.3,3.04
DE,Delaware,1951,90.98,4.38,4.63
DE,Delaware,1952,90.57,4.62,4.81
DE,Delaware,1953,90.41,4.72,4.87
DE,Delaware,1954,88.62,5.11,6.27
DE,Delaware,1955,87.92,4.73,7.34
DE,Delaware,1956,88.05,4.67,7.27
DE,Delaware,1957,86.74,5.24,8.02
DE,Delaware,1958,86.8,5.48,7.72
DE,Delaware,1959,87.19,5.65,7.17
DE,Delaware,1960,87.33,5.72,6.94
DE,Delaware,1961,86.56,6.2,7.25
DE,Delaware,1962,86.63,6.4,6.97
DE,Delaware,1963,86.29,6.67,7.03
DE,Delaware,1964,85.84,6.82,7.35
DE,Delaware,1965,86.75,6.99,6.26
DE,Delaware,1966,86.27,7.31,6.42
DE,Delaware,1967,85.31,7.77,6.91
DE,Delaware,1968,85.03,8.09,6.87
DE,Delaware,1969,85.68,8.45,5.86
DE,Delaware,1970,84.09,9.64,6.27
DE,Delaware,1971,83.14,10.61,6.25
DE,Delaware,1972,83.16,10.73,6.11
DE,Delaware,1973,83.95,10.48,5.57
DE,Delaware,1974,83.56,10.79,5.65
DE,Delaware,1975,82.78,11.41,5.81
DE,Delaware,1976,83.1,11.38,5.51
DE,Delaware,1977,82.98,11.79,5.22
DE,Delaware,1978,83.4,11.55,5.05
DE,Delaware,1979,83.6,11.51,4.89
DE,Delaware,1980,83.86,11.33,4.82
DE,Delaware,1981,83.64,11.4,4.96
DE,Delaware,1982,83.76,11.28,4.96
DE,Delaware,1983,84.11,10.98,4.91
DE,Delaware,1984,84.62,10.67,4.71
DE,Delaware,1985,84.81,10.66,4.53
DE,Delaware,1986,84.74,10.9,4.36
DE,Delaware,1987,85.08,10.77,4.15
DE,Delaware,1988,85.2,10.8,4.0
DE,Delaware,1989,85.53,10.72,3.75
DE,Delaware,1990,85.18,11.05,3.77
DE,Delaware,1991,84.86,11.39,3.75
DE,Delaware,1992,84.8,11.43,3.76
DE,Delaware,1993,84.46,11.85,3.69
DE,Delaware,1994,84.47,12.05,3.48
DE,Delaware,1995,84.47,12.08,3.45
DE,Delaware,1996,84.78,11.99,3.23
DE,Delaware,1997,85.28,11.73,2.99
DE,Delaware,1998,86.04,11.26,2.69
DE,Delaware,1999,86.61,10.82,2.57
DE,Delaware,2000,86.97,10.54,2.49
DE,Delaware,2001,87.63,10.04,2.33
DE,Delaware,2002,86.59,10.88,2.54
DE,Delaware,2003,86.29,10.98,2.74
DE,Delaware,2004,85.96,11.28,2.76
DE,Delaware,2005,85.42,11.81,2.77
DE,Delaware,2006,85.66,11.73,2.61
DE,Delaware,2007,85.08,12.18,2.74
DE,Delaware,2008,84.07,12.79,3.14
DE,Delaware,2009,82.91,13.78,3.31
DE,Delaware,2010,82.99,13.58,3.43
DE,Delaware,2011,83.9,12.87,3.23
DE,Delaware,2012,83.57,13.14,3.29
DE,Delaware,2013,83.82,13.0,3.18
DE,Delaware,2014,84.33,12.59,3.08
DE,Delaware,2015,84.67,12.39,2.94
DE,Delaware,2016,84.57,12.45,2.99
DE,Delaware,2017,84.3,12.72,2.98
DE,Delaware,2018,83.96,13.12,2.93
DE,Delaware,2019,83.43,13.64,2.93
DE,Delaware,2020,82.78,14.07,3.15
DE,Delaware,2021,83.61,13.31,3.09
DE,Delaware,2022,84.77,12.33,2.9
DE,Delaware,2023,83.85,12.91,3.24
DE,Delaware,2024,82.89,13.64,3.47
DE,Delaware,2025,83.08,13.56,3.36
FL,Florida,1929,88.54,6.93,4.52
FL,Florida,1930,88.03,7.21,4.76
FL,Florida,1931,85.8,8.93,5.27
FL,Florida,1932,83.61,10.35,6.04
FL,Florida,1933,80.61,12.09,7.3
FL,Florida,1934,81.99,11.02,7.0
FL,Florida,1935,82.37,10.25,7.39
FL,Florida,1936,82.31,8.11,9.57
FL,Florida,1937,84.04,7.84,8.12
FL,Florida,1938,81.71,8.56,9.73
FL,Florida,1939,82.08,8.3,9.62
FL,Florida,1940,82.25,7.69,10.06
FL,Florida,1941,76.51,6.14,17.36
FL,Florida,1942,64.98,4.16,30.86
FL,Florida,1943,59.96,2.95,37.09
FL,Florida,1944,59.25,2.83,37.92
FL,Florida,1945,59.86,3.16,36.98
FL,Florida,1946,75.91,4.37,19.72
FL,Florida,1947,80.89,5.71,13.4
FL,Florida,1948,83.05,6.61,10.34
FL,Florida,1949,82.03,7.05,10.92
FL,Florida,1950,82.27,7.06,10.67
FL,Florida,1951,80.26,6.88,12.86
FL,Florida,1952,78.02,6.91,15.07
FL,Florida,1953,78.38,7.05,14.57
FL,Florida,1954,78.64,7.67,13.69
FL,Florida,1955,79.43,7.53,13.04
FL,Florida,1956,79.76,7.39,12.85
FL,Florida,1957,80.31,7.45,12.23
FL,Florida,1958,80.07,8.1,11.83
FL,Florida,1959,81.0,8.24,10.75
FL,Florida,1960,81.0,8.78,10.23
FL,Florida,1961,80.16,9.6,10.24
FL,Florida,1962,80.1,9.68,10.22
FL,Florida,1963,79.52,9.93,10.55
FL,Florida,1964,79.41,9.99,10.61
FL,Florida,1965,79.33,10.29,10.38
FL,Florida,1966,79.07,10.4,10.53
FL,Florida,1967,79.14,10.35,10.51
FL,Florida,1968,78.83,10.83,10.34
FL,Florida,1969,79.44,10.84,9.73
FL,Florida,1970,78.79,11.49,9.72
FL,Florida,1971,78.24,11.85,9.91
FL,Florida,1972,78.79,11.85,9.36
FL,Florida,1973,80.28,11.55,8.18
FL,Florida,1974,79.74,12.23,8.02
FL,Florida,1975,77.93,13.56,8.51
FL,Florida,1976,78.25,13.29,8.46
FL,Florida,1977,78.93,13.06,8.01
FL,Florida,1978,80.05,12.41,7.55
FL,Florida,1979,81.23,11.93,6.84
FL,Florida,1980,81.87,11.47,6.66
FL,Florida,1981,81.57,11.59,6.84
FL,Florida,1982,80.96,12.08,6.96
FL,Florida,1983,81.52,11.86,6.62
FL,Florida,1984,82.05,11.56,6.39
FL,Florida,1985,82.03,11.67,6.3
FL,Florida,1986,82.13,11.81,6.06
FL,Florida,1987,82.27,11.99,5.74
FL,Florida,1988,82.36,12.05,5.59
FL,Florida,1989,81.81,12.6,5.59
FL,Florida,1990,81.0,13.34,5.67
FL,Florida,1991,80.49,13.8,5.71
FL,Florida,1992,80.78,13.64,5.58
FL,Florida,1993,81.33,13.56,5.11
FL,Florida,1994,81.62,13.65,4.73
FL,Florida,1995,82.09,13.46,4.46
FL,Florida,1996,82.51,13.12,4.37
FL,Florida,1997,82.76,13.0,4.24
FL,Florida,1998,83.36,12.69,3.95
FL,Florida,1999,83.73,12.54,3.73
FL,Florida,2000,83.99,12.36,3.65
FL,Florida,2001,83.97,12.42,3.61
FL,Florida,2002,83.58,12.58,3.84
FL,Florida,2003,83.35,12.61,4.03
FL,Florida,2004,83.45,12.57,3.99
FL,Florida,2005,83.94,12.22,3.84
FL,Florida,2006,84.1,12.17,3.74
FL,Florida,2007,83.52,12.69,3.78
FL,Florida,2008,82.41,13.53,4.06
FL,Florida,2009,81.27,14.24,4.49
FL,Florida,2010,81.73,13.73,4.53
FL,Florida,2011,82.47,13.08,4.45
FL,Florida,2012,83.25,12.38,4.37
FL,Florida,2013,83.53,12.27,4.2
FL,Florida,2014,84.21,11.8,3.99
FL,Florida,2015,84.8,11.31,3.89
FL,Florida,2016,85.01,11.08,3.91
FL,Florida,2017,85.37,10.76,3.87
FL,Florida,2018,85.79,10.53,3.68
FL,Florida,2019,86.02,10.35,3.63
FL,Florida,2020,85.7,10.51,3.8
FL,Florida,2021,86.81,9.59,3.6
FL,Florida,2022,87.46,9.14,3.4
FL,Florida,2023,87.49,9.09,3.42
FL,Florida,2024,87.37,9.15,3.48
FL,Florida,2025,87.69,8.91,3.4
GA,Georgia,1929,91.39,4.97,3.64
GA,Georgia,1930,89.92,5.92,4.16
GA,Georgia,1931,87.27,7.47,5.27
GA,Georgia,1932,84.36,9.12,6.52
GA,Georgia,1933,83.85,8.61,7.54
GA,Georgia,1934,84.77,7.83,7.4
GA,Georgia,1935,84.66,7.86,7.48
GA,Georgia,1936,84.49,5.74,9.77
GA,Georgia,1937,86.41,5.76,7.83
GA,Georgia,1938,83.91,6.87,9.22
GA,Georgia,1939,84.01,6.57,9.43
GA,Georgia,1940,83.19,6.28,10.53
GA,Georgia,1941,79.17,4.69,16.13
GA,Georgia,1942,72.55,3.52,23.93
GA,Georgia,1943,68.71,2.97,28.32
GA,Georgia,1944,67.3,2.96,29.74
GA,Georgia,1945,68.96,3.29,27.75
GA,Georgia,1946,80.62,3.93,15.45
GA,Georgia,1947,85.81,4.39,9.8
GA,Georgia,1948,86.48,4.56,8.96
GA,Georgia,1949,83.41,5.15,11.44
GA,Georgia,1950,83.14,4.97,11.89
GA,Georgia,1951,80.23,4.67,15.09
GA,Georgia,1952,78.82,5.02,16.16
GA,Georgia,1953,79.62,5.31,15.07
GA,Georgia,1954,77.98,5.68,16.34
GA,Georgia,1955,79.66,5.46,14.88
GA,Georgia,1956,80.47,5.78,13.75
GA,Georgia,1957,79.42,6.47,14.11
GA,Georgia,1958,79.48,6.79,13.73
GA,Georgia,1959,80.28,6.56,13.16
GA,Georgia,1960,79.76,7.05,13.2
GA,Georgia,1961,79.21,7.57,13.22
GA,Georgia,1962,78.71,7.75,13.54
GA,Georgia,1963,78.49,7.63,13.88
GA,Georgia,1964,78.66,7.64,13.7
GA,Georgia,1965,78.99,7.88,13.13
GA,Georgia,1966,78.27,8.09,13.64
GA,Georgia,1967,77.41,8.89,13.7
GA,Georgia,1968,77.14,9.37,13.48
GA,Georgia,1969,77.46,9.3,13.23
GA,Georgia,1970,77.06,10.07,12.87
GA,Georgia,1971,77.1,10.61,12.29
GA,Georgia,1972,78.2,10.57,11.24
GA,Georgia,1973,79.09,10.64,10.27
GA,Georgia,1974,78.8,11.4,9.8
GA,Georgia,1975,77.49,12.32,10.19
GA,Georgia,1976,78.02,11.91,10.06
GA,Georgia,1977,78.26,11.83,9.91
GA,Georgia,1978,79.07,11.61,9.32
GA,Georgia,1979,79.5,11.45,9.06
GA,Georgia,1980,78.98,11.82,9.2
GA,Georgia,1981,79.0,11.96,9.03
GA,Georgia,1982,78.74,12.03,9.23
GA,Georgia,1983,79.42,11.82,8.75
GA,Georgia,1984,80.57,11.12,8.31
GA,Georgia,1985,80.8,11.04,8.16
GA,Georgia,1986,81.34,11.04,7.61
GA,Georgia,1987,81.63,11.23,7.15
GA,Georgia,1988,81.68,11.3,7.02
GA,Georgia,1989,81.25,11.87,6.88
GA,Georgia,1990,80.92,12.31,6.77
GA,Georgia,1991,80.37,12.66,6.98
GA,Georgia,1992,80.88,12.1,7.02
GA,Georgia,1993,81.24,12.13,6.63
GA,Georgia,1994,81.63,12.04,6.33
GA,Georgia,1995,82.2,11.9,5.9
GA,Georgia,1996,82.94,11.57,5.49
GA,Georgia,1997,83.36,11.34,5.31
GA,Georgia,1998,84.13,10.98,4.89
GA,Georgia,1999,84.67,10.66,4.67
GA,Georgia,2000,84.91,10.41,4.68
GA,Georgia,2001,84.43,10.85,4.72
GA,Georgia,2002,83.47,11.43,5.09
GA,Georgia,2003,82.82,11.69,5.5
GA,Georgia,2004,83.03,11.57,5.4
GA,Georgia,2005,82.93,11.41,5.65
GA,Georgia,2006,83.0,11.38,5.61
GA,Georgia,2007,82.73,11.5,5.76
GA,Georgia,2008,81.5,12.23,6.27
GA,Georgia,2009,80.55,12.63,6.82
GA,Georgia,2010,80.18,12.76,7.06
GA,Georgia,2011,80.88,12.25,6.87
GA,Georgia,2012,81.54,11.97,6.5
GA,Georgia,2013,82.25,11.68,6.07
GA,Georgia,2014,82.83,11.42,5.75
GA,Georgia,2015,83.23,11.25,5.52
GA,Georgia,2016,83.78,10.83,5.39
GA,Georgia,2017,84.09,10.68,5.24
GA,Georgia,2018,84.4,10.48,5.12
GA,Georgia,2019,84.84,10.12,5.05
GA,Georgia,2020,84.49,10.18,5.33
GA,Georgia,2021,85.12,9.74,5.14
GA,Georgia,2022,85.88,9.26,4.85
GA,Georgia,2023,85.4,9.62,4.98
GA,Georgia,2024,85.11,9.8,5.1
GA,Georgia,2025,85.22,9.73,5.05
HI,Hawaii,1950,61.42,8.43,30.14
HI,Hawaii,1951,55.94,7.26,36.8
HI,Hawaii,1952,53.01,6.72,40.28
HI,Hawaii,1953,53.92,7.27,38.81
HI,Hawaii,1954,55.09,7.57,37.35
HI,Hawaii,1955,56.42,7.52,36.06
HI,Hawaii,1956,57.19,7.74,35.07
HI,Hawaii,1957,58.16,8.09,33.75
HI,Hawaii,1958,59.37,8.42,32.21
HI,Hawaii,1959,61.03,8.54,30.43
HI,Hawaii,1960,61.49,8.13,30.39
HI,Hawaii,1961,60.73,8.19,31.08
HI,Hawaii,1962,59.49,8.86,31.64
HI,Hawaii,1963,58.45,9.24,32.31
HI,Hawaii,1964,58.43,8.8,32.77
HI,Hawaii,1965,58.49,8.97,32.54
HI,Hawaii,1966,59.14,9.71,31.15
HI,Hawaii,1967,58.72,10.28,31.0
HI,Hawaii,1968,59.09,10.1,30.82
HI,Hawaii,1969,61.01,10.11,28.88
HI,Hawaii,1970,60.99,10.64,28.38
HI,Hawaii,1971,59.96,11.37,28.68
HI,Hawaii,1972,60.01,10.74,29.25
HI,Hawaii,1973,61.0,10.36,28.64
HI,Hawaii,1974,62.52,10.1,27.38
HI,Hawaii,1975,61.67,10.81,27.52
HI,Hawaii,1976,61.98,11.58,26.44
HI,Hawaii,1977,62.98,11.95,25.08
HI,Hawaii,1978,63.89,11.7,24.41
HI,Hawaii,1979,66.31,10.91,22.78
HI,Hawaii,1980,66.86,10.92,22.22
HI,Hawaii,1981,65.92,11.13,22.95
HI,Hawaii,1982,64.78,11.55,23.67
HI,Hawaii,1983,65.5,11.29,23.21
HI,Hawaii,1984,65.26,11.12,23.62
HI,Hawaii,1985,65.57,11.08,23.35
HI,Hawaii,1986,66.91,11.05,22.04
HI,Hawaii,1987,68.34,10.8,20.86
HI,Hawaii,1988,69.58,10.83,19.58
HI,Hawaii,1989,70.84,11.05,18.11
HI,Hawaii,1990,72.05,11.22,16.72
HI,Hawaii,1991,71.87,11.68,16.45
HI,Hawaii,1992,71.59,12.18,16.23
HI,Hawaii,1993,72.03,12.59,15.39
HI,Hawaii,1994,71.75,12.94,15.31
HI,Hawaii,1995,71.84,13.0,15.16
HI,Hawaii,1996,72.54,12.76,14.69
HI,Hawaii,1997,72.01,12.96,15.03
HI,Hawaii,1998,71.79,13.05,15.16
HI,Hawaii,1999,71.51,13.69,14.8
HI,Hawaii,2000,72.31,12.9,14.79
HI,Hawaii,2001,72.41,12.81,14.78
HI,Hawaii,2002,71.46,13.14,15.4
HI,Hawaii,2003,71.06,12.93,16.01
HI,Hawaii,2004,71.13,12.81,16.06
HI,Hawaii,2005,71.26,12.64,16.1
HI,Hawaii,2006,71.12,12.68,16.21
HI,Hawaii,2007,70.5,12.85,16.65
HI,Hawaii,2008,69.39,13.28,17.33
HI,Hawaii,2009,67.92,13.58,18.5
HI,Hawaii,2010,67.75,12.9,19.35
HI,Hawaii,2011,67.56,12.89,19.54
HI,Hawaii,2012,68.41,12.51,19.08
HI,Hawaii,2013,69.33,12.79,17.88
HI,Hawaii,2014,68.93,13.56,17.51
HI,Hawaii,2015,69.62,13.22,17.16
HI,Hawaii,2016,69.84,13.31,16.84
HI,Hawaii,2017,70.84,12.98,16.18
HI,Hawaii,2018,71.53,13.09,15.37
HI,Hawaii,2019,71.92,13.11,14.97
HI,Hawaii,2020,69.15,14.37,16.48
HI,Hawaii,2021,70.92,13.08,16.0
HI,Hawaii,2022,72.47,12.18,15.35
HI,Hawaii,2023,72.44,12.01,15.55
HI,Hawaii,2024,71.88,12.46,15.66
HI,Hawaii,2025,71.46,12.93,15.61
IA,Iowa,1929,92.91,5.46,1.64
IA,Iowa,1930,91.57,6.52,1.91
IA,Iowa,1931,88.79,8.74,2.47
IA,Iowa,1932,85.93,10.94,3.13
IA,Iowa,1933,83.75,11.3,4.95
IA,Iowa,1934,82.81,10.94,6.25
IA,Iowa,1935,89.51,7.11,3.38
IA,Iowa,1936,86.49,7.61,5.9
IA,Iowa,1937,90.72,5.62,3.67
IA,Iowa,1938,88.42,6.68,4.9
IA,Iowa,1939,88.84,6.65,4.51
IA,Iowa,1940,89.34,6.44,4.22
IA,Iowa,1941,91.18,5.48,3.34
IA,Iowa,1942,92.65,4.09,3.27
IA,Iowa,1943,89.68,3.6,6.72
IA,Iowa,1944,87.72,4.02,8.25
IA,Iowa,1945,86.31,4.26,9.43
IA,Iowa,1946,91.88,4.12,4.0
IA,Iowa,1947,92.28,4.85,2.87
IA,Iowa,1948,93.55,4.29,2.16
IA,Iowa,1949,91.11,5.89,3.01
IA,Iowa,1950,92.3,5.39,2.31
IA,Iowa,1951,91.75,5.53,2.72
IA,Iowa,1952,91.2,5.76,3.04
IA,Iowa,1953,90.29,6.42,3.29
IA,Iowa,1954,90.53,6.27,3.19
IA,Iowa,1955,89.32,7.22,3.46
IA,Iowa,1956,89.24,7.43,3.33
IA,Iowa,1957,89.78,7.05,3.16
IA,Iowa,1958,89.42,7.53,3.05
IA,Iowa,1959,89.03,7.91,3.07
IA,Iowa,1960,88.62,8.29,3.09
IA,Iowa,1961,88.19,8.68,3.13
IA,Iowa,1962,87.84,9.03,3.13
IA,Iowa,1963,87.92,9.13,2.96
IA,Iowa,1964,87.57,9.4,3.03
IA,Iowa,1965,88.02,9.24,2.74
IA,Iowa,1966,88.07,9.36,2.57
IA,Iowa,1967,87.47,9.88,2.66
IA,Iowa,1968,86.8,10.51,2.69
IA,Iowa,1969,86.79,10.68,2.53
IA,Iowa,1970,85.81,11.35,2.84
IA,Iowa,1971,84.66,12.19,3.15
IA,Iowa,1972,85.39,11.62,3.0
IA,Iowa,1973,87.22,10.19,2.59
IA,Iowa,1974,86.34,10.97,2.7
IA,Iowa,1975,85.71,11.55,2.75
IA,Iowa,1976,85.05,12.17,2.78
IA,Iowa,1977,85.23,12.09,2.68
IA,Iowa,1978,86.42,11.07,2.51
IA,Iowa,1979,86.21,11.31,2.48
IA,Iowa,1980,85.03,12.31,2.66
IA,Iowa,1981,85.25,12.12,2.63
IA,Iowa,1982,83.61,13.48,2.91
IA,Iowa,1983,82.71,14.19,3.1
IA,Iowa,1984,84.15,12.98,2.87
IA,Iowa,1985,83.7,13.34,2.96
IA,Iowa,1986,83.77,13.3,2.93
IA,Iowa,1987,84.1,13.08,2.81
IA,Iowa,1988,83.53,13.58,2.88
IA,Iowa,1989,83.95,13.34,2.71
IA,Iowa,1990,83.71,13.55,2.74
IA,Iowa,1991,83.04,14.17,2.79
IA,Iowa,1992,83.49,13.79,2.72
IA,Iowa,1993,82.81,14.43,2.76
IA,Iowa,1994,83.92,13.52,2.56
IA,Iowa,1995,83.66,13.82,2.52
IA,Iowa,1996,84.42,13.23,2.35
IA,Iowa,1997,84.63,13.12,2.25
IA,Iowa,1998,84.63,13.18,2.2
IA,Iowa,1999,84.42,13.4,2.18
IA,Iowa,2000,84.48,13.34,2.19
IA,Iowa,2001,83.95,13.91,2.14
IA,Iowa,2002,83.83,13.89,2.28
IA,Iowa,2003,83.68,13.86,2.46
IA,Iowa,2004,84.49,13.19,2.31
IA,Iowa,2005,84.33,13.33,2.34
IA,Iowa,2006,84.35,13.39,2.26
IA,Iowa,2007,84.47,13.32,2.2
IA,Iowa,2008,84.28,13.49,2.22
IA,Iowa,2009,82.57,15.01,2.41
IA,Iowa,2010,82.57,15.03,2.41
IA,Iowa,2011,83.72,14.05,2.22
IA,Iowa,2012,84.3,13.62,2.08
IA,Iowa,2013,84.28,13.77,1.95
IA,Iowa,2014,84.05,14.04,1.91
IA,Iowa,2015,83.92,14.19,1.89
IA,Iowa,2016,83.33,14.76,1.92
IA,Iowa,2017,83.26,14.85,1.89
IA,Iowa,2018,83.43,14.66,1.9
IA,Iowa,2019,83.5,14.57,1.93
IA,Iowa,2020,83.49,14.52,1.99
IA,Iowa,2021,84.95,13.2,1.85
IA,Iowa,2022,86.11,12.14,1.75
IA,Iowa,2023,85.4,12.69,1.91
IA,Iowa,2024,84.6,13.42,1.99
IA,Iowa,2025,84.7,13.37,1.92
ID,Idaho,1929,91.62,5.06,3.32
ID,Idaho,1930,90.85,5.81,3.34
ID,Idaho,1931,87.96,7.48,4.56
ID,Idaho,1932,83.68,10.3,6.02
ID,Idaho,1933,77.8,11.14,11.06
ID,Idaho,1934,83.16,8.62,8.22
ID,Idaho,1935,84.45,9.1,6.45
ID,Idaho,1936,85.37,6.81,7.82
ID,Idaho,1937,85.45,7.83,6.71
ID,Idaho,1938,83.59,8.33,8.07
ID,Idaho,1939,84.43,7.58,7.99
ID,Idaho,1940,83.79,7.43,8.78
ID,Idaho,1941,85.56,6.38,8.06
ID,Idaho,1942,86.98,4.37,8.65
ID,Idaho,1943,78.01,3.81,18.18
ID,Idaho,1944,73.01,3.66,23.33
ID,Idaho,1945,77.33,4.23,18.44
ID,Idaho,1946,86.71,5.0,8.28
ID,Idaho,1947,89.84,5.26,4.9
ID,Idaho,1948,89.99,5.54,4.47
ID,Idaho,1949,88.42,6.13,5.46
ID,Idaho,1950,89.53,6.3,4.17
ID,Idaho,1951,88.06,5.93,6.01
ID,Idaho,1952,86.45,5.57,7.98
ID,Idaho,1953,86.2,6.37,7.43
ID,Idaho,1954,85.59,6.96,7.45
ID,Idaho,1955,85.66,7.07,7.27
ID,Idaho,1956,85.65,6.92,7.43
ID,Idaho,1957,84.93,7.32,7.75
ID,Idaho,1958,83.56,8.29,8.15
ID,Idaho,1959,83.67,8.45,7.88
ID,Idaho,1960,82.93,8.79,8.28
ID,Idaho,1961,82.87,8.8,8.33
ID,Idaho,1962,82.91,8.87,8.22
ID,Idaho,1963,81.92,9.4,8.68
ID,Idaho,1964,81.23,9.81,8.96
ID,Idaho,1965,83.05,9.12,7.83
ID,Idaho,1966,82.44,9.79,7.77
ID,Idaho,1967,82.24,10.17,7.59
ID,Idaho,1968,81.62,10.64,7.74
ID,Idaho,1969,81.98,10.36,7.67
ID,Idaho,1970,80.89,10.92,8.19
ID,Idaho,1971,79.78,11.61,8.61
ID,Idaho,1972,80.2,11.33,8.47
ID,Idaho,1973,81.44,10.68,7.88
ID,Idaho,1974,82.16,10.44,7.4
ID,Idaho,1975,80.09,11.91,8.0
ID,Idaho,1976,80.78,11.68,7.54
ID,Idaho,1977,80.54,12.04,7.42
ID,Idaho,1978,81.49,11.5,7.01
ID,Idaho,1979,81.32,11.67,7.01
ID,Idaho,1980,81.48,11.76,6.77
ID,Idaho,1981,81.02,12.17,6.81
ID,Idaho,1982,79.69,13.14,7.17
ID,Idaho,1983,80.45,12.61,6.95
ID,Idaho,1984,80.53,12.65,6.82
ID,Idaho,1985,79.91,13.22,6.87
ID,Idaho,1986,79.58,13.48,6.95
ID,Idaho,1987,79.94,13.37,6.69
ID,Idaho,1988,80.29,13.2,6.51
ID,Idaho,1989,80.72,13.21,6.07
ID,Idaho,1990,80.75,13.45,5.8
ID,Idaho,1991,79.82,14.37,5.81
ID,Idaho,1992,79.8,14.51,5.69
ID,Idaho,1993,80.7,13.94,5.36
ID,Idaho,1994,80.91,14.01,5.08
ID,Idaho,1995,81.09,14.22,4.7
ID,Idaho,1996,81.15,14.34,4.51
ID,Idaho,1997,80.97,14.5,4.53
ID,Idaho,1998,81.51,14.15,4.34
ID,Idaho,1999,81.69,14.17,4.14
ID,Idaho,2000,82.14,13.82,4.04
ID,Idaho,2001,81.77,14.1,4.13
ID,Idaho,2002,81.53,14.14,4.33
ID,Idaho,2003,81.06,14.25,4.7
ID,Idaho,2004,81.17,14.12,4.72
ID,Idaho,2005,81.56,13.82,4.62
ID,Idaho,2006,82.38,13.28,4.34
ID,Idaho,2007,82.69,13.07,4.25
ID,Idaho,2008,81.87,13.71,4.42
ID,Idaho,2009,80.57,14.58,4.85
ID,Idaho,2010,80.92,14.28,4.81
ID,Idaho,2011,81.83,13.61,4.57
ID,Idaho,2012,82.04,13.49,4.47
ID,Idaho,2013,82.75,13.15,4.1
ID,Idaho,2014,83.45,12.63,3.92
ID,Idaho,2015,83.39,12.81,3.8
ID,Idaho,2016,83.5,12.67,3.83
ID,Idaho,2017,83.72,12.58,3.7
ID,Idaho,2018,84.06,12.3,3.64
ID,Idaho,2019,84.67,11.88,3.46
ID,Idaho,2020,85.25,11.4,3.35
ID,Idaho,2021,86.05,10.76,3.19
ID,Idaho,2022,86.47,10.44,3.09
ID,Idaho,2023,85.65,11.07,3.28
ID,Idaho,2024,85.97,10.65,3.39
ID,Idaho,2025,86.44,10.33,3.23
IL,Illinois,1929,93.33,5.24,1.43
IL,Illinois,1930,91.77,6.49,1.74
IL,Illinois,1931,90.25,7.62,2.12
IL,Illinois,1932,88.52,8.73,2.76
IL,Illinois,1933,87.3,9.13,3.57
IL,Illinois,1934,87.36,8.44,4.2
IL,Illinois,1935,88.67,7.79,3.54
IL,Illinois,1936,86.98,6.65,6.37
IL,Illinois,1937,89.91,5.68,4.41
IL,Illinois,1938,86.83,7.05,6.12
IL,Illinois,1939,87.65,6.75,5.6
IL,Illinois,1940,88.44,6.52,5.04
IL,Illinois,1941,90.46,4.96,4.58
IL,Illinois,1942,89.81,4.1,6.09
IL,Illinois,1943,87.19,3.53,9.28
IL,Illinois,1944,85.51,3.35,11.13
IL,Illinois,1945,84.78,3.55,11.66
IL,Illinois,1946,88.59,3.73,7.68
IL,Illinois,1947,91.4,4.05,4.55
IL,Illinois,1948,91.49,4.57,3.94
IL,Illinois,1949,90.36,5.18,4.46
IL,Illinois,1950,90.69,5.01,4.3
IL,Illinois,1951,90.32,4.74,4.94
IL,Illinois,1952,89.88,4.9,5.22
IL,Illinois,1953,90.46,4.91,4.63
IL,Illinois,1954,89.96,5.37,4.66
IL,Illinois,1955,89.92,5.43,4.65
IL,Illinois,1956,90.29,5.42,4.29
IL,Illinois,1957,90.18,5.7,4.12
IL,Illinois,1958,89.42,6.35,4.23
IL,Illinois,1959,89.58,6.38,4.04
IL,Illinois,1960,89.1,6.84,4.06
IL,Illinois,1961,88.62,7.23,4.15
IL,Illinois,1962,88.57,7.3,4.13
IL,Illinois,1963,88.43,7.47,4.1
IL,Illinois,1964,88.29,7.6,4.12
IL,Illinois,1965,88.32,7.66,4.02
IL,Illinois,1966,88.23,7.56,4.21
IL,Illinois,1967,87.79,7.92,4.29
IL,Illinois,1968,87.24,8.45,4.3
IL,Illinois,1969,87.24,8.48,4.28
IL,Illinois,1970,86.05,9.37,4.57
IL,Illinois,1971,85.51,10.04,4.44
IL,Illinois,1972,85.39,10.28,4.32
IL,Illinois,1973,85.97,10.01,4.02
IL,Illinois,1974,86.14,9.92,3.95
IL,Illinois,1975,85.27,10.64,4.09
IL,Illinois,1976,85.77,10.31,3.92
IL,Illinois,1977,86.39,9.9,3.71
IL,Illinois,1978,86.56,9.86,3.58
IL,Illinois,1979,86.79,9.78,3.42
IL,Illinois,1980,86.47,9.9,3.63
IL,Illinois,1981,86.22,10.06,3.72
IL,Illinois,1982,85.37,10.74,3.89
IL,Illinois,1983,85.14,10.9,3.96
IL,Illinois,1984,85.81,10.36,3.83
IL,Illinois,1985,85.82,10.37,3.81
IL,Illinois,1986,85.79,10.51,3.7
IL,Illinois,1987,86.16,10.34,3.5
IL,Illinois,1988,86.44,10.15,3.42
IL,Illinois,1989,86.42,10.24,3.33
IL,Illinois,1990,86.14,10.5,3.36
IL,Illinois,1991,85.34,11.24,3.41
IL,Illinois,1992,85.38,11.36,3.26
IL,Illinois,1993,85.34,11.56,3.1
IL,Illinois,1994,85.59,11.43,2.98
IL,Illinois,1995,85.74,11.38,2.88
IL,Illinois,1996,86.02,11.17,2.82
IL,Illinois,1997,86.37,10.99,2.64
IL,Illinois,1998,86.57,10.9,2.53
IL,Illinois,1999,86.69,10.87,2.45
IL,Illinois,2000,86.91,10.66,2.43
IL,Illinois,2001,86.17,11.49,2.33
IL,Illinois,2002,85.52,12.04,2.44
IL,Illinois,2003,85.24,12.22,2.55
IL,Illinois,2004,85.08,12.33,2.58
IL,Illinois,2005,84.99,12.39,2.62
IL,Illinois,2006,85.33,12.15,2.52
IL,Illinois,2007,85.5,12.0,2.5
IL,Illinois,2008,85.14,12.29,2.57
IL,Illinois,2009,83.76,13.43,2.81
IL,Illinois,2010,83.46,13.64,2.89
IL,Illinois,2011,84.27,13.04,2.69
IL,Illinois,2012,84.9,12.58,2.52
IL,Illinois,2013,84.89,12.75,2.35
IL,Illinois,2014,85.2,12.51,2.29
IL,Illinois,2015,85.6,12.13,2.27
IL,Illinois,2016,85.9,11.76,2.34
IL,Illinois,2017,86.08,11.56,2.35
IL,Illinois,2018,86.44,11.28,2.28
IL,Illinois,2019,86.58,11.18,2.25
IL,Illinois,2020,86.28,11.33,2.39
IL,Illinois,2021,86.76,10.93,2.31
IL,Illinois,2022,87.1,10.66,2.24
IL,Illinois,2023,86.86,10.85,2.29
IL,Illinois,2024,86.51,11.14,2.35
IL,Illinois,2025,86.55,11.12,2.34
IN,Indiana,1929,93.45,5.23,1.33
IN,Indiana,1930,91.85,6.56,1.6
IN,Indiana,1931,90.29,7.79,1.91
IN,Indiana,1932,86.71,10.69,2.59
IN,Indiana,1933,85.89,10.3,3.82
IN,Indiana,1934,86.41,9.31,4.28
IN,Indiana,1935,88.18,8.1,3.73
IN,Indiana,1936,86.78,6.39,6.82
IN,Indiana,1937,89.73,5.62,4.65
IN,Indiana,1938,85.42,7.41,7.18
IN,Indiana,1939,87.56,6.75,5.69
IN,Indiana,1940,88.82,6.56,4.62
IN,Indiana,1941,91.94,4.76,3.3
IN,Indiana,1942,91.8,3.75,4.45
IN,Indiana,1943,89.34,3.21,7.45
IN,Indiana,1944,87.79,3.33,8.89
IN,Indiana,1945,85.71,3.66,10.63
IN,Indiana,1946,89.34,4.27,6.39
IN,Indiana,1947,92.56,4.44,3.0
IN,Indiana,1948,92.65,4.58,2.77
IN,Indiana,1949,91.17,5.52,3.31
IN,Indiana,1950,91.37,5.22,3.42
IN,Indiana,1951,90.21,4.7,5.09
IN,Indiana,1952,89.9,4.85,5.25
IN,Indiana,1953,90.26,4.75,4.98
IN,Indiana,1954,90.46,5.53,4.01
IN,Indiana,1955,91.17,5.44,3.39
IN,Indiana,1956,91.05,5.59,3.36
IN,Indiana,1957,90.53,6.1,3.36
IN,Indiana,1958,89.75,6.87,3.38
IN,Indiana,1959,89.91,6.77,3.31
IN,Indiana,1960,89.54,7.14,3.32
IN,Indiana,1961,88.89,7.66,3.45
IN,Indiana,1962,88.88,7.72,3.39
IN,Indiana,1963,88.84,7.92,3.24
IN,Indiana,1964,88.57,8.2,3.23
IN,Indiana,1965,88.74,8.23,3.03
IN,Indiana,1966,88.39,8.5,3.1
IN,Indiana,1967,88.15,8.53,3.32
IN,Indiana,1968,87.95,8.63,3.42
IN,Indiana,1969,88.15,8.46,3.4
IN,Indiana,1970,87.34,9.07,3.59
IN,Indiana,1971,86.74,9.47,3.79
IN,Indiana,1972,86.83,9.36,3.8
IN,Indiana,1973,87.81,8.68,3.51
IN,Indiana,1974,87.54,8.84,3.62
IN,Indiana,1975,86.85,9.45,3.7
IN,Indiana,1976,87.33,9.26,3.41
IN,Indiana,1977,87.64,9.12,3.24
IN,Indiana,1978,87.91,8.96,3.13
IN,Indiana,1979,87.94,9.02,3.04
IN,Indiana,1980,86.89,9.81,3.3
IN,Indiana,1981,86.73,9.88,3.4
IN,Indiana,1982,85.97,10.49,3.54
IN,Indiana,1983,85.74,10.64,3.63
IN,Indiana,1984,86.45,10.09,3.45
IN,Indiana,1985,86.15,10.33,3.53
IN,Indiana,1986,86.02,10.54,3.44
IN,Indiana,1987,86.25,10.5,3.25
IN,Indiana,1988,86.18,10.6,3.22
IN,Indiana,1989,86.21,10.67,3.12
IN,Indiana,1990,85.78,11.04,3.18
IN,Indiana,1991,85.26,11.5,3.24
IN,Indiana,1992,85.4,11.38,3.22
IN,Indiana,1993,85.69,11.23,3.08
IN,Indiana,1994,86.15,11.02,2.83
IN,Indiana,1995,86.31,11.06,2.62
IN,Indiana,1996,86.6,10.98,2.42
IN,Indiana,1997,87.17,10.68,2.15
IN,Indiana,1998,87.66,10.31,2.04
IN,Indiana,1999,87.53,10.44,2.03
IN,Indiana,2000,87.43,10.47,2.11
IN,Indiana,2001,87.16,10.82,2.02
IN,Indiana,2002,86.87,11.04,2.09
IN,Indiana,2003,86.51,11.22,2.27
IN,Indiana,2004,86.47,11.25,2.28
IN,Indiana,2005,86.28,11.37,2.35
IN,Indiana,2006,86.65,11.06,2.28
IN,Indiana,2007,86.42,11.26,2.33
IN,Indiana,2008,86.09,11.49,2.43
IN,Indiana,2009,85.06,12.24,2.69
IN,Indiana,2010,85.67,11.63,2.7
IN,Indiana,2011,86.39,11.11,2.5
IN,Indiana,2012,87.0,10.63,2.37
IN,Indiana,2013,87.52,10.24,2.23
IN,Indiana,2014,87.43,10.36,2.21
IN,Indiana,2015,87.64,10.15,2.2
IN,Indiana,2016,87.64,10.17,2.19
IN,Indiana,2017,87.67,10.17,2.16
IN,Indiana,2018,87.69,10.15,2.16
IN,Indiana,2019,87.98,9.87,2.14
IN,Indiana,2020,88.03,9.77,2.2
IN,Indiana,2021,89.02,8.95,2.03
IN,Indiana,2022,89.32,8.69,1.99
IN,Indiana,2023,88.92,9.02,2.06
IN,Indiana,2024,88.69,9.22,2.09
IN,Indiana,2025,88.93,9.08,1.99
KS,Kansas,1929,91.96,5.28,2.76
KS,Kansas,1930,90.59,6.23,3.18
KS,Kansas,1931,88.66,7.58,3.76
KS,Kansas,1932,83.13,11.4,5.47
KS,Kansas,1933,81.75,11.34,6.92
KS,Kansas,1934,81.47,11.29,7.24
KS,Kansas,1935,84.1,10.11,5.79
KS,Kansas,1936,83.1,7.27,9.63
KS,Kansas,1937,85.9,6.69,7.41
KS,Kansas,1938,83.65,8.01,8.34
KS,Kansas,1939,83.13,8.56,8.31
KS,Kansas,1940,84.14,8.27,7.59
KS,Kansas,1941,85.2,6.82,7.98
KS,Kansas,1942,86.48,4.35,9.17
KS,Kansas,1943,81.14,3.57,15.28
KS,Kansas,1944,79.5,3.49,17.01
KS,Kansas,1945,78.09,4.17,17.75
KS,Kansas,1946,84.87,4.77,10.36
KS,Kansas,1947,89.89,4.6,5.51
KS,Kansas,1948,88.41,5.24,6.36
KS,Kansas,1949,86.01,5.83,8.15
KS,Kansas,1950,87.48,5.62,6.9
KS,Kansas,1951,86.84,5.44,7.72
KS,Kansas,1952,86.23,5.11,8.66
KS,Kansas,1953,83.44,5.84,10.72
KS,Kansas,1954,83.81,6.04,10.15
KS,Kansas,1955,82.7,6.62,10.69
KS,Kansas,1956,82.37,6.92,10.72
KS,Kansas,1957,81.99,7.4,10.61
KS,Kansas,1958,82.52,7.7,9.78
KS,Kansas,1959,82.12,8.19,9.69
KS,Kansas,1960,81.85,8.55,9.61
KS,Kansas,1961,81.35,8.95,9.7
KS,Kansas,1962,81.15,9.34,9.51
KS,Kansas,1963,80.95,9.97,9.08
KS,Kansas,1964,80.2,10.44,9.36
KS,Kansas,1965,80.68,10.79,8.54
KS,Kansas,1966,81.13,10.98,7.89
KS,Kansas,1967,80.77,11.55,7.68
KS,Kansas,1968,80.1,11.32,8.59
KS,Kansas,1969,79.39,11.53,9.08
KS,Kansas,1970,78.79,11.82,9.4
KS,Kansas,1971,78.44,12.1,9.46
KS,Kansas,1972,79.56,11.44,9.0
KS,Kansas,1973,81.35,10.6,8.05
KS,Kansas,1974,81.12,10.8,8.08
KS,Kansas,1975,80.66,11.5,7.84
KS,Kansas,1976,80.92,11.64,7.44
KS,Kansas,1977,81.19,11.71,7.1
KS,Kansas,1978,81.85,11.39,6.76
KS,Kansas,1979,82.95,10.82,6.23
KS,Kansas,1980,82.02,11.47,6.5
KS,Kansas,1981,82.02,11.47,6.51
KS,Kansas,1982,81.5,11.86,6.64
KS,Kansas,1983,81.33,12.09,6.58
KS,Kansas,1984,82.13,11.61,6.25
KS,Kansas,1985,81.52,12.03,6.45
KS,Kansas,1986,81.52,12.2,6.27
KS,Kansas,1987,81.96,11.98,6.06
KS,Kansas,1988,81.63,12.17,6.2
KS,Kansas,1989,81.32,12.58,6.1
KS,Kansas,1990,81.4,12.69,5.91
KS,Kansas,1991,80.91,13.23,5.86
KS,Kansas,1992,80.75,13.13,6.12
KS,Kansas,1993,80.83,13.31,5.86
KS,Kansas,1994,80.93,13.34,5.73
KS,Kansas,1995,81.04,13.52,5.44
KS,Kansas,1996,82.14,13.06,4.8
KS,Kansas,1997,82.93,12.51,4.56
KS,Kansas,1998,83.32,12.3,4.38
KS,Kansas,1999,83.2,12.52,4.28
KS,Kansas,2000,83.0,12.59,4.41
KS,Kansas,2001,82.75,12.87,4.37
KS,Kansas,2002,82.05,13.23,4.72
KS,Kansas,2003,81.83,13.08,5.09
KS,Kansas,2004,81.32,13.44,5.24
KS,Kansas,2005,81.59,13.19,5.22
KS,Kansas,2006,81.88,12.86,5.26
KS,Kansas,2007,81.68,13.0,5.33
KS,Kansas,2008,81.84,12.87,5.29
KS,Kansas,2009,80.75,13.38,5.86
KS,Kansas,2010,80.78,12.96,6.26
KS,Kansas,2011,81.63,12.37,6.0
KS,Kansas,2012,82.48,11.88,5.64
KS,Kansas,2013,83.01,11.89,5.1
KS,Kansas,2014,82.54,12.37,5.09
KS,Kansas,2015,82.7,12.24,5.06
KS,Kansas,2016,82.51,12.46,5.03
KS,Kansas,2017,82.95,12.1,4.95
KS,Kansas,2018,83.14,11.97,4.89
KS,Kansas,2019,83.31,11.93,4.76
KS,Kansas,2020,83.64,11.51,4.86
KS,Kansas,2021,83.63,11.52,4.84
KS,Kansas,2022,84.62,10.8,4.58
KS,Kansas,2023,83.72,11.41,4.87
KS,Kansas,2024,83.38,11.66,4.96
KS,Kansas,2025,83.63,11.58,4.79
KY,Kentucky,1929,92.85,5.02,2.13
KY,Kentucky,1930,91.11,6.2,2.7
KY,Kentucky,1931,89.47,7.49,3.04
KY,Kentucky,1932,85.68,10.17,4.15
KY,Kentucky,1933,83.78,11.19,5.04
KY,Kentucky,1934,85.16,9.13,5.71
KY,Kentucky,1935,85.49,8.87,5.64
KY,Kentucky,1936,84.45,6.83,8.72
KY,Kentucky,1937,87.27,6.16,6.57
KY,Kentucky,1938,83.76,7.39,8.85
KY,Kentucky,1939,84.13,7.09,8.78
KY,Kentucky,1940,84.0,6.74,9.27
KY,Kentucky,1941,83.8,5.36,10.84
KY,Kentucky,1942,81.55,3.89,14.56
KY,Kentucky,1943,76.26,3.25,20.49
KY,Kentucky,1944,76.68,3.29,20.03
KY,Kentucky,1945,76.27,3.61,20.13
KY,Kentucky,1946,83.62,3.73,12.65
KY,Kentucky,1947,87.89,4.17,7.94
KY,Kentucky,1948,86.42,4.37,9.21
KY,Kentucky,1949,85.16,5.19,9.65
KY,Kentucky,1950,83.47,5.2,11.33
KY,Kentucky,1951,81.15,4.64,14.21
KY,Kentucky,1952,80.82,4.73,14.45
KY,Kentucky,1953,81.4,4.95,13.65
KY,Kentucky,1954,81.77,5.47,12.77
KY,Kentucky,1955,81.94,5.69,12.37
KY,Kentucky,1956,84.28,5.94,9.78
KY,Kentucky,1957,83.68,6.51,9.81
KY,Kentucky,1958,82.84,6.93,10.22
KY,Kentucky,1959,83.33,6.91,9.75
KY,Kentucky,1960,82.65,7.24,10.12
KY,Kentucky,1961,81.95,7.81,10.24
KY,Kentucky,1962,81.75,7.97,10.28
KY,Kentucky,1963,81.67,8.33,10.0
KY,Kentucky,1964,81.75,8.59,9.66
KY,Kentucky,1965,82.15,8.56,9.28
KY,Kentucky,1966,81.41,8.59,10.0
KY,Kentucky,1967,80.14,9.08,10.78
KY,Kentucky,1968,79.83,9.54,10.63
KY,Kentucky,1969,80.49,9.6,9.91
KY,Kentucky,1970,80.28,10.03,9.7
KY,Kentucky,1971,79.92,10.28,9.8
KY,Kentucky,1972,80.64,10.07,9.28
KY,Kentucky,1973,81.06,9.76,9.17
KY,Kentucky,1974,81.26,9.57,9.17
KY,Kentucky,1975,80.59,10.28,9.13
KY,Kentucky,1976,81.31,9.98,8.72
KY,Kentucky,1977,82.29,9.72,7.99
KY,Kentucky,1978,82.86,9.8,7.34
KY,Kentucky,1979,82.88,10.0,7.12
KY,Kentucky,1980,82.17,10.51,7.31
KY,Kentucky,1981,82.26,10.4,7.35
KY,Kentucky,1982,81.36,10.75,7.88
KY,Kentucky,1983,80.58,11.22,8.2
KY,Kentucky,1984,81.95,10.58,7.47
KY,Kentucky,1985,81.44,10.85,7.71
KY,Kentucky,1986,81.02,11.37,7.6
KY,Kentucky,1987,81.3,11.43,7.28
KY,Kentucky,1988,81.77,11.22,7.01
KY,Kentucky,1989,81.88,11.34,6.78
KY,Kentucky,1990,81.68,11.81,6.51
KY,Kentucky,1991,80.93,12.58,6.49
KY,Kentucky,1992,80.55,12.66,6.79
KY,Kentucky,1993,81.12,12.54,6.34
KY,Kentucky,1994,81.49,12.45,6.06
KY,Kentucky,1995,81.41,12.75,5.83
KY,Kentucky,1996,81.9,12.59,5.5
KY,Kentucky,1997,82.46,12.36,5.18
KY,Kentucky,1998,82.95,12.14,4.91
KY,Kentucky,1999,82.82,12.37,4.81
KY,Kentucky,2000,83.06,12.07,4.87
KY,Kentucky,2001,82.44,12.58,4.98
KY,Kentucky,2002,82.05,12.81,5.14
KY,Kentucky,2003,81.73,12.75,5.51
KY,Kentucky,2004,81.91,12.54,5.55
KY,Kentucky,2005,81.32,12.67,6.02
KY,Kentucky,2006,80.65,13.1,6.26
KY,Kentucky,2007,80.17,13.58,6.26
KY,Kentucky,2008,79.11,14.09,6.79
KY,Kentucky,2009,78.51,14.05,7.44
KY,Kentucky,2010,77.61,14.77,7.63
KY,Kentucky,2011,78.55,13.71,7.74
KY,Kentucky,2012,79.19,13.71,7.1
KY,Kentucky,2013,79.55,13.85,6.6
KY,Kentucky,2014,80.22,13.52,6.26
KY,Kentucky,2015,80.66,13.42,5.92
KY,Kentucky,2016,81.34,12.88,5.79
KY,Kentucky,2017,81.92,12.41,5.66
KY,Kentucky,2018,81.95,12.49,5.57
KY,Kentucky,2019,82.42,12.21,5.37
KY,Kentucky,2020,82.32,12.1,5.57
KY,Kentucky,2021,83.44,11.13,5.43
KY,Kentucky,2022,83.94,10.76,5.3
KY,Kentucky,2023,83.79,10.91,5.3
KY,Kentucky,2024,83.3,11.43,5.28
KY,Kentucky,2025,83.27,11.57,5.16
LA,Louisiana,1929,91.14,6.37,2.5
LA,Louisiana,1930,89.03,7.86,3.11
LA,Louisiana,1931,86.69,9.79,3.52
LA,Louisiana,1932,84.09,11.48,4.43
LA,Louisiana,1933,81.21,12.76,6.03
LA,Louisiana,1934,82.64,11.09,6.28
LA,Louisiana,1935,83.37,10.63,6.01
LA,Louisiana,1936,82.67,8.02,9.31
LA,Louisiana,1937,85.14,7.71,7.15
LA,Louisiana,1938,83.82,8.46,7.71
LA,Louisiana,1939,83.72,8.43,7.85
LA,Louisiana,1940,84.02,8.3,7.68
LA,Louisiana,1941,76.89,6.37,16.73
LA,Louisiana,1942,73.38,4.66,21.95
LA,Louisiana,1943,70.17,3.68,26.14
LA,Louisiana,1944,69.35,3.73,26.91
LA,Louisiana,1945,71.54,4.12,24.34
LA,Louisiana,1946,80.74,4.74,14.52
LA,Louisiana,1947,87.26,5.41,7.32
LA,Louisiana,1948,88.25,6.01,5.74
LA,Louisiana,1949,86.8,7.05,6.15
LA,Louisiana,1950,85.76,7.17,7.07
LA,Louisiana,1951,83.48,6.73,9.79
LA,Louisiana,1952,82.63,6.71,10.67
LA,Louisiana,1953,83.0,6.84,10.16
LA,Louisiana,1954,83.94,7.71,8.36
LA,Louisiana,1955,84.41,8.11,7.48
LA,Louisiana,1956,83.69,8.03,8.28
LA,Louisiana,1957,83.36,8.45,8.19
LA,Louisiana,1958,82.67,9.47,7.86
LA,Louisiana,1959,83.55,9.43,7.02
LA,Louisiana,1960,83.23,10.21,6.56
LA,Louisiana,1961,82.48,10.77,6.75
LA,Louisiana,1962,81.5,10.64,7.86
LA,Louisiana,1963,82.15,10.41,7.45
LA,Louisiana,1964,82.73,10.26,7.01
LA,Louisiana,1965,82.73,10.36,6.91
LA,Louisiana,1966,82.6,10.38,7.02
LA,Louisiana,1967,81.59,11.37,7.03
LA,Louisiana,1968,81.51,11.68,6.81
LA,Louisiana,1969,80.95,12.12,6.93
LA,Louisiana,1970,80.21,12.62,7.17
LA,Louisiana,1971,79.98,12.77,7.25
LA,Louisiana,1972,80.02,12.9,7.08
LA,Louisiana,1973,80.96,12.42,6.62
LA,Louisiana,1974,81.5,12.02,6.49
LA,Louisiana,1975,81.2,12.38,6.42
LA,Louisiana,1976,82.45,11.99,5.56
LA,Louisiana,1977,82.89,11.79,5.31
LA,Louisiana,1978,83.69,11.15,5.17
LA,Louisiana,1979,84.21,10.98,4.81
LA,Louisiana,1980,83.85,11.48,4.67
LA,Louisiana,1981,83.98,11.42,4.6
LA,Louisiana,1982,82.99,12.24,4.77
LA,Louisiana,1983,82.28,12.66,5.06
LA,Louisiana,1984,82.43,12.53,5.03
LA,Louisiana,1985,81.84,12.93,5.22
LA,Louisiana,1986,81.15,13.35,5.5
LA,Louisiana,1987,80.96,13.34,5.7
LA,Louisiana,1988,81.41,12.8,5.79
LA,Louisiana,1989,81.21,13.03,5.76
LA,Louisiana,1990,81.02,13.34,5.63
LA,Louisiana,1991,80.37,13.93,5.7
LA,Louisiana,1992,80.09,14.38,5.53
LA,Louisiana,1993,80.34,14.65,5.01
LA,Louisiana,1994,80.64,14.56,4.8
LA,Louisiana,1995,80.71,14.73,4.56
LA,Louisiana,1996,81.32,14.3,4.37
LA,Louisiana,1997,81.7,14.14,4.15
LA,Louisiana,1998,81.74,14.25,4.01
LA,Louisiana,1999,81.53,14.43,4.03
LA,Louisiana,2000,81.65,14.25,4.1
LA,Louisiana,2001,81.81,14.21,3.99
LA,Louisiana,2002,80.99,14.79,4.23
LA,Louisiana,2003,80.38,15.02,4.6
LA,Louisiana,2004,79.75,15.59,4.66
LA,Louisiana,2005,79.91,15.34,4.74
LA,Louisiana,2006,81.34,14.35,4.32
LA,Louisiana,2007,81.12,14.72,4.15
LA,Louisiana,2008,81.03,14.85,4.13
LA,Louisiana,2009,80.07,15.56,4.37
LA,Louisiana,2010,80.39,15.17,4.44
LA,Louisiana,2011,80.54,15.07,4.39
LA,Louisiana,2012,81.73,14.12,4.16
LA,Louisiana,2013,82.58,13.51,3.91
LA,Louisiana,2014,83.72,12.61,3.66
LA,Louisiana,2015,83.38,12.92,3.7
LA,Louisiana,2016,82.88,13.21,3.91
LA,Louisiana,2017,82.82,13.37,3.81
LA,Louisiana,2018,83.07,13.15,3.78
LA,Louisiana,2019,83.22,13.01,3.77
LA,Louisiana,2020,82.66,13.33,4.01
LA,Louisiana,2021,83.83,12.33,3.84
LA,Louisiana,2022,84.11,12.1,3.79
LA,Louisiana,2023,84.0,12.19,3.81
LA,Louisiana,2024,83.95,12.23,3.82
LA,Louisiana,2025,84.16,12.11,3.73
MA,Massachusetts,1929,91.74,6.46,1.8
MA,Massachusetts,1930,90.55,7.43,2.02
MA,Massachusetts,1931,88.97,8.75,2.28
MA,Massachusetts,1932,86.39,10.85,2.75
MA,Massachusetts,1933,85.93,10.71,3.36
MA,Massachusetts,1934,84.46,11.45,4.09
MA,Massachusetts,1935,83.34,12.62,4.04
MA,Massachusetts,1936,83.09,9.05,7.86
MA,Massachusetts,1937,85.39,8.34,6.28
MA,Massachusetts,1938,82.94,9.41,7.65
MA,Massachusetts,1939,84.27,8.79,6.93
MA,Massachusetts,1940,85.31,8.13,6.56
MA,Massachusetts,1941,84.61,6.4,8.99
MA,Massachusetts,1942,82.76,5.01,12.23
MA,Massachusetts,1943,80.72,4.28,15.0
MA,Massachusetts,1944,79.13,4.14,16.73
MA,Massachusetts,1945,79.11,4.46,16.43
MA,Massachusetts,1946,85.47,4.86,9.66
MA,Massachusetts,1947,88.81,5.56,5.63
MA,Massachusetts,1948,88.85,6.08,5.07
MA,Massachusetts,1949,86.89,7.26,5.85
MA,Massachusetts,1950,86.99,7.25,5.76
MA,Massachusetts,1951,85.75,6.73,7.52
MA,Massachusetts,1952,84.68,6.95,8.37
MA,Massachusetts,1953,85.2,6.97,7.83
MA,Massachusetts,1954,85.27,7.35,7.37
MA,Massachusetts,1955,85.82,7.26,6.92
MA,Massachusetts,1956,86.18,7.12,6.71
MA,Massachusetts,1957,85.78,7.35,6.87
MA,Massachusetts,1958,85.1,7.81,7.08
MA,Massachusetts,1959,85.8,7.56,6.64
MA,Massachusetts,1960,85.77,7.74,6.5
MA,Massachusetts,1961,85.3,8.03,6.68
MA,Massachusetts,1962,85.53,8.06,6.41
MA,Massachusetts,1963,85.2,8.57,6.23
MA,Massachusetts,1964,85.07,8.75,6.18
MA,Massachusetts,1965,85.3,8.83,5.88
MA,Massachusetts,1966,85.63,8.65,5.71
MA,Massachusetts,1967,85.23,9.27,5.5
MA,Massachusetts,1968,84.95,9.62,5.43
MA,Massachusetts,1969,84.81,9.88,5.31
MA,Massachusetts,1970,84.09,10.38,5.53
MA,Massachusetts,1971,83.2,11.19,5.61
MA,Massachusetts,1972,82.82,11.64,5.53
MA,Massachusetts,1973,82.89,11.95,5.16
MA,Massachusetts,1974,83.16,12.1,4.75
MA,Massachusetts,1975,82.48,12.7,4.82
MA,Massachusetts,1976,82.94,12.38,4.68
MA,Massachusetts,1977,82.99,12.44,4.58
MA,Massachusetts,1978,83.57,12.01,4.42
MA,Massachusetts,1979,84.18,11.7,4.12
MA,Massachusetts,1980,84.62,11.42,3.96
MA,Massachusetts,1981,85.09,10.95,3.95
MA,Massachusetts,1982,85.5,10.62,3.89
MA,Massachusetts,1983,85.9,10.4,3.7
MA,Massachusetts,1984,86.65,9.86,3.49
MA,Massachusetts,1985,86.66,9.98,3.36
MA,Massachusetts,1986,86.84,9.99,3.16
MA,Massachusetts,1987,87.15,9.91,2.94
MA,Massachusetts,1988,87.21,9.9,2.9
MA,Massachusetts,1989,86.69,10.42,2.89
MA,Massachusetts,1990,86.15,10.79,3.06
MA,Massachusetts,1991,86.05,10.79,3.16
MA,Massachusetts,1992,86.37,10.63,3.0
MA,Massachusetts,1993,86.2,10.73,3.07
MA,Massachusetts,1994,86.31,10.78,2.91
MA,Massachusetts,1995,86.57,10.67,2.76
MA,Massachusetts,1996,86.93,10.51,2.56
MA,Massachusetts,1997,87.31,10.28,2.41
MA,Massachusetts,1998,87.66,10.1,2.24
MA,Massachusetts,1999,87.97,9.85,2.18
MA,Massachusetts,2000,88.76,9.23,2.01
MA,Massachusetts,2001,88.57,9.41,2.02
MA,Massachusetts,2002,87.97,9.84,2.19
MA,Massachusetts,2003,87.73,9.94,2.33
MA,Massachusetts,2004,87.91,9.79,2.3
MA,Massachusetts,2005,87.78,9.92,2.3
MA,Massachusetts,2006,87.81,9.96,2.23
MA,Massachusetts,2007,87.83,9.98,2.19
MA,Massachusetts,2008,87.62,10.19,2.2
MA,Massachusetts,2009,87.22,10.47,2.31
MA,Massachusetts,2010,87.58,10.19,2.23
MA,Massachusetts,2011,87.71,10.14,2.16
MA,Massachusetts,2012,87.6,10.35,2.06
MA,Massachusetts,2013,87.35,10.67,1.97
MA,Massachusetts,2014,87.25,10.82,1.93
MA,Massachusetts,2015,87.44,10.69,1.88
MA,Massachusetts,2016,87.81,10.34,1.85
MA,Massachusetts,2017,88.14,10.08,1.79
MA,Massachusetts,2018,88.22,10.02,1.76
MA,Massachusetts,2019,88.49,9.81,1.69
MA,Massachusetts,2020,88.44,9.82,1.75
MA,Massachusetts,2021,89.29,9.06,1.65
MA,Massachusetts,2022,89.63,8.74,1.63
MA,Massachusetts,2023,89.63,8.69,1.68
MA,Massachusetts,2024,89.33,8.97,1.7
MA,Massachusetts,2025,89.34,9.03,1.63
MD,Maryland,1929,87.13,5.24,7.63
MD,Maryland,1930,85.13,6.18,8.7
MD,Maryland,1931,83.35,7.27,9.38
MD,Maryland,1932,80.07,9.18,10.76
MD,Maryland,1933,80.06,9.36,10.58
MD,Maryland,1934,80.49,8.19,11.32
MD,Maryland,1935,80.96,7.61,11.44
MD,Maryland,1936,80.86,6.43,12.71
MD,Maryland,1937,82.97,6.02,11.01
MD,Maryland,1938,80.87,6.85,12.28
MD,Maryland,1939,81.19,6.53,12.28
MD,Maryland,1940,82.93,5.9,11.17
MD,Maryland,1941,81.25,4.28,14.47
MD,Maryland,1942,77.92,3.16,18.92
MD,Maryland,1943,77.59,2.83,19.58
MD,Maryland,1944,73.02,2.93,24.05
MD,Maryland,1945,71.16,3.03,25.8
MD,Maryland,1946,74.08,3.45,22.47
MD,Maryland,1947,80.26,4.31,15.43
MD,Maryland,1948,81.51,4.98,13.51
MD,Maryland,1949,79.69,5.67,14.64
MD,Maryland,1950,79.69,5.22,15.1
MD,Maryland,1951,77.13,4.88,17.99
MD,Maryland,1952,74.7,5.16,20.14
MD,Maryland,1953,76.1,5.33,18.56
MD,Maryland,1954,75.7,5.8,18.5
MD,Maryland,1955,76.25,5.89,17.86
MD,Maryland,1956,77.05,6.1,16.85
MD,Maryland,1957,76.92,6.57,16.51
MD,Maryland,1958,75.23,7.44,17.32
MD,Maryland,1959,75.79,7.6,16.61
MD,Maryland,1960,75.76,8.02,16.22
MD,Maryland,1961,74.87,8.48,16.65
MD,Maryland,1962,74.92,8.49,16.59
MD,Maryland,1963,74.22,8.75,17.03
MD,Maryland,1964,73.88,8.81,17.31
MD,Maryland,1965,73.8,9.21,16.99
MD,Maryland,1966,72.77,9.38,17.85
MD,Maryland,1967,73.37,9.72,16.91
MD,Maryland,1968,72.46,10.57,16.97
MD,Maryland,1969,71.47,10.96,17.57
MD,Maryland,1970,70.77,11.19,18.04
MD,Maryland,1971,69.74,11.55,18.71
MD,Maryland,1972,69.85,12.23,17.92
MD,Maryland,1973,70.27,12.28,17.44
MD,Maryland,1974,70.31,12.46,17.23
MD,Maryland,1975,70.01,13.07,16.92
MD,Maryland,1976,70.16,13.06,16.78
MD,Maryland,1977,70.87,13.01,16.12
MD,Maryland,1978,71.79,12.79,15.43
MD,Maryland,1979,72.48,12.69,14.83
MD,Maryland,1980,72.34,12.69,14.96
MD,Maryland,1981,72.12,12.75,15.13
MD,Maryland,1982,71.68,13.13,15.19
MD,Maryland,1983,72.43,12.79,14.78
MD,Maryland,1984,73.49,12.12,14.39
MD,Maryland,1985,74.12,12.06,13.83
MD,Maryland,1986,74.97,12.07,12.95
MD,Maryland,1987,75.99,12.01,12.0
MD,Maryland,1988,76.55,11.92,11.53
MD,Maryland,1989,76.2,12.34,11.46
MD,Maryland,1990,75.67,12.81,11.52
MD,Maryland,1991,74.66,13.35,11.99
MD,Maryland,1992,74.96,13.11,11.93
MD,Maryland,1993,75.09,13.06,11.85
MD,Maryland,1994,75.23,13.09,11.68
MD,Maryland,1995,75.28,13.22,11.51
MD,Maryland,1996,75.69,12.97,11.34
MD,Maryland,1997,76.37,12.58,11.05
MD,Maryland,1998,77.13,12.21,10.66
MD,Maryland,1999,77.81,11.95,10.24
MD,Maryland,2000,78.21,11.81,9.98
MD,Maryland,2001,78.33,11.88,9.79
MD,Maryland,2002,76.96,12.16,10.88
MD,Maryland,2003,76.79,11.91,11.3
MD,Maryland,2004,77.32,11.54,11.14
MD,Maryland,2005,77.17,11.56,11.28
MD,Maryland,2006,77.0,11.85,11.15
MD,Maryland,2007,76.43,12.25,11.32
MD,Maryland,2008,76.23,12.39,11.39
MD,Maryland,2009,75.1,12.78,12.12
MD,Maryland,2010,74.76,12.72,12.52
MD,Maryland,2011,74.97,12.13,12.9
MD,Maryland,2012,75.61,11.73,12.66
MD,Maryland,2013,75.37,12.31,12.32
MD,Maryland,2014,75.4,12.28,12.32
MD,Maryland,2015,75.66,12.14,12.2
MD,Maryland,2016,75.97,11.71,12.31
MD,Maryland,2017,76.09,11.66,12.25
MD,Maryland,2018,76.01,11.78,12.21
MD,Maryland,2019,75.93,11.74,12.33
MD,Maryland,2020,74.92,12.11,12.97
MD,Maryland,2021,75.6,11.56,12.84
MD,Maryland,2022,75.69,11.55,12.77
MD,Maryland,2023,75.22,11.81,12.98
MD,Maryland,2024,74.65,12.41,12.94
MD,Maryland,2025,75.41,12.34,12.25
ME,Maine,1929,92.32,4.91,2.77
ME,Maine,1930,91.43,5.71,2.85
ME,Maine,1931,89.77,6.68,3.55
ME,Maine,1932,86.53,9.07,4.4
ME,Maine,1933,87.07,7.81,5.12
ME,Maine,1934,86.47,8.22,5.32
ME,Maine,1935,85.93,8.64,5.44
ME,Maine,1936,86.92,6.3,6.78
ME,Maine,1937,88.28,6.28,5.44
ME,Maine,1938,85.98,7.46,6.57
ME,Maine,1939,86.24,7.24,6.52
ME,Maine,1940,86.21,7.04,6.75
ME,Maine,1941,86.9,5.68,7.42
ME,Maine,1942,86.8,4.52,8.68
ME,Maine,1943,84.11,4.02,11.87
ME,Maine,1944,82.21,4.59,13.19
ME,Maine,1945,81.07,5.03,13.9
ME,Maine,1946,87.23,4.95,7.82
ME,Maine,1947,88.71,6.13,5.16
ME,Maine,1948,88.33,5.98,5.69
ME,Maine,1949,86.94,6.29,6.78
ME,Maine,1950,87.94,6.28,5.78
ME,Maine,1951,84.88,5.67,9.44
ME,Maine,1952,83.9,5.31,10.79
ME,Maine,1953,82.75,5.69,11.56
ME,Maine,1954,81.24,6.25,12.52
ME,Maine,1955,82.02,6.0,11.98
ME,Maine,1956,82.33,5.86,11.81
ME,Maine,1957,81.22,6.2,12.57
ME,Maine,1958,79.62,6.84,13.54
ME,Maine,1959,78.71,7.08,14.22
ME,Maine,1960,78.27,7.09,14.64
ME,Maine,1961,77.06,7.87,15.07
ME,Maine,1962,77.54,8.04,14.42
ME,Maine,1963,77.02,8.42,14.56
ME,Maine,1964,77.59,8.63,13.78
ME,Maine,1965,78.92,8.5,12.59
ME,Maine,1966,78.8,8.91,12.29
ME,Maine,1967,78.48,9.69,11.83
ME,Maine,1968,78.71,10.12,11.17
ME,Maine,1969,79.21,10.53,10.27
ME,Maine,1970,78.5,10.65,10.85
ME,Maine,1971,77.69,11.04,11.27
ME,Maine,1972,77.28,11.5,11.22
ME,Maine,1973,77.91,11.75,10.35
ME,Maine,1974,78.73,11.57,9.69
ME,Maine,1975,77.66,11.94,10.4
ME,Maine,1976,79.21,10.95,9.84
ME,Maine,1977,78.87,11.27,9.86
ME,Maine,1978,79.24,10.96,9.8
ME,Maine,1979,79.75,10.98,9.27
ME,Maine,1980,79.97,10.96,9.07
ME,Maine,1981,79.64,10.86,9.5
ME,Maine,1982,78.86,11.3,9.85
ME,Maine,1983,79.16,11.29,9.55
ME,Maine,1984,79.9,11.05,9.05
ME,Maine,1985,79.91,11.21,8.89
ME,Maine,1986,80.7,11.13,8.16
ME,Maine,1987,81.32,11.13,7.55
ME,Maine,1988,81.53,11.11,7.36
ME,Maine,1989,81.22,11.56,7.22
ME,Maine,1990,80.47,12.39,7.14
ME,Maine,1991,79.32,13.36,7.32
ME,Maine,1992,79.45,13.57,6.98
ME,Maine,1993,80.21,13.47,6.32
ME,Maine,1994,81.04,13.3,5.66
ME,Maine,1995,81.25,13.51,5.24
ME,Maine,1996,81.79,13.24,4.98
ME,Maine,1997,82.22,12.9,4.88
ME,Maine,1998,82.85,12.55,4.6
ME,Maine,1999,83.03,12.5,4.47
ME,Maine,2000,83.19,12.32,4.5
ME,Maine,2001,83.04,12.59,4.36
ME,Maine,2002,82.59,12.85,4.56
ME,Maine,2003,82.1,12.86,5.05
ME,Maine,2004,82.1,12.78,5.12
ME,Maine,2005,81.73,12.99,5.28
ME,Maine,2006,81.74,13.06,5.2
ME,Maine,2007,81.47,13.28,5.25
ME,Maine,2008,81.2,13.4,5.4
ME,Maine,2009,80.74,13.72,5.54
ME,Maine,2010,81.16,13.43,5.41
ME,Maine,2011,81.89,12.83,5.28
ME,Maine,2012,82.21,12.64,5.15
ME,Maine,2013,82.09,12.97,4.94
ME,Maine,2014,81.8,13.3,4.9
ME,Maine,2015,82.16,12.91,4.92
ME,Maine,2016,82.03,12.95,5.03
ME,Maine,2017,82.55,12.54,4.9
ME,Maine,2018,82.96,12.29,4.75
ME,Maine,2019,83.5,11.87,4.64
ME,Maine,2020,83.45,11.82,4.74
ME,Maine,2021,84.29,11.22,4.49
ME,Maine,2022,84.61,11.02,4.37
ME,Maine,2023,84.42,11.08,4.5
ME,Maine,2024,84.32,11.17,4.51
ME,Maine,2025,84.47,11.22,4.31
MI,Michigan,1929,92.14,6.77,1.09
MI,Michigan,1930,90.39,8.29,1.32
MI,Michigan,1931,88.27,10.1,1.63
MI,Michigan,1932,86.64,11.32,2.04
MI,Michigan,1933,85.04,11.6,3.35
MI,Michigan,1934,86.58,9.76,3.66
MI,Michigan,1935,88.69,8.55,2.77
MI,Michigan,1936,87.93,7.36,4.71
MI,Michigan,1937,90.19,6.76,3.05
MI,Michigan,1938,85.02,8.37,6.61
MI,Michigan,1939,87.45,7.5,5.05
MI,Michigan,1940,89.55,6.67,3.78
MI,Michigan,1941,90.89,5.81,3.3
MI,Michigan,1942,91.57,4.72,3.71
MI,Michigan,1943,90.39,3.99,5.62
MI,Michigan,1944,89.61,4.22,6.17
MI,Michigan,1945,87.66,5.04,7.3
MI,Michigan,1946,90.49,5.53,3.97
MI,Michigan,1947,91.9,5.43,2.67
MI,Michigan,1948,91.99,5.67,2.34
MI,Michigan,1949,90.85,6.42,2.73
MI,Michigan,1950,91.52,5.94,2.54
MI,Michigan,1951,91.21,5.69,3.1
MI,Michigan,1952,90.78,6.02,3.2
MI,Michigan,1953,91.57,5.8,2.63
MI,Michigan,1954,90.66,6.71,2.63
MI,Michigan,1955,91.11,6.43,2.46
MI,Michigan,1956,90.38,7.08,2.54
MI,Michigan,1957,89.93,7.51,2.56
MI,Michigan,1958,88.62,8.66,2.72
MI,Michigan,1959,89.15,8.19,2.66
MI,Michigan,1960,88.89,8.38,2.74
MI,Michigan,1961,87.63,9.26,3.11
MI,Michigan,1962,87.99,9.01,3.01
MI,Michigan,1963,87.95,9.19,2.87
MI,Michigan,1964,88.09,9.13,2.78
MI,Michigan,1965,88.54,8.9,2.57
MI,Michigan,1966,88.36,9.16,2.48
MI,Michigan,1967,88.15,9.24,2.61
MI,Michigan,1968,87.87,9.58,2.55
MI,Michigan,1969,87.72,9.82,2.46
MI,Michigan,1970,86.22,10.96,2.82
MI,Michigan,1971,85.71,11.45,2.84
MI,Michigan,1972,85.88,11.35,2.77
MI,Michigan,1973,86.38,10.97,2.64
MI,Michigan,1974,85.66,11.62,2.72
MI,Michigan,1975,84.54,12.62,2.85
MI,Michigan,1976,85.57,11.77,2.66
MI,Michigan,1977,86.36,11.23,2.42
MI,Michigan,1978,86.73,10.94,2.33
MI,Michigan,1979,86.45,11.31,2.24
MI,Michigan,1980,85.22,12.37,2.42
MI,Michigan,1981,85.32,12.17,2.51
MI,Michigan,1982,84.37,12.93,2.7
MI,Michigan,1983,84.61,12.74,2.65
MI,Michigan,1984,85.47,12.0,2.53
MI,Michigan,1985,85.9,11.65,2.45
MI,Michigan,1986,85.82,11.87,2.31
MI,Michigan,1987,85.63,12.08,2.29
MI,Michigan,1988,85.8,11.92,2.28
MI,Michigan,1989,85.58,12.2,2.22
MI,Michigan,1990,84.94,12.78,2.27
MI,Michigan,1991,84.28,13.43,2.28
MI,Michigan,1992,84.23,13.53,2.23
MI,Michigan,1993,84.51,13.38,2.11
MI,Michigan,1994,85.2,12.82,1.99
MI,Michigan,1995,85.74,12.39,1.86
MI,Michigan,1996,85.9,12.31,1.79
MI,Michigan,1997,86.02,12.25,1.74
MI,Michigan,1998,86.74,11.59,1.67
MI,Michigan,1999,86.74,11.64,1.62
MI,Michigan,2000,86.78,11.61,1.61
MI,Michigan,2001,86.22,12.18,1.6
MI,Michigan,2002,85.65,12.63,1.71
MI,Michigan,2003,85.36,12.78,1.86
MI,Michigan,2004,85.23,12.85,1.92
MI,Michigan,2005,84.88,13.15,1.97
MI,Michigan,2006,84.77,13.24,1.99
MI,Michigan,2007,84.57,13.38,2.06
MI,Michigan,2008,83.98,13.92,2.1
MI,Michigan,2009,82.37,15.22,2.42
MI,Michigan,2010,82.41,15.09,2.5
MI,Michigan,2011,83.77,13.83,2.4
MI,Michigan,2012,84.66,13.07,2.27
MI,Michigan,2013,84.91,12.9,2.18
MI,Michigan,2014,85.5,12.36,2.14
MI,Michigan,2015,85.57,12.32,2.11
MI,Michigan,2016,85.96,11.96,2.09
MI,Michigan,2017,86.2,11.77,2.03
MI,Michigan,2018,86.46,11.5,2.03
MI,Michigan,2019,86.55,11.44,2.02
MI,Michigan,2020,86.4,11.47,2.13
MI,Michigan,2021,87.17,10.8,2.03
MI,Michigan,2022,87.46,10.57,1.97
MI,Michigan,2023,87.13,10.8,2.07
MI,Michigan,2024,86.84,11.04,2.12
MI,Michigan,2025,86.78,11.19,2.04
MN,Minnesota,1929,91.81,6.36,1.83
MN,Minnesota,1930,90.87,7.1,2.03
MN,Minnesota,1931,88.3,9.18,2.53
MN,Minnesota,1932,85.98,10.81,3.21
MN,Minnesota,1933,84.0,11.38,4.63
MN,Minnesota,1934,82.17,11.79,6.04
MN,Minnesota,1935,85.66,9.78,4.56
MN,Minnesota,1936,83.0,8.39,8.6
MN,Minnesota,1937,86.61,7.49,5.9
MN,Minnesota,1938,83.71,8.82,7.47
MN,Minnesota,1939,84.96,8.33,6.7
MN,Minnesota,1940,85.56,8.37,6.07
MN,Minnesota,1941,87.47,7.32,5.22
MN,Minnesota,1942,90.02,5.53,4.45
MN,Minnesota,1943,88.66,4.83,6.51
MN,Minnesota,1944,88.04,4.86,7.1
MN,Minnesota,1945,86.84,4.95,8.22
MN,Minnesota,1946,89.69,5.16,5.16
MN,Minnesota,1947,90.8,5.64,3.56
MN,Minnesota,1948,91.27,5.74,2.99
MN,Minnesota,1949,89.45,6.87,3.68
MN,Minnesota,1950,90.01,6.78,3.21
MN,Minnesota,1951,89.96,6.49,3.55
MN,Minnesota,1952,89.01,6.92,4.07
MN,Minnesota,1953,88.82,7.15,4.02
MN,Minnesota,1954,88.22,7.72,4.05
MN,Minnesota,1955,88.19,7.84,3.97
MN,Minnesota,1956,88.45,7.77,3.78
MN,Minnesota,1957,88.23,7.98,3.79
MN,Minnesota,1958,87.64,8.68,3.68
MN,Minnesota,1959,87.27,8.97,3.77
MN,Minnesota,1960,87.28,9.03,3.68
MN,Minnesota,1961,86.76,9.53,3.72
MN,Minnesota,1962,86.78,9.54,3.68
MN,Minnesota,1963,86.61,9.79,3.6
MN,Minnesota,1964,85.96,10.29,3.75
MN,Minnesota,1965,86.52,10.02,3.46
MN,Minnesota,1966,86.6,10.01,3.39
MN,Minnesota,1967,86.23,10.35,3.42
MN,Minnesota,1968,85.89,10.83,3.28
MN,Minnesota,1969,85.62,11.12,3.26
MN,Minnesota,1970,84.81,11.71,3.48
MN,Minnesota,1971,83.64,12.77,3.59
MN,Minnesota,1972,83.34,13.12,3.54
MN,Minnesota,1973,84.87,11.96,3.17
MN,Minnesota,1974,84.44,12.37,3.19
MN,Minnesota,1975,83.51,13.11,3.38
MN,Minnesota,1976,83.77,12.95,3.27
MN,Minnesota,1977,84.63,12.31,3.06
MN,Minnesota,1978,85.25,11.75,3.0
MN,Minnesota,1979,85.64,11.5,2.85
MN,Minnesota,1980,85.26,11.89,2.85
MN,Minnesota,1981,85.01,12.11,2.88
MN,Minnesota,1982,84.38,12.78,2.84
MN,Minnesota,1983,84.26,12.83,2.9
MN,Minnesota,1984,85.13,12.23,2.64
MN,Minnesota,1985,84.91,12.42,2.68
MN,Minnesota,1986,84.97,12.46,2.57
MN,Minnesota,1987,85.23,12.3,2.47
MN,Minnesota,1988,85.02,12.46,2.52
MN,Minnesota,1989,85.22,12.35,2.44
MN,Minnesota,1990,84.74,12.75,2.51
MN,Minnesota,1991,84.3,13.14,2.56
MN,Minnesota,1992,84.45,13.03,2.52
MN,Minnesota,1993,84.28,13.28,2.43
MN,Minnesota,1994,84.62,13.03,2.35
MN,Minnesota,1995,84.74,13.02,2.24
MN,Minnesota,1996,85.33,12.52,2.15
MN,Minnesota,1997,85.75,12.19,2.05
MN,Minnesota,1998,86.4,11.7,1.91
MN,Minnesota,1999,86.56,11.6,1.85
MN,Minnesota,2000,86.72,11.42,1.85
MN,Minnesota,2001,86.49,11.7,1.81
MN,Minnesota,2002,86.06,12.03,1.91
MN,Minnesota,2003,86.17,11.76,2.07
MN,Minnesota,2004,86.49,11.44,2.07
MN,Minnesota,2005,86.34,11.45,2.21
MN,Minnesota,2006,86.28,11.56,2.16
MN,Minnesota,2007,86.35,11.52,2.13
MN,Minnesota,2008,86.11,11.76,2.13
MN,Minnesota,2009,84.94,12.72,2.34
MN,Minnesota,2010,85.38,12.38,2.25
MN,Minnesota,2011,86.3,11.59,2.11
MN,Minnesota,2012,87.02,11.01,1.97
MN,Minnesota,2013,86.78,11.34,1.88
MN,Minnesota,2014,86.77,11.4,1.83
MN,Minnesota,2015,86.86,11.36,1.79
MN,Minnesota,2016,86.79,11.4,1.81
MN,Minnesota,2017,87.05,11.18,1.77
MN,Minnesota,2018,87.05,11.16,1.79
MN,Minnesota,2019,87.08,11.14,1.78
MN,Minnesota,2020,86.85,11.33,1.82
MN,Minnesota,2021,87.59,10.67,1.74
MN,Minnesota,2022,87.97,10.28,1.75
MN,Minnesota,2023,87.77,10.43,1.79
MN,Minnesota,2024,87.26,10.87,1.87
MN,Minnesota,2025,87.29,10.9,1.81
MO,Missouri,1929,92.63,5.49,1.88
MO,Missouri,1930,91.51,6.36,2.13
MO,Missouri,1931,90.28,7.25,2.47
MO,Missouri,1932,87.63,9.28,3.09
MO,Missouri,1933,87.01,9.12,3.87
MO,Missouri,1934,85.98,9.17,4.85
MO,Missouri,1935,87.52,8.06,4.42
MO,Missouri,1936,85.41,6.92,7.67
MO,Missouri,1937,87.93,6.21,5.85
MO,Missouri,1938,85.59,6.98,7.44
MO,Missouri,1939,86.5,6.6,6.91
MO,Missouri,1940,87.05,6.48,6.47
MO,Missouri,1941,87.7,4.87,7.43
MO,Missouri,1942,86.34,3.77,9.89
MO,Missouri,1943,83.61,3.23,13.16
MO,Missouri,1944,82.72,3.08,14.19
MO,Missouri,1945,81.62,3.27,15.11
MO,Missouri,1946,88.08,3.5,8.41
MO,Missouri,1947,90.6,3.91,5.48
MO,Missouri,1948,91.48,3.87,4.66
MO,Missouri,1949,90.43,4.44,5.13
MO,Missouri,1950,90.6,4.34,5.06
MO,Missouri,1951,88.48,4.26,7.26
MO,Missouri,1952,88.3,4.54,7.16
MO,Missouri,1953,88.43,4.55,7.02
MO,Missouri,1954,87.87,4.76,7.37
MO,Missouri,1955,88.3,4.84,6.86
MO,Missouri,1956,88.4,5.1,6.5
MO,Missouri,1957,87.92,5.6,6.48
MO,Missouri,1958,87.54,5.84,6.62
MO,Missouri,1959,87.74,5.79,6.47
MO,Missouri,1960,87.45,6.14,6.41
MO,Missouri,1961,86.94,6.51,6.56
MO,Missouri,1962,86.86,6.72,6.42
MO,Missouri,1963,86.77,6.91,6.32
MO,Missouri,1964,86.51,7.16,6.34
MO,Missouri,1965,86.49,7.33,6.18
MO,Missouri,1966,85.75,7.56,6.69
MO,Missouri,1967,85.4,7.79,6.81
MO,Missouri,1968,85.19,8.1,6.71
MO,Missouri,1969,84.63,8.45,6.93
MO,Missouri,1970,83.71,8.95,7.34
MO,Missouri,1971,83.13,9.38,7.49
MO,Missouri,1972,83.12,9.46,7.42
MO,Missouri,1973,83.95,9.3,6.74
MO,Missouri,1974,83.25,9.7,7.05
MO,Missouri,1975,82.66,10.18,7.15
MO,Missouri,1976,83.27,9.91,6.82
MO,Missouri,1977,83.88,9.62,6.5
MO,Missouri,1978,84.81,9.37,5.83
MO,Missouri,1979,85.29,9.24,5.47
MO,Missouri,1980,84.47,9.78,5.75
MO,Missouri,1981,84.39,9.75,5.86
MO,Missouri,1982,84.09,9.89,6.02
MO,Missouri,1983,83.98,10.0,6.02
MO,Missouri,1984,84.63,9.62,5.75
MO,Missouri,1985,84.48,9.81,5.71
MO,Missouri,1986,84.65,9.96,5.39
MO,Missouri,1987,84.77,10.05,5.18
MO,Missouri,1988,84.79,10.08,5.13
MO,Missouri,1989,84.8,10.22,4.99
MO,Missouri,1990,84.23,10.68,5.1
MO,Missouri,1991,83.66,11.12,5.23
MO,Missouri,1992,83.83,11.21,4.96
MO,Missouri,1993,84.01,11.26,4.72
MO,Missouri,1994,84.25,11.25,4.51
MO,Missouri,1995,84.43,11.31,4.26
MO,Missouri,1996,84.59,11.29,4.12
MO,Missouri,1997,84.85,11.16,3.99
MO,Missouri,1998,85.11,11.24,3.65
MO,Missouri,1999,84.88,11.44,3.67
MO,Missouri,2000,84.93,11.37,3.7
MO,Missouri,2001,84.82,11.54,3.63
MO,Missouri,2002,84.44,11.74,3.83
MO,Missouri,2003,84.12,11.85,4.03
MO,Missouri,2004,84.26,11.7,4.04
MO,Missouri,2005,84.17,11.72,4.11
MO,Missouri,2006,84.19,11.76,4.06
MO,Missouri,2007,83.9,11.99,4.12
MO,Missouri,2008,83.74,11.98,4.28
MO,Missouri,2009,82.66,12.64,4.7
MO,Missouri,2010,82.67,12.64,4.69
MO,Missouri,2011,83.15,12.31,4.55
MO,Missouri,2012,83.71,11.96,4.32
MO,Missouri,2013,83.84,12.05,4.11
MO,Missouri,2014,84.12,11.87,4.01
MO,Missouri,2015,84.22,11.79,3.99
MO,Missouri,2016,84.51,11.53,3.96
MO,Missouri,2017,84.79,11.3,3.91
MO,Missouri,2018,84.89,11.18,3.94
MO,Missouri,2019,85.21,10.89,3.9
MO,Missouri,2020,85.17,10.79,4.03
MO,Missouri,2021,85.8,10.3,3.89
MO,Missouri,2022,86.53,9.8,3.68
MO,Missouri,2023,86.54,9.78,3.68
MO,Missouri,2024,86.37,9.91,3.71
MO,Missouri,2025,86.54,9.88,3.58
MS,Mississippi,1929,93.49,3.52,2.99
MS,Mississippi,1930,90.1,5.47,4.43
MS,Mississippi,1931,87.93,6.66,5.41
MS,Mississippi,1932,83.66,8.99,7.35
MS,Mississippi,1933,82.12,9.99,7.89
MS,Mississippi,1934,82.92,8.95,8.13
MS,Mississippi,1935,83.35,8.36,8.29
MS,Mississippi,1936,83.77,5.96,10.26
MS,Mississippi,1937,86.72,4.91,8.36
MS,Mississippi,1938,83.01,6.37,10.62
MS,Mississippi,1939,82.32,6.49,11.19
MS,Mississippi,1940,82.6,6.66,10.74
MS,Mississippi,1941,75.82,4.39,19.79
MS,Mississippi,1942,71.96,3.06,24.98
MS,Mississippi,1943,61.16,2.68,36.16
MS,Mississippi,1944,63.99,2.76,33.25
MS,Mississippi,1945,66.38,3.23,30.39
MS,Mississippi,1946,79.22,4.2,16.57
MS,Mississippi,1947,86.38,4.96,8.66
MS,Mississippi,1948,88.43,4.79,6.78
MS,Mississippi,1949,84.3,6.19,9.51
MS,Mississippi,1950,84.32,5.77,9.91
MS,Mississippi,1951,82.59,5.71,11.7
MS,Mississippi,1952,82.64,5.82,11.54
MS,Mississippi,1953,82.51,6.16,11.33
MS,Mississippi,1954,80.35,7.18,12.47
MS,Mississippi,1955,81.85,6.81,11.34
MS,Mississippi,1956,81.07,7.45,11.48
MS,Mississippi,1957,80.71,8.29,10.99
MS,Mississippi,1958,80.93,8.64,10.43
MS,Mississippi,1959,81.02,8.43,10.56
MS,Mississippi,1960,79.67,9.12,11.21
MS,Mississippi,1961,79.27,9.33,11.4
MS,Mississippi,1962,78.9,9.42,11.68
MS,Mississippi,1963,80.21,9.22,10.56
MS,Mississippi,1964,80.09,9.76,10.15
MS,Mississippi,1965,79.93,9.97,10.09
MS,Mississippi,1966,79.18,9.87,10.95
MS,Mississippi,1967,79.16,10.86,9.98
MS,Mississippi,1968,78.45,11.48,10.07
MS,Mississippi,1969,77.73,11.84,10.43
MS,Mississippi,1970,77.89,11.95,10.16
MS,Mississippi,1971,77.68,12.19,10.12
MS,Mississippi,1972,77.77,12.21,10.01
MS,Mississippi,1973,78.28,12.19,9.53
MS,Mississippi,1974,77.65,12.52,9.83
MS,Mississippi,1975,77.06,13.07,9.87
MS,Mississippi,1976,78.76,12.34,8.89
MS,Mississippi,1977,79.23,12.35,8.41
MS,Mississippi,1978,79.17,12.39,8.44
MS,Mississippi,1979,79.62,12.32,8.06
MS,Mississippi,1980,78.0,13.13,8.87
MS,Mississippi,1981,77.89,12.94,9.17
MS,Mississippi,1982,77.61,13.32,9.07
MS,Mississippi,1983,77.2,13.74,9.05
MS,Mississippi,1984,77.99,13.35,8.66
MS,Mississippi,1985,77.47,13.75,8.78
MS,Mississippi,1986,77.18,14.13,8.69
MS,Mississippi,1987,77.98,13.82,8.2
MS,Mississippi,1988,77.98,14.01,8.02
MS,Mississippi,1989,77.51,14.8,7.69
MS,Mississippi,1990,77.57,15.05,7.38
MS,Mississippi,1991,77.55,15.15,7.31
MS,Mississippi,1992,77.99,14.9,7.11
MS,Mississippi,1993,78.45,14.61,6.94
MS,Mississippi,1994,79.0,14.44,6.56
MS,Mississippi,1995,78.67,14.91,6.41
MS,Mississippi,1996,79.17,14.84,6.0
MS,Mississippi,1997,79.46,14.78,5.76
MS,Mississippi,1998,79.68,14.68,5.64
MS,Mississippi,1999,79.33,15.1,5.57
MS,Mississippi,2000,78.94,15.38,5.68
MS,Mississippi,2001,79.0,15.33,5.67
MS,Mississippi,2002,78.02,15.77,6.21
MS,Mississippi,2003,77.3,16.03,6.67
MS,Mississippi,2004,77.51,15.95,6.54
MS,Mississippi,2005,77.45,15.98,6.58
MS,Mississippi,2006,77.53,16.15,6.32
MS,Mississippi,2007,77.22,16.55,6.23
MS,Mississippi,2008,76.72,16.83,6.45
MS,Mississippi,2009,75.31,17.76,6.93
MS,Mississippi,2010,75.79,17.33,6.88
MS,Mississippi,2011,76.3,16.99,6.71
MS,Mississippi,2012,77.12,16.49,6.39
MS,Mississippi,2013,77.59,16.44,5.97
MS,Mississippi,2014,77.52,16.61,5.87
MS,Mississippi,2015,77.06,17.08,5.86
MS,Mississippi,2016,76.65,17.26,6.09
MS,Mississippi,2017,77.02,16.82,6.16
MS,Mississippi,2018,77.33,16.56,6.11
MS,Mississippi,2019,77.23,16.53,6.25
MS,Mississippi,2020,77.28,16.35,6.37
MS,Mississippi,2021,78.53,15.55,5.92
MS,Mississippi,2022,78.96,15.34,5.7
MS,Mississippi,2023,78.19,15.74,6.07
MS,Mississippi,2024,78.16,15.51,6.33
MS,Mississippi,2025,78.49,15.33,6.18
MT,Montana,1929,88.11,6.06,5.83
MT,Montana,1930,86.14,6.96,6.9
MT,Montana,1931,81.47,9.19,9.35
MT,Montana,1932,80.05,10.26,9.69
MT,Montana,1933,75.45,11.97,12.58
MT,Montana,1934,74.92,12.09,13.0
MT,Montana,1935,81.65,8.47,9.88
MT,Montana,1936,76.43,8.03,15.54
MT,Montana,1937,80.4,7.47,12.14
MT,Montana,1938,78.39,7.45,14.16
MT,Montana,1939,80.6,7.21,12.19
MT,Montana,1940,83.71,7.02,9.28
MT,Montana,1941,87.0,6.07,6.92
MT,Montana,1942,87.72,5.1,7.19
MT,Montana,1943,85.47,4.53,10.0
MT,Montana,1944,85.72,4.9,9.38
MT,Montana,1945,83.43,5.08,11.49
MT,Montana,1946,87.2,5.15,7.65
MT,Montana,1947,89.58,4.96,5.46
MT,Montana,1948,89.38,5.27,5.34
MT,Montana,1949,85.54,6.68,7.78
MT,Montana,1950,88.64,5.72,5.64
MT,Montana,1951,88.1,5.68,6.22
MT,Montana,1952,86.31,6.36,7.33
MT,Montana,1953,86.09,6.69,7.22
MT,Montana,1954,85.36,7.38,7.26
MT,Montana,1955,85.66,7.38,6.96
MT,Montana,1956,85.21,7.6,7.19
MT,Montana,1957,84.54,8.01,7.45
MT,Montana,1958,83.36,8.87,7.77
MT,Montana,1959,81.66,9.85,8.5
MT,Montana,1960,80.8,10.15,9.05
MT,Montana,1961,78.76,10.74,10.5
MT,Montana,1962,81.17,9.48,9.35
MT,Montana,1963,78.97,10.35,10.68
MT,Montana,1964,77.66,11.18,11.16
MT,Montana,1965,78.15,11.39,10.47
MT,Montana,1966,78.22,11.34,10.44
MT,Montana,1967,77.77,11.09,11.15
MT,Montana,1968,78.25,11.45,10.3
MT,Montana,1969,79.17,11.63,9.2
MT,Montana,1970,78.44,11.74,9.82
MT,Montana,1971,76.88,12.78,10.34
MT,Montana,1972,78.22,11.92,9.87
MT,Montana,1973,79.35,11.48,9.18
MT,Montana,1974,78.32,12.19,9.49
MT,Montana,1975,76.85,13.17,9.98
MT,Montana,1976,76.89,13.53,9.58
MT,Montana,1977,76.93,13.86,9.22
MT,Montana,1978,78.94,12.78,8.28
MT,Montana,1979,78.34,13.3,8.36
MT,Montana,1980,77.97,13.79,8.24
MT,Montana,1981,78.22,13.67,8.11
MT,Montana,1982,77.03,14.79,8.17
MT,Montana,1983,76.5,15.3,8.2
MT,Montana,1984,76.31,15.51,8.17
MT,Montana,1985,74.73,16.63,8.64
MT,Montana,1986,75.62,16.18,8.2
MT,Montana,1987,75.82,15.99,8.19
MT,Montana,1988,75.15,16.09,8.76
MT,Montana,1989,76.42,15.22,8.36
MT,Montana,1990,76.1,15.52,8.37
MT,Montana,1991,76.47,15.52,8.01
MT,Montana,1992,76.21,15.91,7.88
MT,Montana,1993,77.33,15.25,7.42
MT,Montana,1994,76.75,15.7,7.55
MT,Montana,1995,76.99,15.75,7.26
MT,Montana,1996,77.2,15.88,6.92
MT,Montana,1997,77.55,15.79,6.66
MT,Montana,1998,78.26,15.34,6.4
MT,Montana,1999,78.19,15.48,6.32
MT,Montana,2000,77.65,15.58,6.78
MT,Montana,2001,77.64,15.62,6.74
MT,Montana,2002,77.31,15.64,7.05
MT,Montana,2003,77.05,15.55,7.4
MT,Montana,2004,78.0,14.84,7.16
MT,Montana,2005,78.71,14.33,6.96
MT,Montana,2006,79.08,14.22,6.7
MT,Montana,2007,79.28,14.25,6.47
MT,Montana,2008,78.92,14.62,6.45
MT,Montana,2009,77.65,15.44,6.91
MT,Montana,2010,78.08,15.1,6.82
MT,Montana,2011,78.86,14.66,6.47
MT,Montana,2012,79.58,14.26,6.16
MT,Montana,2013,80.09,14.11,5.81
MT,Montana,2014,79.98,14.31,5.71
MT,Montana,2015,80.14,14.25,5.61
MT,Montana,2016,79.46,14.65,5.89
MT,Montana,2017,79.73,14.5,5.76
MT,Montana,2018,80.44,13.81,5.75
MT,Montana,2019,81.05,13.46,5.49
MT,Montana,2020,81.15,13.32,5.53
MT,Montana,2021,82.15,12.7,5.15
MT,Montana,2022,83.58,11.53,4.89
MT,Montana,2023,83.41,11.44,5.15
MT,Montana,2024,83.36,11.28,5.37
MT,Montana,2025,83.63,11.2,5.17
NC,North Carolina,1929,92.29,5.47,2.24
NC,North Carolina,1930,91.32,6.13,2.55
NC,North Carolina,1931,89.66,7.24,3.1
NC,North Carolina,1932,87.42,8.6,3.98
NC,North Carolina,1933,88.75,7.04,4.22
NC,North Carolina,1934,89.52,5.85,4.63
NC,North Carolina,1935,89.4,6.33,4.28
NC,North Carolina,1936,88.59,5.68,5.73
NC,North Carolina,1937,90.26,5.31,4.42
NC,North Carolina,1938,88.23,6.14,5.64
NC,North Carolina,1939,88.43,5.81,5.76
NC,North Carolina,1940,86.87,5.89,7.24
NC,North Carolina,1941,83.85,4.58,11.57
NC,North Carolina,1942,79.5,3.46,17.05
NC,North Carolina,1943,70.24,3.11,26.66
NC,North Carolina,1944,71.84,3.22,24.95
NC,North Carolina,1945,72.78,3.48,23.74
NC,North Carolina,1946,82.74,3.53,13.73
NC,North Carolina,1947,87.37,4.41,8.22
NC,North Carolina,1948,87.95,4.79,7.26
NC,North Carolina,1949,85.68,5.66,8.67
NC,North Carolina,1950,85.14,5.78,9.08
NC,North Carolina,1951,83.85,5.58,10.57
NC,North Carolina,1952,82.91,5.99,11.1
NC,North Carolina,1953,82.37,6.22,11.41
NC,North Carolina,1954,81.71,6.77,11.52
NC,North Carolina,1955,82.97,6.58,10.45
NC,North Carolina,1956,83.62,6.57,9.81
NC,North Carolina,1957,82.81,7.08,10.11
NC,North Carolina,1958,82.88,7.52,9.6
NC,North Carolina,1959,82.94,7.53,9.53
NC,North Carolina,1960,83.18,7.66,9.15
NC,North Carolina,1961,82.6,8.27,9.13
NC,North Carolina,1962,82.29,8.66,9.05
NC,North Carolina,1963,82.14,8.82,9.05
NC,North Carolina,1964,82.36,8.81,8.83
NC,North Carolina,1965,82.13,8.91,8.96
NC,North Carolina,1966,82.03,8.88,9.09
NC,North Carolina,1967,81.28,9.44,9.28
NC,North Carolina,1968,80.97,9.82,9.21
NC,North Carolina,1969,80.91,10.05,9.03
NC,North Carolina,1970,80.57,10.32,9.11
NC,North Carolina,1971,80.24,10.95,8.81
NC,North Carolina,1972,80.37,11.03,8.6
NC,North Carolina,1973,81.26,10.62,8.12
NC,North Carolina,1974,80.29,11.18,8.53
NC,North Carolina,1975,79.06,12.07,8.88
NC,North Carolina,1976,80.25,11.71,8.04
NC,North Carolina,1977,80.18,12.07,7.75
NC,North Carolina,1978,80.83,11.85,7.32
NC,North Carolina,1979,81.25,11.83,6.92
NC,North Carolina,1980,80.79,12.0,7.21
NC,North Carolina,1981,80.6,11.89,7.51
NC,North Carolina,1982,80.04,12.15,7.81
NC,North Carolina,1983,80.74,11.63,7.63
NC,North Carolina,1984,81.5,11.19,7.31
NC,North Carolina,1985,81.27,11.51,7.22
NC,North Carolina,1986,81.42,11.7,6.88
NC,North Carolina,1987,81.83,11.7,6.47
NC,North Carolina,1988,82.03,11.71,6.25
NC,North Carolina,1989,81.85,12.09,6.07
NC,North Carolina,1990,81.62,12.73,5.66
NC,North Carolina,1991,81.22,13.13,5.65
NC,North Carolina,1992,80.68,12.97,6.35
NC,North Carolina,1993,81.2,12.94,5.85
NC,North Carolina,1994,81.59,12.79,5.62
NC,North Carolina,1995,81.89,12.72,5.39
NC,North Carolina,1996,82.27,12.57,5.15
NC,North Carolina,1997,82.6,12.55,4.85
NC,North Carolina,1998,82.73,12.64,4.63
NC,North Carolina,1999,82.73,12.76,4.51
NC,North Carolina,2000,82.61,12.88,4.51
NC,North Carolina,2001,81.83,13.55,4.62
NC,North Carolina,2002,81.29,13.81,4.9
NC,North Carolina,2003,80.76,13.84,5.41
NC,North Carolina,2004,80.87,13.69,5.44
NC,North Carolina,2005,80.78,13.62,5.59
NC,North Carolina,2006,81.32,13.23,5.44
NC,North Carolina,2007,81.11,13.32,5.57
NC,North Carolina,2008,80.93,13.29,5.78
NC,North Carolina,2009,79.08,14.31,6.62
NC,North Carolina,2010,78.54,14.43,7.03
NC,North Carolina,2011,78.68,14.22,7.1
NC,North Carolina,2012,80.01,13.44,6.55
NC,North Carolina,2013,79.73,13.91,6.36
NC,North Carolina,2014,80.72,13.25,6.03
NC,North Carolina,2015,80.85,13.3,5.85
NC,North Carolina,2016,81.22,13.1,5.68
NC,North Carolina,2017,81.49,13.11,5.4
NC,North Carolina,2018,81.53,13.13,5.34
NC,North Carolina,2019,82.04,12.73,5.23
NC,North Carolina,2020,82.16,12.54,5.3
NC,North Carolina,2021,83.38,11.54,5.09
NC,North Carolina,2022,83.98,11.24,4.78
NC,North Carolina,2023,84.22,11.03,4.75
NC,North Carolina,2024,83.86,11.33,4.82
NC,North Carolina,2025,84.05,11.11,4.83
ND,North Dakota,1929,91.05,5.79,3.16
ND,North Dakota,1930,88.99,7.23,3.78
ND,North Dakota,1931,79.85,12.75,7.39
ND,North Dakota,1932,80.08,12.92,7.0
ND,North Dakota,1933,74.19,14.59,11.23
ND,North Dakota,1934,71.54,14.33,14.13
ND,North Dakota,1935,81.27,10.14,8.59
ND,North Dakota,1936,70.79,8.98,20.23
ND,North Dakota,1937,81.15,6.74,12.1
ND,North Dakota,1938,77.92,8.46,13.62
ND,North Dakota,1939,81.32,7.48,11.21
ND,North Dakota,1940,82.53,7.11,10.36
ND,North Dakota,1941,88.68,5.04,6.28
ND,North Dakota,1942,90.64,4.41,4.95
ND,North Dakota,1943,89.8,3.61,6.59
ND,North Dakota,1944,90.88,4.02,5.11
ND,North Dakota,1945,88.1,4.66,7.24
ND,North Dakota,1946,89.68,5.43,4.89
ND,North Dakota,1947,92.67,4.32,3.01
ND,North Dakota,1948,90.34,5.57,4.09
ND,North Dakota,1949,87.09,7.52,5.4
ND,North Dakota,1950,88.9,6.78,4.32
ND,North Dakota,1951,88.22,7.0,4.78
ND,North Dakota,1952,86.25,7.92,5.83
ND,North Dakota,1953,86.0,8.18,5.82
ND,North Dakota,1954,85.51,8.44,6.05
ND,North Dakota,1955,86.5,8.02,5.48
ND,North Dakota,1956,86.09,8.32,5.58
ND,North Dakota,1957,85.45,8.62,5.94
ND,North Dakota,1958,86.01,8.64,5.36
ND,North Dakota,1959,82.75,10.08,7.17
ND,North Dakota,1960,82.39,9.76,7.85
ND,North Dakota,1961,77.88,11.66,10.46
ND,North Dakota,1962,83.19,8.31,8.5
ND,North Dakota,1963,79.7,9.78,10.51
ND,North Dakota,1964,77.74,10.62,11.64
ND,North Dakota,1965,79.05,10.01,10.95
ND,North Dakota,1966,77.33,11.02,11.65
ND,North Dakota,1967,76.77,10.96,12.26
ND,North Dakota,1968,75.92,11.33,12.75
ND,North Dakota,1969,77.3,11.12,11.58
ND,North Dakota,1970,74.88,11.88,13.23
ND,North Dakota,1971,75.73,11.29,12.98
ND,North Dakota,1972,77.94,10.06,12.0
ND,North Dakota,1973,83.49,7.38,9.14
ND,North Dakota,1974,81.9,8.06,10.04
ND,North Dakota,1975,80.58,8.86,10.56
ND,North Dakota,1976,78.05,10.43,11.52
ND,North Dakota,1977,76.99,11.5,11.51
ND,North Dakota,1978,81.01,9.79,9.2
ND,North Dakota,1979,79.63,11.0,9.37
ND,North Dakota,1980,74.54,13.89,11.57
ND,North Dakota,1981,78.32,11.99,9.69
ND,North Dakota,1982,77.48,12.6,9.92
ND,North Dakota,1983,77.5,12.56,9.94
ND,North Dakota,1984,77.95,12.28,9.77
ND,North Dakota,1985,76.95,12.95,10.1
ND,North Dakota,1986,76.3,13.43,10.27
ND,North Dakota,1987,76.83,13.09,10.08
ND,North Dakota,1988,73.44,14.82,11.74
ND,North Dakota,1989,75.39,13.94,10.67
ND,North Dakota,1990,76.56,13.41,10.03
ND,North Dakota,1991,75.94,13.81,10.25
ND,North Dakota,1992,77.29,13.31,9.4
ND,North Dakota,1993,76.79,13.91,9.3
ND,North Dakota,1994,78.49,13.18,8.32
ND,North Dakota,1995,77.09,13.92,8.98
ND,North Dakota,1996,79.76,12.51,7.73
ND,North Dakota,1997,78.16,13.83,8.01
ND,North Dakota,1998,80.2,12.8,7.0
ND,North Dakota,1999,80.06,13.12,6.83
ND,North Dakota,2000,80.82,12.6,6.59
ND,North Dakota,2001,79.72,13.21,7.07
ND,North Dakota,2002,78.59,13.76,7.65
ND,North Dakota,2003,79.35,13.02,7.64
ND,North Dakota,2004,78.78,13.32,7.91
ND,North Dakota,2005,79.14,13.11,7.75
ND,North Dakota,2006,79.1,13.25,7.64
ND,North Dakota,2007,80.41,12.5,7.09
ND,North Dakota,2008,81.51,11.94,6.54
ND,North Dakota,2009,80.28,12.95,6.77
ND,North Dakota,2010,81.1,12.51,6.39
ND,North Dakota,2011,82.78,11.53,5.7
ND,North Dakota,2012,85.45,9.78,4.77
ND,North Dakota,2013,85.01,10.33,4.66
ND,North Dakota,2014,85.19,10.41,4.4
ND,North Dakota,2015,83.72,11.58,4.7
ND,North Dakota,2016,82.18,12.64,5.18
ND,North Dakota,2017,82.21,12.57,5.22
ND,North Dakota,2018,82.84,12.01,5.15
ND,North Dakota,2019,83.13,11.77,5.1
ND,North Dakota,2020,82.64,12.07,5.29
ND,North Dakota,2021,83.28,11.55,5.17
ND,North Dakota,2022,84.47,10.75,4.78
ND,North Dakota,2023,83.73,11.24,5.04
ND,North Dakota,2024,82.89,11.85,5.26
ND,North Dakota,2025,83.33,11.57,5.1
NE,Nebraska,1929,91.75,5.78,2.46
NE,Nebraska,1930,90.2,6.92,2.88
NE,Nebraska,1931,87.07,9.14,3.8
NE,Nebraska,1932,83.33,12.16,4.51
NE,Nebraska,1933,81.89,11.86,6.25
NE,Nebraska,1934,77.63,13.53,8.84
NE,Nebraska,1935,85.38,8.81,5.81
NE,Nebraska,1936,82.27,8.28,9.46
NE,Nebraska,1937,83.84,7.68,8.47
NE,Nebraska,1938,82.19,7.97,9.84
NE,Nebraska,1939,82.05,8.13,9.82
NE,Nebraska,1940,83.51,7.62,8.87
NE,Nebraska,1941,86.51,6.26,7.22
NE,Nebraska,1942,88.02,4.17,7.82
NE,Nebraska,1943,82.63,3.55,13.82
NE,Nebraska,1944,79.63,3.69,16.68
NE,Nebraska,1945,78.73,3.79,17.48
NE,Nebraska,1946,87.07,4.6,8.33
NE,Nebraska,1947,89.47,4.96,5.57
NE,Nebraska,1948,90.51,4.97,4.51
NE,Nebraska,1949,88.2,6.19,5.61
NE,Nebraska,1950,88.99,5.57,5.43
NE,Nebraska,1951,87.75,5.77,6.48
NE,Nebraska,1952,87.11,5.89,7.0
NE,Nebraska,1953,86.21,6.53,7.26
NE,Nebraska,1954,86.01,6.6,7.4
NE,Nebraska,1955,83.82,7.41,8.77
NE,Nebraska,1956,83.51,7.65,8.83
NE,Nebraska,1957,85.36,7.09,7.55
NE,Nebraska,1958,84.78,7.44,7.79
NE,Nebraska,1959,83.79,7.85,8.36
NE,Nebraska,1960,83.82,7.98,8.2
NE,Nebraska,1961,82.8,8.43,8.77
NE,Nebraska,1962,83.12,8.28,8.6
NE,Nebraska,1963,82.11,8.62,9.27
NE,Nebraska,1964,81.22,9.14,9.63
NE,Nebraska,1965,82.41,9.06,8.53
NE,Nebraska,1966,83.62,8.87,7.52
NE,Nebraska,1967,82.99,9.67,7.35
NE,Nebraska,1968,82.05,10.43,7.52
NE,Nebraska,1969,82.35,10.61,7.04
NE,Nebraska,1970,80.46,11.77,7.77
NE,Nebraska,1971,80.32,11.6,8.08
NE,Nebraska,1972,80.91,11.2,7.88
NE,Nebraska,1973,82.3,10.56,7.14
NE,Nebraska,1974,81.27,11.32,7.41
NE,Nebraska,1975,81.39,11.41,7.2
NE,Nebraska,1976,80.85,12.16,6.99
NE,Nebraska,1977,80.83,12.33,6.84
NE,Nebraska,1978,82.2,11.6,6.21
NE,Nebraska,1979,81.74,12.05,6.21
NE,Nebraska,1980,80.52,12.89,6.59
NE,Nebraska,1981,80.98,12.56,6.46
NE,Nebraska,1982,80.08,13.23,6.68
NE,Nebraska,1983,79.52,13.59,6.89
NE,Nebraska,1984,80.73,12.8,6.47
NE,Nebraska,1985,80.63,12.95,6.41
NE,Nebraska,1986,80.5,13.06,6.44
NE,Nebraska,1987,80.79,12.96,6.25
NE,Nebraska,1988,81.3,12.66,6.04
NE,Nebraska,1989,81.08,12.98,5.94
NE,Nebraska,1990,80.93,13.28,5.79
NE,Nebraska,1991,80.33,13.88,5.79
NE,Nebraska,1992,80.89,13.87,5.25
NE,Nebraska,1993,81.04,14.09,4.87
NE,Nebraska,1994,81.78,13.77,4.45
NE,Nebraska,1995,81.89,13.85,4.26
NE,Nebraska,1996,82.98,12.98,4.03
NE,Nebraska,1997,82.98,13.01,4.0
NE,Nebraska,1998,83.6,12.56,3.84
NE,Nebraska,1999,84.03,12.31,3.66
NE,Nebraska,2000,84.14,12.21,3.65
NE,Nebraska,2001,83.61,12.75,3.64
NE,Nebraska,2002,82.76,13.33,3.9
NE,Nebraska,2003,82.8,13.1,4.1
NE,Nebraska,2004,82.87,13.03,4.1
NE,Nebraska,2005,82.73,13.13,4.14
NE,Nebraska,2006,82.16,13.72,4.12
NE,Nebraska,2007,82.93,13.23,3.84
NE,Nebraska,2008,83.09,13.1,3.81
NE,Nebraska,2009,82.37,13.64,3.98
NE,Nebraska,2010,82.35,13.66,3.98
NE,Nebraska,2011,83.98,12.42,3.6
NE,Nebraska,2012,84.05,12.35,3.6
NE,Nebraska,2013,84.32,12.21,3.47
NE,Nebraska,2014,84.62,12.01,3.37
NE,Nebraska,2015,84.54,12.16,3.3
NE,Nebraska,2016,83.7,12.81,3.5
NE,Nebraska,2017,83.45,13.02,3.53
NE,Nebraska,2018,83.61,12.87,3.51
NE,Nebraska,2019,83.66,12.84,3.5
NE,Nebraska,2020,83.76,12.69,3.56
NE,Nebraska,2021,84.54,12.06,3.4
NE,Nebraska,2022,85.44,11.35,3.21
NE,Nebraska,2023,85.62,11.17,3.21
NE,Nebraska,2024,84.89,11.75,3.36
NE,Nebraska,2025,84.93,11.78,3.29
NH,New Hampshire,1929,89.95,5.48,4.57
NH,New Hampshire,1930,89.11,5.93,4.96
NH,New Hampshire,1931,87.1,7.1,5.8
NH,New Hampshire,1932,83.15,9.36,7.5
NH,New Hampshire,1933,82.64,9.83,7.54
NH,New Hampshire,1934,82.48,10.15,7.38
NH,New Hampshire,1935,83.67,9.12,7.22
NH,New Hampshire,1936,82.81,7.83,9.36
NH,New Hampshire,1937,84.63,7.69,7.68
NH,New Hampshire,1938,82.74,8.11,9.15
NH,New Hampshire,1939,83.34,7.98,8.67
NH,New Hampshire,1940,84.31,7.7,7.99
NH,New Hampshire,1941,83.08,6.03,10.89
NH,New Hampshire,1942,79.22,4.69,16.09
NH,New Hampshire,1943,76.57,4.2,19.23
NH,New Hampshire,1944,71.99,3.88,24.13
NH,New Hampshire,1945,74.8,4.03,21.18
NH,New Hampshire,1946,85.0,4.47,10.52
NH,New Hampshire,1947,87.75,4.98,7.27
NH,New Hampshire,1948,89.92,5.47,4.6
NH,New Hampshire,1949,88.41,6.06,5.53
NH,New Hampshire,1950,89.86,5.85,4.29
NH,New Hampshire,1951,89.19,5.72,5.1
NH,New Hampshire,1952,88.1,6.09,5.8
NH,New Hampshire,1953,87.98,6.31,5.71
NH,New Hampshire,1954,87.78,6.46,5.76
NH,New Hampshire,1955,88.62,6.02,5.36
NH,New Hampshire,1956,87.0,6.1,6.9
NH,New Hampshire,1957,86.39,6.32,7.3
NH,New Hampshire,1958,85.36,7.21,7.43
NH,New Hampshire,1959,85.48,7.09,7.43
NH,New Hampshire,1960,85.41,7.23,7.36
NH,New Hampshire,1961,85.03,7.53,7.44
NH,New Hampshire,1962,85.5,7.5,7.0
NH,New Hampshire,1963,84.59,8.09,7.32
NH,New Hampshire,1964,84.38,8.28,7.34
NH,New Hampshire,1965,84.76,8.53,6.71
NH,New Hampshire,1966,86.03,8.54,5.43
NH,New Hampshire,1967,85.26,8.84,5.9
NH,New Hampshire,1968,85.01,9.09,5.89
NH,New Hampshire,1969,84.99,9.34,5.67
NH,New Hampshire,1970,83.75,10.06,6.2
NH,New Hampshire,1971,82.86,10.74,6.4
NH,New Hampshire,1972,82.93,10.95,6.12
NH,New Hampshire,1973,83.03,11.21,5.76
NH,New Hampshire,1974,82.72,11.5,5.78
NH,New Hampshire,1975,81.75,12.15,6.1
NH,New Hampshire,1976,82.94,11.53,5.54
NH,New Hampshire,1977,83.56,11.3,5.14
NH,New Hampshire,1978,84.37,10.79,4.84
NH,New Hampshire,1979,85.22,10.44,4.34
NH,New Hampshire,1980,85.33,10.33,4.34
NH,New Hampshire,1981,85.66,9.97,4.36
NH,New Hampshire,1982,85.81,9.89,4.3
NH,New Hampshire,1983,86.2,9.74,4.06
NH,New Hampshire,1984,86.82,9.29,3.89
NH,New Hampshire,1985,87.08,9.19,3.73
NH,New Hampshire,1986,87.49,9.09,3.42
NH,New Hampshire,1987,87.69,9.13,3.18
NH,New Hampshire,1988,87.72,9.22,3.06
NH,New Hampshire,1989,86.91,9.96,3.13
NH,New Hampshire,1990,85.81,11.07,3.12
NH,New Hampshire,1991,85.47,11.86,2.67
NH,New Hampshire,1992,85.6,11.78,2.62
NH,New Hampshire,1993,85.79,11.71,2.5
NH,New Hampshire,1994,86.07,11.49,2.44
NH,New Hampshire,1995,86.49,11.09,2.42
NH,New Hampshire,1996,86.9,10.74,2.36
NH,New Hampshire,1997,87.37,10.41,2.22
NH,New Hampshire,1998,88.33,9.66,2.01
NH,New Hampshire,1999,88.54,9.58,1.88
NH,New Hampshire,2000,89.21,8.99,1.81
NH,New Hampshire,2001,88.88,9.37,1.75
NH,New Hampshire,2002,88.38,9.78,1.84
NH,New Hampshire,2003,87.54,10.47,1.99
NH,New Hampshire,2004,87.57,10.37,2.06
NH,New Hampshire,2005,87.57,10.36,2.07
NH,New Hampshire,2006,87.74,10.27,1.99
NH,New Hampshire,2007,87.27,10.66,2.07
NH,New Hampshire,2008,86.71,11.15,2.14
NH,New Hampshire,2009,86.26,11.54,2.2
NH,New Hampshire,2010,86.4,11.44,2.15
NH,New Hampshire,2011,86.94,10.97,2.1
NH,New Hampshire,2012,87.2,10.73,2.06
NH,New Hampshire,2013,86.96,11.02,2.02
NH,New Hampshire,2014,86.9,11.1,2.0
NH,New Hampshire,2015,87.21,10.78,2.0
NH,New Hampshire,2016,87.41,10.61,1.97
NH,New Hampshire,2017,87.75,10.33,1.92
NH,New Hampshire,2018,87.84,10.2,1.96
NH,New Hampshire,2019,88.23,9.86,1.91
NH,New Hampshire,2020,88.38,9.72,1.9
NH,New Hampshire,2021,89.62,8.64,1.74
NH,New Hampshire,2022,89.67,8.49,1.84
NH,New Hampshire,2023,89.41,8.63,1.96
NH,New Hampshire,2024,89.42,8.52,2.05
NH,New Hampshire,2025,89.47,8.52,2.01
NJ,New Jersey,1929,92.42,6.16,1.42
NJ,New Jersey,1930,91.5,6.96,1.53
NJ,New Jersey,1931,89.37,8.85,1.78
NJ,New Jersey,1932,87.0,10.84,2.16
NJ,New Jersey,1933,86.99,10.4,2.61
NJ,New Jersey,1934,87.45,9.22,3.33
NJ,New Jersey,1935,88.2,8.69,3.12
NJ,New Jersey,1936,86.72,7.3,5.98
NJ,New Jersey,1937,88.28,7.03,4.69
NJ,New Jersey,1938,86.63,7.73,5.64
NJ,New Jersey,1939,87.57,7.63,4.79
NJ,New Jersey,1940,88.69,6.82,4.49
NJ,New Jersey,1941,89.75,5.48,4.77
NJ,New Jersey,1942,88.92,4.25,6.84
NJ,New Jersey,1943,87.33,3.56,9.11
NJ,New Jersey,1944,86.27,3.42,10.31
NJ,New Jersey,1945,84.32,3.58,12.1
NJ,New Jersey,1946,86.82,3.9,9.29
NJ,New Jersey,1947,90.18,4.16,5.66
NJ,New Jersey,1948,89.93,4.63,5.44
NJ,New Jersey,1949,89.22,5.19,5.59
NJ,New Jersey,1950,89.85,5.05,5.09
NJ,New Jersey,1951,89.23,4.73,6.04
NJ,New Jersey,1952,88.4,4.87,6.73
NJ,New Jersey,1953,88.56,5.03,6.41
NJ,New Jersey,1954,88.2,5.53,6.27
NJ,New Jersey,1955,88.93,5.62,5.45
NJ,New Jersey,1956,89.42,5.74,4.84
NJ,New Jersey,1957,89.06,6.04,4.9
NJ,New Jersey,1958,88.0,6.66,5.34
NJ,New Jersey,1959,88.2,6.73,5.07
NJ,New Jersey,1960,88.07,6.89,5.04
NJ,New Jersey,1961,87.67,7.22,5.11
NJ,New Jersey,1962,87.79,7.26,4.95
NJ,New Jersey,1963,87.54,7.57,4.89
NJ,New Jersey,1964,87.4,7.78,4.82
NJ,New Jersey,1965,87.43,7.93,4.64
NJ,New Jersey,1966,87.14,7.97,4.89
NJ,New Jersey,1967,86.56,8.21,5.23
NJ,New Jersey,1968,86.2,8.57,5.23
NJ,New Jersey,1969,86.04,8.91,5.06
NJ,New Jersey,1970,85.41,9.42,5.17
NJ,New Jersey,1971,84.51,10.13,5.35
NJ,New Jersey,1972,84.24,10.54,5.22
NJ,New Jersey,1973,84.17,11.01,4.82
NJ,New Jersey,1974,83.92,11.23,4.85
NJ,New Jersey,1975,83.35,11.8,4.84
NJ,New Jersey,1976,83.37,11.67,4.96
NJ,New Jersey,1977,83.78,11.6,4.62
NJ,New Jersey,1978,84.28,11.29,4.43
NJ,New Jersey,1979,84.58,11.17,4.25
NJ,New Jersey,1980,84.49,11.29,4.22
NJ,New Jersey,1981,84.57,11.12,4.31
NJ,New Jersey,1982,84.21,11.42,4.37
NJ,New Jersey,1983,84.53,11.26,4.21
NJ,New Jersey,1984,84.96,10.99,4.04
NJ,New Jersey,1985,85.0,11.14,3.86
NJ,New Jersey,1986,85.23,11.18,3.58
NJ,New Jersey,1987,85.49,11.22,3.28
NJ,New Jersey,1988,85.68,11.22,3.11
NJ,New Jersey,1989,85.3,11.63,3.07
NJ,New Jersey,1990,84.6,12.24,3.16
NJ,New Jersey,1991,83.73,13.0,3.27
NJ,New Jersey,1992,83.61,13.22,3.17
NJ,New Jersey,1993,83.48,13.45,3.07
NJ,New Jersey,1994,83.48,13.58,2.94
NJ,New Jersey,1995,83.82,13.41,2.77
NJ,New Jersey,1996,84.3,13.06,2.63
NJ,New Jersey,1997,84.75,12.81,2.44
NJ,New Jersey,1998,85.13,12.57,2.29
NJ,New Jersey,1999,85.31,12.47,2.22
NJ,New Jersey,2000,85.92,11.94,2.14
NJ,New Jersey,2001,85.33,12.6,2.07
NJ,New Jersey,2002,84.87,12.99,2.14
NJ,New Jersey,2003,84.37,13.38,2.25
NJ,New Jersey,2004,84.07,13.64,2.29
NJ,New Jersey,2005,83.9,13.81,2.29
NJ,New Jersey,2006,84.21,13.52,2.27
NJ,New Jersey,2007,84.06,13.64,2.3
NJ,New Jersey,2008,83.72,14.04,2.24
NJ,New Jersey,2009,82.9,14.75,2.35
NJ,New Jersey,2010,83.16,14.49,2.35
NJ,New Jersey,2011,83.97,13.82,2.21
NJ,New Jersey,2012,84.64,13.32,2.04
NJ,New Jersey,2013,84.37,13.7,1.94
NJ,New Jersey,2014,84.55,13.56,1.89
NJ,New Jersey,2015,85.01,13.11,1.88
NJ,New Jersey,2016,85.34,12.8,1.87
NJ,New Jersey,2017,85.6,12.55,1.85
NJ,New Jersey,2018,85.71,12.45,1.84
NJ,New Jersey,2019,85.87,12.34,1.8
NJ,New Jersey,2020,85.7,12.42,1.88
NJ,New Jersey,2021,86.48,11.72,1.8
NJ,New Jersey,2022,86.9,11.31,1.78
NJ,New Jersey,2023,86.85,11.33,1.82
NJ,New Jersey,2024,86.79,11.37,1.83
NJ,New Jersey,2025,86.91,11.31,1.77
NM,New Mexico,1929,86.54,6.88,6.57
NM,New Mexico,1930,82.27,9.04,8.69
NM,New Mexico,1931,79.02,10.87,10.11
NM,New Mexico,1932,72.35,14.67,12.99
NM,New Mexico,1933,73.07,13.3,13.63
NM,New Mexico,1934,70.56,15.09,14.35
NM,New Mexico,1935,74.17,11.77,14.06
NM,New Mexico,1936,74.81,8.43,16.75
NM,New Mexico,1937,78.54,8.18,13.28
NM,New Mexico,1938,75.9,8.89,15.21
NM,New Mexico,1939,77.51,8.43,14.06
NM,New Mexico,1940,77.74,8.14,14.11
NM,New Mexico,1941,79.64,7.81,12.55
NM,New Mexico,1942,73.03,5.79,21.18
NM,New Mexico,1943,62.49,4.88,32.63
NM,New Mexico,1944,60.49,4.83,34.68
NM,New Mexico,1945,60.58,4.68,34.74
NM,New Mexico,1946,76.02,5.55,18.44
NM,New Mexico,1947,80.12,6.53,13.36
NM,New Mexico,1948,78.35,9.38,12.27
NM,New Mexico,1949,76.82,9.51,13.67
NM,New Mexico,1950,75.51,9.45,15.03
NM,New Mexico,1951,75.37,8.6,16.04
NM,New Mexico,1952,71.39,8.54,20.07
NM,New Mexico,1953,70.31,9.08,20.61
NM,New Mexico,1954,69.89,9.74,20.38
NM,New Mexico,1955,70.08,9.8,20.12
NM,New Mexico,1956,70.39,10.09,19.52
NM,New Mexico,1957,71.25,9.8,18.95
NM,New Mexico,1958,71.14,9.63,19.23
NM,New Mexico,1959,71.78,10.04,18.18
NM,New Mexico,1960,70.93,10.9,18.17
NM,New Mexico,1961,70.75,11.32,17.92
NM,New Mexico,1962,70.54,11.46,17.99
NM,New Mexico,1963,69.7,12.23,18.07
NM,New Mexico,1964,68.89,12.7,18.4
NM,New Mexico,1965,68.1,13.39,18.51
NM,New Mexico,1966,68.08,14.01,17.91
NM,New Mexico,1967,67.78,14.78,17.44
NM,New Mexico,1968,67.21,15.33,17.45
NM,New Mexico,1969,67.37,15.4,17.23
NM,New Mexico,1970,66.4,15.78,17.81
NM,New Mexico,1971,65.73,16.24,18.02
NM,New Mexico,1972,66.02,16.27,17.71
NM,New Mexico,1973,67.03,15.78,17.19
NM,New Mexico,1974,67.33,15.96,16.71
NM,New Mexico,1975,67.56,16.6,15.84
NM,New Mexico,1976,67.73,17.01,15.26
NM,New Mexico,1977,69.35,16.58,14.07
NM,New Mexico,1978,70.79,16.08,13.13
NM,New Mexico,1979,71.7,15.88,12.42
NM,New Mexico,1980,71.49,16.19,12.33
NM,New Mexico,1981,71.15,16.52,12.33
NM,New Mexico,1982,70.49,17.19,12.32
NM,New Mexico,1983,70.04,17.64,12.33
NM,New Mexico,1984,70.8,17.33,11.87
NM,New Mexico,1985,70.78,17.53,11.69
NM,New Mexico,1986,70.42,17.98,11.59
NM,New Mexico,1987,70.21,18.52,11.27
NM,New Mexico,1988,70.65,18.27,11.08
NM,New Mexico,1989,70.47,18.5,11.04
NM,New Mexico,1990,70.09,18.96,10.95
NM,New Mexico,1991,69.88,19.21,10.91
NM,New Mexico,1992,69.93,19.36,10.71
NM,New Mexico,1993,70.89,18.95,10.16
NM,New Mexico,1994,71.17,18.93,9.89
NM,New Mexico,1995,71.22,19.29,9.5
NM,New Mexico,1996,71.63,19.24,9.13
NM,New Mexico,1997,72.2,19.22,8.58
NM,New Mexico,1998,72.2,19.46,8.34
NM,New Mexico,1999,72.1,20.0,7.91
NM,New Mexico,2000,72.78,19.57,7.65
NM,New Mexico,2001,72.7,19.57,7.73
NM,New Mexico,2002,71.6,20.28,8.12
NM,New Mexico,2003,71.23,20.43,8.34
NM,New Mexico,2004,71.09,20.59,8.32
NM,New Mexico,2005,71.22,20.58,8.2
NM,New Mexico,2006,72.88,19.08,8.03
NM,New Mexico,2007,73.82,18.25,7.93
NM,New Mexico,2008,73.65,18.6,7.75
NM,New Mexico,2009,71.83,19.66,8.52
NM,New Mexico,2010,72.1,18.96,8.94
NM,New Mexico,2011,72.84,18.14,9.02
NM,New Mexico,2012,72.98,18.17,8.85
NM,New Mexico,2013,72.6,18.81,8.59
NM,New Mexico,2014,73.34,18.29,8.38
NM,New Mexico,2015,73.27,18.53,8.21
NM,New Mexico,2016,72.87,18.68,8.46
NM,New Mexico,2017,73.31,18.24,8.45
NM,New Mexico,2018,73.86,17.78,8.36
NM,New Mexico,2019,74.12,17.82,8.06
NM,New Mexico,2020,73.34,18.11,8.55
NM,New Mexico,2021,74.52,17.23,8.25
NM,New Mexico,2022,75.93,16.17,7.9
NM,New Mexico,2023,75.44,16.57,7.99
NM,New Mexico,2024,75.0,17.0,8.0
NM,New Mexico,2025,75.21,17.12,7.66
NV,Nevada,1929,88.39,5.78,5.83
NV,Nevada,1930,87.58,6.09,6.33
NV,Nevada,1931,82.77,8.84,8.39
NV,Nevada,1932,80.84,10.18,8.98
NV,Nevada,1933,77.68,10.86,11.46
NV,Nevada,1934,74.66,12.92,12.42
NV,Nevada,1935,77.3,12.53,10.16
NV,Nevada,1936,80.18,8.74,11.08
NV,Nevada,1937,80.65,9.17,10.18
NV,Nevada,1938,81.54,8.26,10.21
NV,Nevada,1939,82.85,7.51,9.64
NV,Nevada,1940,82.32,7.3,10.37
NV,Nevada,1941,80.91,6.4,12.69
NV,Nevada,1942,85.3,3.42,11.28
NV,Nevada,1943,78.15,3.51,18.34
NV,Nevada,1944,68.27,4.04,27.7
NV,Nevada,1945,67.73,4.08,28.19
NV,Nevada,1946,82.76,5.24,12.0
NV,Nevada,1947,87.44,6.05,6.52
NV,Nevada,1948,85.68,6.81,7.52
NV,Nevada,1949,82.9,7.14,9.95
NV,Nevada,1950,81.9,6.57,11.53
NV,Nevada,1951,81.97,6.33,11.71
NV,Nevada,1952,80.95,6.11,12.94
NV,Nevada,1953,80.52,6.02,13.46
NV,Nevada,1954,79.91,6.5,13.59
NV,Nevada,1955,81.03,6.57,12.4
NV,Nevada,1956,79.28,7.42,13.3
NV,Nevada,1957,79.46,7.73,12.81
NV,Nevada,1958,78.6,8.4,13.0
NV,Nevada,1959,80.11,8.15,11.74
NV,Nevada,1960,80.26,8.39,11.34
NV,Nevada,1961,79.9,8.72,11.38
NV,Nevada,1962,82.45,7.89,9.66
NV,Nevada,1963,82.71,8.12,9.17
NV,Nevada,1964,82.0,9.0,9.0
NV,Nevada,1965,81.41,9.66,8.92
NV,Nevada,1966,81.12,10.15,8.73
NV,Nevada,1967,79.76,11.09,9.15
NV,Nevada,1968,78.98,11.24,9.78
NV,Nevada,1969,79.31,11.18,9.51
NV,Nevada,1970,78.87,11.74,9.38
NV,Nevada,1971,77.75,12.16,10.09
NV,Nevada,1972,78.13,12.11,9.76
NV,Nevada,1973,79.7,11.61,8.69
NV,Nevada,1974,79.59,11.93,8.48
NV,Nevada,1975,79.12,12.39,8.49
NV,Nevada,1976,79.98,11.72,8.3
NV,Nevada,1977,81.24,11.31,7.45
NV,Nevada,1978,82.82,10.72,6.46
NV,Nevada,1979,83.55,10.44,6.01
NV,Nevada,1980,83.62,10.47,5.91
NV,Nevada,1981,83.28,10.89,5.83
NV,Nevada,1982,81.87,11.81,6.32
NV,Nevada,1983,81.5,12.06,6.43
NV,Nevada,1984,82.49,11.54,5.97
NV,Nevada,1985,82.44,11.72,5.84
NV,Nevada,1986,82.86,11.57,5.58
NV,Nevada,1987,83.34,11.35,5.3
NV,Nevada,1988,84.3,10.91,4.78
NV,Nevada,1989,84.12,11.1,4.77
NV,Nevada,1990,84.22,11.39,4.4
NV,Nevada,1991,83.51,12.07,4.42
NV,Nevada,1992,83.3,12.51,4.19
NV,Nevada,1993,83.79,12.39,3.83
NV,Nevada,1994,84.35,11.98,3.68
NV,Nevada,1995,84.66,11.84,3.51
NV,Nevada,1996,85.14,11.63,3.23
NV,Nevada,1997,85.53,11.52,2.95
NV,Nevada,1998,85.93,11.37,2.71
NV,Nevada,1999,86.23,11.12,2.65
NV,Nevada,2000,86.51,10.81,2.68
NV,Nevada,2001,86.16,11.15,2.69
NV,Nevada,2002,85.46,11.54,3.0
NV,Nevada,2003,84.87,11.88,3.26
NV,Nevada,2004,85.16,11.65,3.19
NV,Nevada,2005,85.72,11.27,3.01
NV,Nevada,2006,85.82,11.26,2.92
NV,Nevada,2007,85.15,11.87,2.98
NV,Nevada,2008,83.44,13.22,3.34
NV,Nevada,2009,81.65,14.6,3.75
NV,Nevada,2010,81.81,14.37,3.82
NV,Nevada,2011,82.35,13.78,3.87
NV,Nevada,2012,82.84,13.2,3.96
NV,Nevada,2013,82.83,13.31,3.86
NV,Nevada,2014,82.89,13.36,3.74
NV,Nevada,2015,83.48,12.98,3.55
NV,Nevada,2016,83.52,12.91,3.57
NV,Nevada,2017,84.14,12.4,3.46
NV,Nevada,2018,84.86,11.79,3.35
NV,Nevada,2019,85.06,11.55,3.39
NV,Nevada,2020,84.12,12.11,3.77
NV,Nevada,2021,85.8,10.72,3.49
NV,Nevada,2022,86.64,10.01,3.35
NV,Nevada,2023,86.33,10.25,3.42
NV,Nevada,2024,85.5,11.0,3.5
NV,Nevada,2025,85.74,10.84,3.41
NY,New York,1929,92.47,5.95,1.57
NY,New York,1930,91.36,6.88,1.76
NY,New York,1931,89.27,8.68,2.05
NY,New York,1932,85.78,11.67,2.55
NY,New York,1933,84.32,12.66,3.02
NY,New York,1934,84.95,11.33,3.72
NY,New York,1935,85.09,10.8,4.11
NY,New York,1936,84.03,8.58,7.39
NY,New York,1937,85.89,8.48,5.63
NY,New York,1938,84.99,9.48,5.54
NY,New York,1939,85.88,9.14,4.98
NY,New York,1940,86.51,9.11,4.38
NY,New York,1941,87.35,8.14,4.51
NY,New York,1942,86.54,6.69,6.77
NY,New York,1943,83.9,5.57,10.53
NY,New York,1944,82.6,5.19,12.22
NY,New York,1945,82.72,5.24,12.05
NY,New York,1946,87.44,5.51,7.05
NY,New York,1947,89.2,6.31,4.49
NY,New York,1948,89.66,6.54,3.8
NY,New York,1949,88.72,7.13,4.15
NY,New York,1950,89.39,7.01,3.6
NY,New York,1951,88.45,6.86,4.69
NY,New York,1952,87.64,7.23,5.12
NY,New York,1953,87.93,7.18,4.89
NY,New York,1954,87.75,7.56,4.69
NY,New York,1955,87.71,7.68,4.61
NY,New York,1956,87.62,8.03,4.36
NY,New York,1957,87.35,8.46,4.19
NY,New York,1958,87.05,8.85,4.09
NY,New York,1959,87.29,8.78,3.94
NY,New York,1960,87.09,9.08,3.83
NY,New York,1961,86.69,9.54,3.77
NY,New York,1962,86.53,9.72,3.75
NY,New York,1963,86.28,9.98,3.74
NY,New York,1964,86.07,10.22,3.71
NY,New York,1965,85.93,10.6,3.48
NY,New York,1966,85.54,11.01,3.45
NY,New York,1967,85.37,11.5,3.13
NY,New York,1968,84.58,12.25,3.17
NY,New York,1969,84.16,12.66,3.18
NY,New York,1970,82.94,13.64,3.42
NY,New York,1971,81.82,14.65,3.53
NY,New York,1972,81.56,14.89,3.55
NY,New York,1973,81.39,15.11,3.51
NY,New York,1974,80.82,15.62,3.56
NY,New York,1975,80.28,16.08,3.65
NY,New York,1976,81.4,15.01,3.58
NY,New York,1977,82.12,14.36,3.52
NY,New York,1978,82.61,13.91,3.47
NY,New York,1979,83.18,13.58,3.23
NY,New York,1980,83.31,13.48,3.21
NY,New York,1981,83.08,13.69,3.23
NY,New York,1982,82.9,13.97,3.12
NY,New York,1983,82.86,14.16,2.98
NY,New York,1984,82.98,14.08,2.93
NY,New York,1985,83.0,14.14,2.86
NY,New York,1986,83.0,14.32,2.68
NY,New York,1987,83.17,14.3,2.53
NY,New York,1988,83.4,14.12,2.48
NY,New York,1989,82.76,14.79,2.45
NY,New York,1990,82.39,15.12,2.48
NY,New York,1991,81.57,15.79,2.64
NY,New York,1992,81.76,15.65,2.59
NY,New York,1993,81.66,15.83,2.51
NY,New York,1994,81.52,16.02,2.45
NY,New York,1995,82.01,15.7,2.29
NY,New York,1996,82.73,15.12,2.16
NY,New York,1997,83.26,14.73,2.01
NY,New York,1998,83.61,14.48,1.91
NY,New York,1999,83.89,14.26,1.85
NY,New York,2000,84.36,13.82,1.82
NY,New York,2001,84.78,13.48,1.74
NY,New York,2002,84.1,14.02,1.88
NY,New York,2003,83.56,14.44,2.01
NY,New York,2004,83.45,14.54,2.01
NY,New York,2005,83.37,14.58,2.05
NY,New York,2006,83.94,14.08,1.98
NY,New York,2007,84.28,13.82,1.9
NY,New York,2008,83.6,14.44,1.96
NY,New York,2009,82.47,15.41,2.12
NY,New York,2010,82.71,15.15,2.14
NY,New York,2011,83.49,14.47,2.04
NY,New York,2012,84.06,13.99,1.94
NY,New York,2013,83.6,14.55,1.86
NY,New York,2014,83.97,14.22,1.81
NY,New York,2015,84.09,14.12,1.79
NY,New York,2016,84.53,13.72,1.75
NY,New York,2017,84.86,13.45,1.69
NY,New York,2018,84.02,14.32,1.67
NY,New York,2019,84.08,14.31,1.61
NY,New York,2020,83.53,14.78,1.69
NY,New York,2021,84.2,14.21,1.59
NY,New York,2022,84.71,13.73,1.57
NY,New York,2023,84.43,13.98,1.59
NY,New York,2024,84.41,14.01,1.58
NY,New York,2025,84.74,13.75,1.5
OH,Ohio,1929,93.33,5.53,1.14
OH,Ohio,1930,91.57,7.04,1.39
OH,Ohio,1931,90.34,7.99,1.67
OH,Ohio,1932,87.57,10.19,2.24
OH,Ohio,1933,86.87,9.92,3.21
OH,Ohio,1934,87.24,8.92,3.84
OH,Ohio,1935,88.44,8.19,3.37
OH,Ohio,1936,86.81,6.49,6.7
OH,Ohio,1937,89.33,6.19,4.48
OH,Ohio,1938,84.5,7.57,7.93
OH,Ohio,1939,86.89,6.84,6.27
OH,Ohio,1940,88.79,6.55,4.66
OH,Ohio,1941,91.29,5.29,3.42
OH,Ohio,1942,91.17,4.3,4.53
OH,Ohio,1943,88.93,3.63,7.44
OH,Ohio,1944,87.12,3.65,9.23
OH,Ohio,1945,85.81,3.98,10.2
OH,Ohio,1946,89.16,4.4,6.44
OH,Ohio,1947,91.21,4.56,4.23
OH,Ohio,1948,91.64,4.6,3.76
OH,Ohio,1949,90.34,5.28,4.38
OH,Ohio,1950,91.05,5.02,3.94
OH,Ohio,1951,90.82,4.55,4.64
OH,Ohio,1952,90.35,4.66,4.99
OH,Ohio,1953,90.69,4.81,4.5
OH,Ohio,1954,90.09,5.45,4.46
OH,Ohio,1955,90.3,5.36,4.34
OH,Ohio,1956,90.29,5.5,4.21
OH,Ohio,1957,89.97,5.79,4.23
OH,Ohio,1958,88.93,6.63,4.44
OH,Ohio,1959,89.42,6.42,4.16
OH,Ohio,1960,89.11,6.78,4.1
OH,Ohio,1961,88.25,7.45,4.29
OH,Ohio,1962,88.38,7.38,4.23
OH,Ohio,1963,88.25,7.46,4.28
OH,Ohio,1964,88.34,7.42,4.24
OH,Ohio,1965,88.6,7.38,4.02
OH,Ohio,1966,88.7,7.35,3.96
OH,Ohio,1967,88.27,7.61,4.12
OH,Ohio,1968,88.14,7.84,4.02
OH,Ohio,1969,87.95,8.01,4.05
OH,Ohio,1970,86.97,8.64,4.39
OH,Ohio,1971,86.24,9.21,4.55
OH,Ohio,1972,86.34,9.39,4.26
OH,Ohio,1973,86.65,9.34,4.02
OH,Ohio,1974,86.74,9.28,3.98
OH,Ohio,1975,86.0,9.82,4.18
OH,Ohio,1976,86.53,9.55,3.92
OH,Ohio,1977,87.02,9.29,3.69
OH,Ohio,1978,87.24,9.14,3.63
OH,Ohio,1979,87.55,9.07,3.39
OH,Ohio,1980,86.88,9.61,3.5
OH,Ohio,1981,86.64,9.76,3.6
OH,Ohio,1982,85.72,10.55,3.72
OH,Ohio,1983,85.53,10.8,3.68
OH,Ohio,1984,86.19,10.35,3.46
OH,Ohio,1985,86.17,10.4,3.43
OH,Ohio,1986,86.09,10.6,3.31
OH,Ohio,1987,86.09,10.71,3.2
OH,Ohio,1988,86.07,10.8,3.13
OH,Ohio,1989,85.87,11.04,3.09
OH,Ohio,1990,85.45,11.42,3.14
OH,Ohio,1991,84.85,11.97,3.18
OH,Ohio,1992,84.63,12.26,3.1
OH,Ohio,1993,84.61,12.42,2.96
OH,Ohio,1994,84.89,12.25,2.86
OH,Ohio,1995,84.88,12.26,2.85
OH,Ohio,1996,85.06,12.19,2.75
OH,Ohio,1997,85.44,11.94,2.62
OH,Ohio,1998,85.78,11.73,2.48
OH,Ohio,1999,85.76,11.8,2.44
OH,Ohio,2000,85.66,11.86,2.48
OH,Ohio,2001,85.35,12.2,2.45
OH,Ohio,2002,84.8,12.59,2.61
OH,Ohio,2003,84.54,12.72,2.73
OH,Ohio,2004,84.51,12.73,2.76
OH,Ohio,2005,84.44,12.75,2.81
OH,Ohio,2006,84.67,12.6,2.74
OH,Ohio,2007,84.53,12.73,2.74
OH,Ohio,2008,84.25,12.96,2.79
OH,Ohio,2009,83.26,13.69,3.05
OH,Ohio,2010,82.91,13.92,3.17
OH,Ohio,2011,83.87,13.1,3.03
OH,Ohio,2012,84.36,12.77,2.88
OH,Ohio,2013,84.68,12.6,2.72
OH,Ohio,2014,84.85,12.46,2.68
OH,Ohio,2015,84.96,12.39,2.65
OH,Ohio,2016,84.83,12.5,2.67
OH,Ohio,2017,85.14,12.21,2.65
OH,Ohio,2018,85.18,12.14,2.68
OH,Ohio,2019,85.34,11.99,2.66
OH,Ohio,2020,85.14,12.11,2.76
OH,Ohio,2021,85.68,11.64,2.68
OH,Ohio,2022,85.95,11.39,2.65
OH,Ohio,2023,85.93,11.33,2.74
OH,Ohio,2024,85.91,11.3,2.79
OH,Ohio,2025,86.07,11.25,2.68
OK,Oklahoma,1929,92.73,4.91,2.36
OK,Oklahoma,1930,90.23,6.71,3.06
OK,Oklahoma,1931,87.09,9.07,3.84
OK,Oklahoma,1932,83.56,11.49,4.95
OK,Oklahoma,1933,83.07,10.81,6.12
OK,Oklahoma,1934,82.53,10.12,7.35
OK,Oklahoma,1935,83.36,10.31,6.34
OK,Oklahoma,1936,79.53,8.94,11.53
OK,Oklahoma,1937,84.05,7.52,8.43
OK,Oklahoma,1938,81.25,8.57,10.17
OK,Oklahoma,1939,81.83,8.1,10.07
OK,Oklahoma,1940,81.52,7.53,10.95
OK,Oklahoma,1941,82.4,6.82,10.78
OK,Oklahoma,1942,80.25,4.62,15.14
OK,Oklahoma,1943,73.27,3.75,22.99
OK,Oklahoma,1944,71.83,3.47,24.7
OK,Oklahoma,1945,70.76,3.98,25.26
OK,Oklahoma,1946,82.47,4.75,12.78
OK,Oklahoma,1947,86.45,5.09,8.47
OK,Oklahoma,1948,85.99,5.59,8.43
OK,Oklahoma,1949,84.66,5.93,9.41
OK,Oklahoma,1950,83.23,6.27,10.49
OK,Oklahoma,1951,80.78,5.93,13.28
OK,Oklahoma,1952,79.38,6.04,14.59
OK,Oklahoma,1953,79.58,6.54,13.88
OK,Oklahoma,1954,79.02,7.15,13.83
OK,Oklahoma,1955,79.32,7.19,13.49
OK,Oklahoma,1956,79.16,7.4,13.44
OK,Oklahoma,1957,78.58,7.8,13.62
OK,Oklahoma,1958,78.59,7.82,13.59
OK,Oklahoma,1959,78.95,7.83,13.22
OK,Oklahoma,1960,79.11,7.97,12.91
OK,Oklahoma,1961,78.48,8.38,13.14
OK,Oklahoma,1962,77.89,8.67,13.44
OK,Oklahoma,1963,77.72,8.98,13.3
OK,Oklahoma,1964,77.71,9.03,13.26
OK,Oklahoma,1965,77.85,9.22,12.93
OK,Oklahoma,1966,77.05,9.57,13.38
OK,Oklahoma,1967,75.76,10.03,14.21
OK,Oklahoma,1968,75.86,10.19,13.95
OK,Oklahoma,1969,76.0,10.15,13.85
OK,Oklahoma,1970,75.37,10.55,14.08
OK,Oklahoma,1971,75.29,10.93,13.78
OK,Oklahoma,1972,76.0,10.86,13.14
OK,Oklahoma,1973,77.51,10.43,12.05
OK,Oklahoma,1974,77.93,10.52,11.55
OK,Oklahoma,1975,78.04,10.81,11.15
OK,Oklahoma,1976,78.36,10.82,10.81
OK,Oklahoma,1977,79.17,10.75,10.08
OK,Oklahoma,1978,80.06,10.57,9.37
OK,Oklahoma,1979,81.24,10.21,8.55
OK,Oklahoma,1980,81.45,10.46,8.09
OK,Oklahoma,1981,81.77,10.47,7.76
OK,Oklahoma,1982,81.14,11.04,7.82
OK,Oklahoma,1983,79.73,12.07,8.19
OK,Oklahoma,1984,80.17,11.55,8.28
OK,Oklahoma,1985,79.31,11.96,8.73
OK,Oklahoma,1986,78.58,12.57,8.85
OK,Oklahoma,1987,78.26,12.7,9.05
OK,Oklahoma,1988,78.46,12.78,8.77
OK,Oklahoma,1989,78.34,13.12,8.54
OK,Oklahoma,1990,78.24,13.43,8.33
OK,Oklahoma,1991,77.49,14.09,8.42
OK,Oklahoma,1992,77.22,14.16,8.61
OK,Oklahoma,1993,77.7,14.12,8.18
OK,Oklahoma,1994,78.07,14.31,7.62
OK,Oklahoma,1995,77.86,14.46,7.68
OK,Oklahoma,1996,78.61,13.97,7.42
OK,Oklahoma,1997,79.52,13.5,6.98
OK,Oklahoma,1998,79.96,13.27,6.77
OK,Oklahoma,1999,79.43,13.73,6.83
OK,Oklahoma,2000,79.55,13.53,6.92
OK,Oklahoma,2001,79.58,13.76,6.65
OK,Oklahoma,2002,78.91,14.03,7.07
OK,Oklahoma,2003,79.01,13.6,7.39
OK,Oklahoma,2004,79.83,13.04,7.13
OK,Oklahoma,2005,80.52,12.71,6.77
OK,Oklahoma,2006,81.22,12.33,6.45
OK,Oklahoma,2007,80.09,13.29,6.62
OK,Oklahoma,2008,81.2,12.73,6.06
OK,Oklahoma,2009,78.47,14.42,7.11
OK,Oklahoma,2010,78.55,14.17,7.28
OK,Oklahoma,2011,79.98,13.23,6.79
OK,Oklahoma,2012,81.37,12.42,6.21
OK,Oklahoma,2013,82.31,12.16,5.52
OK,Oklahoma,2014,82.85,11.92,5.23
OK,Oklahoma,2015,81.65,12.82,5.52
OK,Oklahoma,2016,79.99,13.84,6.17
OK,Oklahoma,2017,80.54,13.32,6.14
OK,Oklahoma,2018,80.85,13.1,6.05
OK,Oklahoma,2019,80.77,13.29,5.94
OK,Oklahoma,2020,80.2,13.56,6.24
OK,Oklahoma,2021,81.4,12.54,6.06
OK,Oklahoma,2022,82.85,11.53,5.62
OK,Oklahoma,2023,82.29,11.87,5.85
OK,Oklahoma,2024,81.86,12.25,5.89
OK,Oklahoma,2025,82.19,12.08,5.72
OR,Oregon,1929,90.54,6.82,2.64
OR,Oregon,1930,89.21,7.78,3.01
OR,Oregon,1931,86.61,9.65,3.74
OR,Oregon,1932,83.21,12.09,4.69
OR,Oregon,1933,82.77,11.15,6.08
OR,Oregon,1934,83.31,10.28,6.41
OR,Oregon,1935,83.5,10.37,6.13
OR,Oregon,1936,84.81,7.57,7.63
OR,Oregon,1937,85.93,7.77,6.3
OR,Oregon,1938,84.47,8.32,7.21
OR,Oregon,1939,85.24,7.84,6.92
OR,Oregon,1940,85.44,7.57,6.99
OR,Oregon,1941,88.18,5.44,6.37
OR,Oregon,1942,87.95,3.8,8.25
OR,Oregon,1943,84.88,3.03,12.09
OR,Oregon,1944,86.49,3.32,10.19
OR,Oregon,1945,86.36,3.89,9.75
OR,Oregon,1946,88.53,4.52,6.95
OR,Oregon,1947,90.03,5.02,4.95
OR,Oregon,1948,90.44,5.47,4.09
OR,Oregon,1949,88.48,6.89,4.64
OR,Oregon,1950,89.55,6.46,3.99
OR,Oregon,1951,89.02,6.21,4.77
OR,Oregon,1952,88.13,6.82,5.05
OR,Oregon,1953,87.68,7.38,4.94
OR,Oregon,1954,86.86,8.09,5.06
OR,Oregon,1955,87.1,7.99,4.91
OR,Oregon,1956,86.81,8.18,5.01
OR,Oregon,1957,85.46,9.24,5.3
OR,Oregon,1958,84.45,9.98,5.57
OR,Oregon,1959,84.97,9.57,5.46
OR,Oregon,1960,84.27,10.17,5.56
OR,Oregon,1961,83.36,10.94,5.7
OR,Oregon,1962,83.38,10.99,5.63
OR,Oregon,1963,83.09,11.28,5.62
OR,Oregon,1964,83.28,11.17,5.56
OR,Oregon,1965,83.43,11.34,5.23
OR,Oregon,1966,83.32,11.71,4.97
OR,Oregon,1967,82.48,12.43,5.09
OR,Oregon,1968,82.28,12.72,5.0
OR,Oregon,1969,82.4,12.76,4.84
OR,Oregon,1970,80.89,13.71,5.39
OR,Oregon,1971,80.3,14.2,5.5
OR,Oregon,1972,80.66,14.03,5.31
OR,Oregon,1973,81.3,13.7,5.01
OR,Oregon,1974,81.34,13.63,5.02
OR,Oregon,1975,80.27,14.67,5.06
OR,Oregon,1976,81.06,14.21,4.73
OR,Oregon,1977,81.7,13.75,4.54
OR,Oregon,1978,82.49,13.12,4.39
OR,Oregon,1979,82.98,12.91,4.11
OR,Oregon,1980,82.85,13.0,4.15
OR,Oregon,1981,81.65,14.0,4.34
OR,Oregon,1982,80.41,14.98,4.61
OR,Oregon,1983,80.6,14.84,4.56
OR,Oregon,1984,81.31,14.21,4.48
OR,Oregon,1985,81.05,14.45,4.5
OR,Oregon,1986,81.22,14.5,4.28
OR,Oregon,1987,81.32,14.52,4.16
OR,Oregon,1988,81.76,14.13,4.11
OR,Oregon,1989,81.76,14.28,3.97
OR,Oregon,1990,81.69,14.32,3.99
OR,Oregon,1991,81.08,14.98,3.93
OR,Oregon,1992,80.63,15.46,3.91
OR,Oregon,1993,81.01,15.29,3.7
OR,Oregon,1994,81.61,14.89,3.5
OR,Oregon,1995,82.04,14.75,3.21
OR,Oregon,1996,82.57,14.44,2.99
OR,Oregon,1997,82.99,14.14,2.88
OR,Oregon,1998,83.15,14.04,2.81
OR,Oregon,1999,82.84,14.46,2.7
OR,Oregon,2000,83.04,14.25,2.71
OR,Oregon,2001,81.76,15.53,2.71
OR,Oregon,2002,81.5,15.63,2.88
OR,Oregon,2003,81.94,14.96,3.1
OR,Oregon,2004,82.45,14.48,3.07
OR,Oregon,2005,82.84,14.1,3.06
OR,Oregon,2006,83.43,13.7,2.87
OR,Oregon,2007,83.13,14.02,2.85
OR,Oregon,2008,82.46,14.59,2.95
OR,Oregon,2009,80.56,16.19,3.25
OR,Oregon,2010,80.52,16.21,3.27
OR,Oregon,2011,80.88,15.98,3.14
OR,Oregon,2012,82.01,15.06,2.94
OR,Oregon,2013,82.23,14.98,2.79
OR,Oregon,2014,82.43,14.91,2.66
OR,Oregon,2015,82.94,14.51,2.55
OR,Oregon,2016,83.12,14.35,2.53
OR,Oregon,2017,83.36,14.19,2.45
OR,Oregon,2018,83.48,14.12,2.4
OR,Oregon,2019,83.36,14.33,2.32
OR,Oregon,2020,83.3,14.32,2.38
OR,Oregon,2021,83.68,14.08,2.24
OR,Oregon,2022,83.89,13.93,2.18
OR,Oregon,2023,83.45,14.3,2.25
OR,Oregon,2024,82.83,14.81,2.37
OR,Oregon,2025,82.65,15.07,2.28
PA,Pennsylvania,1929,93.28,5.26,1.46
PA,Pennsylvania,1930,92.44,5.88,1.68
PA,Pennsylvania,1931,90.48,7.47,2.05
PA,Pennsylvania,1932,87.66,9.68,2.65
PA,Pennsylvania,1933,86.95,9.98,3.07
PA,Pennsylvania,1934,87.14,9.07,3.8
PA,Pennsylvania,1935,87.19,8.91,3.9
PA,Pennsylvania,1936,84.9,7.17,7.93
PA,Pennsylvania,1937,87.64,6.59,5.77
PA,Pennsylvania,1938,84.68,8.03,7.29
PA,Pennsylvania,1939,86.57,7.47,5.96
PA,Pennsylvania,1940,87.95,6.8,5.25
PA,Pennsylvania,1941,89.3,5.34,5.36
PA,Pennsylvania,1942,88.87,4.36,6.77
PA,Pennsylvania,1943,86.27,3.78,9.95
PA,Pennsylvania,1944,84.54,3.74,11.72
PA,Pennsylvania,1945,83.49,3.95,12.56
PA,Pennsylvania,1946,88.45,4.14,7.41
PA,Pennsylvania,1947,90.81,4.4,4.79
PA,Pennsylvania,1948,91.57,4.45,3.98
PA,Pennsylvania,1949,90.6,4.85,4.55
PA,Pennsylvania,1950,90.9,4.75,4.36
PA,Pennsylvania,1951,90.14,4.4,5.46
PA,Pennsylvania,1952,89.35,4.57,6.09
PA,Pennsylvania,1953,89.8,4.67,5.53
PA,Pennsylvania,1954,89.3,5.31,5.39
PA,Pennsylvania,1955,89.5,5.26,5.23
PA,Pennsylvania,1956,89.55,5.47,4.98
PA,Pennsylvania,1957,89.51,5.66,4.82
PA,Pennsylvania,1958,88.86,6.12,5.02
PA,Pennsylvania,1959,89.06,6.13,4.81
PA,Pennsylvania,1960,88.87,6.33,4.8
PA,Pennsylvania,1961,88.22,6.78,5.0
PA,Pennsylvania,1962,88.2,6.79,5.01
PA,Pennsylvania,1963,88.11,7.05,4.84
PA,Pennsylvania,1964,88.13,7.12,4.75
PA,Pennsylvania,1965,88.03,7.33,4.64
PA,Pennsylvania,1966,87.81,7.61,4.58
PA,Pennsylvania,1967,87.23,8.2,4.57
PA,Pennsylvania,1968,86.97,8.38,4.66
PA,Pennsylvania,1969,86.65,8.73,4.62
PA,Pennsylvania,1970,85.85,9.34,4.81
PA,Pennsylvania,1971,85.14,9.83,5.04
PA,Pennsylvania,1972,84.89,10.15,4.97
PA,Pennsylvania,1973,85.11,10.26,4.63
PA,Pennsylvania,1974,85.4,10.16,4.44
PA,Pennsylvania,1975,84.56,10.76,4.68
PA,Pennsylvania,1976,85.08,10.41,4.51
PA,Pennsylvania,1977,85.59,10.12,4.3
PA,Pennsylvania,1978,85.9,9.92,4.18
PA,Pennsylvania,1979,86.34,9.68,3.99
PA,Pennsylvania,1980,86.1,9.75,4.15
PA,Pennsylvania,1981,85.92,9.7,4.38
PA,Pennsylvania,1982,85.3,10.16,4.54
PA,Pennsylvania,1983,85.05,10.38,4.57
PA,Pennsylvania,1984,85.41,10.11,4.48
PA,Pennsylvania,1985,85.27,10.2,4.53
PA,Pennsylvania,1986,85.51,10.21,4.28
PA,Pennsylvania,1987,85.68,10.16,4.16
PA,Pennsylvania,1988,86.1,9.89,4.01
PA,Pennsylvania,1989,86.03,10.12,3.85
PA,Pennsylvania,1990,85.77,10.48,3.75
PA,Pennsylvania,1991,85.29,10.92,3.79
PA,Pennsylvania,1992,85.24,11.11,3.64
PA,Pennsylvania,1993,85.19,11.24,3.57
PA,Pennsylvania,1994,85.24,11.28,3.48
PA,Pennsylvania,1995,85.37,11.38,3.25
PA,Pennsylvania,1996,85.55,11.36,3.1
PA,Pennsylvania,1997,85.93,11.13,2.95
PA,Pennsylvania,1998,86.32,10.88,2.8
PA,Pennsylvania,1999,86.46,10.82,2.72
PA,Pennsylvania,2000,86.55,10.73,2.72
PA,Pennsylvania,2001,85.98,11.34,2.69
PA,Pennsylvania,2002,85.47,11.73,2.8
PA,Pennsylvania,2003,85.23,11.82,2.96
PA,Pennsylvania,2004,85.33,11.75,2.91
PA,Pennsylvania,2005,85.52,11.52,2.96
PA,Pennsylvania,2006,85.37,11.7,2.93
PA,Pennsylvania,2007,85.45,11.69,2.86
PA,Pennsylvania,2008,85.27,11.83,2.9
PA,Pennsylvania,2009,84.55,12.34,3.11
PA,Pennsylvania,2010,84.75,12.19,3.06
PA,Pennsylvania,2011,85.58,11.53,2.89
PA,Pennsylvania,2012,86.38,10.87,2.75
PA,Pennsylvania,2013,86.33,11.09,2.58
PA,Pennsylvania,2014,86.59,10.87,2.54
PA,Pennsylvania,2015,86.8,10.69,2.51
PA,Pennsylvania,2016,86.88,10.6,2.51
PA,Pennsylvania,2017,87.12,10.39,2.5
PA,Pennsylvania,2018,87.23,10.28,2.49
PA,Pennsylvania,2019,87.51,10.03,2.46
PA,Pennsylvania,2020,87.13,10.27,2.6
PA,Pennsylvania,2021,87.92,9.56,2.52
PA,Pennsylvania,2022,88.61,8.92,2.47
PA,Pennsylvania,2023,88.47,8.94,2.59
PA,Pennsylvania,2024,88.5,8.9,2.6
PA,Pennsylvania,2025,88.67,8.82,2.51
RI,Rhode Island,1929,90.86,4.66,4.49
RI,Rhode Island,1930,90.21,5.63,4.16
RI,Rhode Island,1931,88.42,6.95,4.64
RI,Rhode Island,1932,85.06,9.16,5.78
RI,Rhode Island,1933,84.21,9.32,6.47
RI,Rhode Island,1934,84.42,9.28,6.3
RI,Rhode Island,1935,84.78,8.82,6.4
RI,Rhode Island,1936,83.88,6.9,9.22
RI,Rhode Island,1937,85.78,6.29,7.93
RI,Rhode Island,1938,82.39,7.6,10.01
RI,Rhode Island,1939,84.55,6.6,8.85
RI,Rhode Island,1940,84.47,6.23,9.3
RI,Rhode Island,1941,85.24,4.69,10.07
RI,Rhode Island,1942,80.04,3.39,16.57
RI,Rhode Island,1943,71.54,2.89,25.57
RI,Rhode Island,1944,70.6,2.93,26.47
RI,Rhode Island,1945,69.57,3.04,27.39
RI,Rhode Island,1946,79.05,3.65,17.3
RI,Rhode Island,1947,85.3,4.29,10.41
RI,Rhode Island,1948,86.15,4.77,9.08
RI,Rhode Island,1949,84.56,5.08,10.36
RI,Rhode Island,1950,84.56,4.76,10.68
RI,Rhode Island,1951,82.55,4.63,12.83
RI,Rhode Island,1952,80.42,4.78,14.79
RI,Rhode Island,1953,80.47,4.99,14.54
RI,Rhode Island,1954,78.12,5.53,16.35
RI,Rhode Island,1955,79.27,5.64,15.09
RI,Rhode Island,1956,79.46,5.75,14.79
RI,Rhode Island,1957,79.77,6.11,14.13
RI,Rhode Island,1958,77.5,6.38,16.13
RI,Rhode Island,1959,78.55,6.58,14.87
RI,Rhode Island,1960,79.57,7.35,13.08
RI,Rhode Island,1961,79.2,7.83,12.97
RI,Rhode Island,1962,78.7,7.62,13.69
RI,Rhode Island,1963,78.39,8.01,13.6
RI,Rhode Island,1964,78.51,8.28,13.22
RI,Rhode Island,1965,78.26,8.19,13.55
RI,Rhode Island,1966,77.9,8.09,14.0
RI,Rhode Island,1967,78.11,7.94,13.95
RI,Rhode Island,1968,77.47,8.24,14.29
RI,Rhode Island,1969,77.35,8.58,14.07
RI,Rhode Island,1970,76.2,9.09,14.71
RI,Rhode Island,1971,75.68,9.83,14.49
RI,Rhode Island,1972,75.63,9.96,14.42
RI,Rhode Island,1973,77.56,10.39,12.05
RI,Rhode Island,1974,81.29,11.01,7.7
RI,Rhode Island,1975,80.66,12.43,6.92
RI,Rhode Island,1976,81.68,11.9,6.42
RI,Rhode Island,1977,82.09,11.87,6.04
RI,Rhode Island,1978,82.47,11.65,5.88
RI,Rhode Island,1979,82.44,11.78,5.79
RI,Rhode Island,1980,82.4,11.81,5.79
RI,Rhode Island,1981,81.72,11.88,6.4
RI,Rhode Island,1982,81.26,12.03,6.71
RI,Rhode Island,1983,81.87,11.86,6.28
RI,Rhode Island,1984,82.15,11.76,6.1
RI,Rhode Island,1985,82.27,11.66,6.07
RI,Rhode Island,1986,82.88,11.28,5.84
RI,Rhode Island,1987,83.19,11.26,5.56
RI,Rhode Island,1988,83.36,11.24,5.4
RI,Rhode Island,1989,83.08,11.56,5.36
RI,Rhode Island,1990,82.25,12.18,5.57
RI,Rhode Island,1991,81.69,12.45,5.86
RI,Rhode Island,1992,81.46,12.89,5.65
RI,Rhode Island,1993,81.6,13.16,5.24
RI,Rhode Island,1994,82.14,12.96,4.9
RI,Rhode Island,1995,81.8,13.0,5.2
RI,Rhode Island,1996,81.91,12.89,5.2
RI,Rhode Island,1997,82.04,12.81,5.15
RI,Rhode Island,1998,82.83,12.48,4.69
RI,Rhode Island,1999,82.81,12.64,4.55
RI,Rhode Island,2000,82.78,12.64,4.57
RI,Rhode Island,2001,82.85,12.65,4.5
RI,Rhode Island,2002,82.78,12.6,4.62
RI,Rhode Island,2003,82.74,12.57,4.69
RI,Rhode Island,2004,82.65,12.66,4.69
RI,Rhode Island,2005,82.67,12.65,4.68
RI,Rhode Island,2006,82.79,12.64,4.57
RI,Rhode Island,2007,82.44,12.87,4.69
RI,Rhode Island,2008,81.99,13.15,4.86
RI,Rhode Island,2009,81.57,13.12,5.3
RI,Rhode Island,2010,81.89,12.87,5.24
RI,Rhode Island,2011,82.23,12.61,5.16
RI,Rhode Island,2012,82.9,12.07,5.03
RI,Rhode Island,2013,83.13,12.01,4.86
RI,Rhode Island,2014,83.25,12.01,4.74
RI,Rhode Island,2015,83.4,11.9,4.7
RI,Rhode Island,2016,83.02,12.0,4.98
RI,Rhode Island,2017,82.99,11.88,5.13
RI,Rhode Island,2018,83.07,12.01,4.92
RI,Rhode Island,2019,83.26,11.82,4.92
RI,Rhode Island,2020,83.1,11.84,5.06
RI,Rhode Island,2021,83.68,11.36,4.96
RI,Rhode Island,2022,84.12,10.99,4.89
RI,Rhode Island,2023,83.75,11.15,5.1
RI,Rhode Island,2024,83.99,10.83,5.18
RI,Rhode Island,2025,84.3,10.69,5.01
SC,South Carolina,1929,91.27,4.66,4.06
SC,South Carolina,1930,89.82,5.35,4.83
SC,South Carolina,1931,86.95,6.97,6.07
SC,South Carolina,1932,83.83,8.26,7.91
SC,South Carolina,1933,82.89,8.6,8.52
SC,South Carolina,1934,84.39,7.27,8.34
SC,South Carolina,1935,84.62,6.96,8.41
SC,South Carolina,1936,83.1,5.22,11.68
SC,South Carolina,1937,85.16,5.28,9.56
SC,South Carolina,1938,81.87,6.06,12.07
SC,South Carolina,1939,81.82,5.78,12.4
SC,South Carolina,1940,76.27,5.15,18.57
SC,South Carolina,1941,69.55,4.29,26.15
SC,South Carolina,1942,62.32,3.06,34.62
SC,South Carolina,1943,60.56,2.83,36.61
SC,South Carolina,1944,60.97,2.76,36.27
SC,South Carolina,1945,64.08,3.11,32.8
SC,South Carolina,1946,79.29,3.86,16.84
SC,South Carolina,1947,83.4,4.69,11.91
SC,South Carolina,1948,83.61,4.86,11.52
SC,South Carolina,1949,82.97,5.61,11.42
SC,South Carolina,1950,83.12,5.46,11.43
SC,South Carolina,1951,77.87,4.7,17.44
SC,South Carolina,1952,78.18,5.01,16.82
SC,South Carolina,1953,79.34,5.45,15.21
SC,South Carolina,1954,76.93,6.26,16.81
SC,South Carolina,1955,78.6,6.17,15.22
SC,South Carolina,1956,78.17,6.39,15.44
SC,South Carolina,1957,77.53,6.75,15.72
SC,South Carolina,1958,76.91,7.4,15.68
SC,South Carolina,1959,77.1,7.15,15.75
SC,South Carolina,1960,77.26,7.38,15.36
SC,South Carolina,1961,77.22,7.59,15.19
SC,South Carolina,1962,77.76,7.61,14.63
SC,South Carolina,1963,77.58,7.82,14.6
SC,South Carolina,1964,78.35,7.77,13.88
SC,South Carolina,1965,78.09,7.84,14.07
SC,South Carolina,1966,77.13,7.77,15.1
SC,South Carolina,1967,76.44,8.57,14.98
SC,South Carolina,1968,76.3,8.78,14.92
SC,South Carolina,1969,76.58,9.13,14.29
SC,South Carolina,1970,75.63,9.85,14.52
SC,South Carolina,1971,75.07,10.35,14.58
SC,South Carolina,1972,75.06,10.64,14.3
SC,South Carolina,1973,76.43,10.59,12.99
SC,South Carolina,1974,76.0,10.69,13.31
SC,South Carolina,1975,74.25,11.71,14.04
SC,South Carolina,1976,75.71,11.16,13.13
SC,South Carolina,1977,76.36,11.58,12.06
SC,South Carolina,1978,77.23,11.7,11.07
SC,South Carolina,1979,77.6,11.76,10.64
SC,South Carolina,1980,77.19,12.11,10.7
SC,South Carolina,1981,76.8,12.14,11.06
SC,South Carolina,1982,75.87,12.52,11.61
SC,South Carolina,1983,76.44,12.29,11.27
SC,South Carolina,1984,77.38,12.01,10.61
SC,South Carolina,1985,76.96,12.72,10.32
SC,South Carolina,1986,76.92,13.11,9.97
SC,South Carolina,1987,77.59,13.04,9.37
SC,South Carolina,1988,77.98,13.05,8.96
SC,South Carolina,1989,77.77,13.43,8.81
SC,South Carolina,1990,78.05,13.62,8.33
SC,South Carolina,1991,77.28,14.28,8.44
SC,South Carolina,1992,77.58,14.44,7.98
SC,South Carolina,1993,78.38,14.5,7.12
SC,South Carolina,1994,79.29,14.31,6.4
SC,South Carolina,1995,80.24,14.27,5.49
SC,South Carolina,1996,80.74,14.3,4.95
SC,South Carolina,1997,80.93,14.31,4.76
SC,South Carolina,1998,81.08,14.31,4.62
SC,South Carolina,1999,80.76,14.58,4.66
SC,South Carolina,2000,80.45,14.88,4.67
SC,South Carolina,2001,80.39,14.99,4.62
SC,South Carolina,2002,79.94,15.06,5.0
SC,South Carolina,2003,79.7,15.01,5.29
SC,South Carolina,2004,79.65,14.9,5.45
SC,South Carolina,2005,79.41,15.07,5.52
SC,South Carolina,2006,79.4,15.2,5.4
SC,South Carolina,2007,79.14,15.41,5.45
SC,South Carolina,2008,78.09,16.15,5.76
SC,South Carolina,2009,76.47,17.14,6.39
SC,South Carolina,2010,77.06,16.53,6.41
SC,South Carolina,2011,77.72,16.07,6.21
SC,South Carolina,2012,78.55,15.44,6.01
SC,South Carolina,2013,78.51,15.68,5.81
SC,South Carolina,2014,79.0,15.52,5.47
SC,South Carolina,2015,79.45,15.21,5.34
SC,South Carolina,2016,79.7,15.1,5.2
SC,South Carolina,2017,80.34,14.8,4.86
SC,South Carolina,2018,80.51,14.81,4.69
SC,South Carolina,2019,80.91,14.49,4.59
SC,South Carolina,2020,80.43,14.71,4.86
SC,South Carolina,2021,81.61,13.7,4.7
SC,South Carolina,2022,82.53,13.05,4.43
SC,South Carolina,2023,82.25,13.16,4.59
SC,South Carolina,2024,81.97,13.39,4.64
SC,South Carolina,2025,82.03,13.46,4.51
SD,South Dakota,1929,92.05,4.78,3.17
SD,South Dakota,1930,90.35,5.72,3.92
SD,South Dakota,1931,83.81,9.67,6.52
SD,South Dakota,1932,80.78,11.87,7.35
SD,South Dakota,1933,65.95,17.97,16.08
SD,South Dakota,1934,60.74,22.93,16.33
SD,South Dakota,1935,80.04,11.63,8.33
SD,South Dakota,1936,70.08,9.46,20.46
SD,South Dakota,1937,79.31,7.57,13.12
SD,South Dakota,1938,77.86,8.62,13.52
SD,South Dakota,1939,79.96,8.05,11.99
SD,South Dakota,1940,80.87,8.07,11.06
SD,South Dakota,1941,84.87,6.65,8.48
SD,South Dakota,1942,86.24,4.18,9.58
SD,South Dakota,1943,78.96,4.12,16.92
SD,South Dakota,1944,82.29,4.09,13.62
SD,South Dakota,1945,79.68,4.02,16.3
SD,South Dakota,1946,88.86,4.77,6.37
SD,South Dakota,1947,90.73,4.8,4.47
SD,South Dakota,1948,90.58,4.55,4.86
SD,South Dakota,1949,85.64,6.83,7.53
SD,South Dakota,1950,87.17,6.06,6.77
SD,South Dakota,1951,87.62,5.38,7.01
SD,South Dakota,1952,83.13,6.6,10.27
SD,South Dakota,1953,83.72,6.55,9.73
SD,South Dakota,1954,83.34,6.91,9.75
SD,South Dakota,1955,81.15,7.97,10.88
SD,South Dakota,1956,81.34,8.19,10.46
SD,South Dakota,1957,83.23,7.51,9.27
SD,South Dakota,1958,82.03,8.16,9.8
SD,South Dakota,1959,78.62,9.7,11.68
SD,South Dakota,1960,82.5,8.24,9.26
SD,South Dakota,1961,81.71,8.75,9.54
SD,South Dakota,1962,83.5,7.98,8.52
SD,South Dakota,1963,80.39,9.53,10.09
SD,South Dakota,1964,77.94,10.93,11.13
SD,South Dakota,1965,79.83,10.34,9.83
SD,South Dakota,1966,80.07,10.51,9.43
SD,South Dakota,1967,79.63,10.88,9.49
SD,South Dakota,1968,79.59,11.17,9.24
SD,South Dakota,1969,78.9,12.12,8.98
SD,South Dakota,1970,77.31,12.67,10.01
SD,South Dakota,1971,76.9,12.61,10.49
SD,South Dakota,1972,78.14,11.62,10.24
SD,South Dakota,1973,82.07,9.54,8.38
SD,South Dakota,1974,79.55,11.02,9.43
SD,South Dakota,1975,79.24,11.18,9.58
SD,South Dakota,1976,76.62,12.85,10.52
SD,South Dakota,1977,78.17,12.17,9.66
SD,South Dakota,1978,79.43,11.57,9.0
SD,South Dakota,1979,79.93,11.59,8.48
SD,South Dakota,1980,76.52,13.63,9.85
SD,South Dakota,1981,78.06,12.78,9.16
SD,South Dakota,1982,76.78,13.45,9.77
SD,South Dakota,1983,76.55,13.61,9.84
SD,South Dakota,1984,78.79,12.31,8.9
SD,South Dakota,1985,77.86,12.99,9.15
SD,South Dakota,1986,78.1,12.94,8.96
SD,South Dakota,1987,78.49,12.7,8.82
SD,South Dakota,1988,78.23,12.72,9.04
SD,South Dakota,1989,78.3,12.8,8.89
SD,South Dakota,1990,79.16,12.34,8.5
SD,South Dakota,1991,78.45,12.93,8.61
SD,South Dakota,1992,78.84,13.16,8.0
SD,South Dakota,1993,78.93,13.54,7.53
SD,South Dakota,1994,80.14,13.14,6.72
SD,South Dakota,1995,79.48,13.8,6.72
SD,South Dakota,1996,81.87,12.39,5.74
SD,South Dakota,1997,81.78,12.6,5.62
SD,South Dakota,1998,82.5,12.22,5.28
SD,South Dakota,1999,82.48,12.24,5.29
SD,South Dakota,2000,82.27,12.36,5.37
SD,South Dakota,2001,82.37,12.03,5.6
SD,South Dakota,2002,81.32,12.56,6.12
SD,South Dakota,2003,82.01,11.82,6.17
SD,South Dakota,2004,82.4,11.57,6.03
SD,South Dakota,2005,82.64,11.41,5.95
SD,South Dakota,2006,82.56,11.59,5.85
SD,South Dakota,2007,83.42,11.07,5.51
SD,South Dakota,2008,83.45,11.09,5.46
SD,South Dakota,2009,82.28,11.8,5.92
SD,South Dakota,2010,82.61,11.51,5.88
SD,South Dakota,2011,83.99,10.55,5.46
SD,South Dakota,2012,84.29,10.36,5.35
SD,South Dakota,2013,84.52,10.46,5.02
SD,South Dakota,2014,84.28,10.8,4.91
SD,South Dakota,2015,84.4,10.75,4.85
SD,South Dakota,2016,83.86,11.04,5.1
SD,South Dakota,2017,83.71,11.18,5.12
SD,South Dakota,2018,84.09,10.88,5.03
SD,South Dakota,2019,84.4,10.75,4.85
SD,South Dakota,2020,85.25,10.01,4.74
SD,South Dakota,2021,85.85,9.67,4.48
SD,South Dakota,2022,86.54,9.17,4.29
SD,South Dakota,2023,86.27,9.35,4.38
SD,South Dakota,2024,85.55,9.85,4.6
SD,South Dakota,2025,86.17,9.46,4.37
TN,Tennessee,1929,92.72,5.24,2.04
TN,Tennessee,1930,90.94,6.62,2.44
TN,Tennessee,1931,89.16,7.95,2.89
TN,Tennessee,1932,85.64,10.51,3.86
TN,Tennessee,1933,85.8,9.46,4.73
TN,Tennessee,1934,85.28,7.46,7.27
TN,Tennessee,1935,85.33,7.59,7.07
TN,Tennessee,1936,85.12,5.84,9.03
TN,Tennessee,1937,88.01,5.22,6.77
TN,Tennessee,1938,85.54,6.35,8.11
TN,Tennessee,1939,85.18,6.37,8.45
TN,Tennessee,1940,84.81,5.91,9.27
TN,Tennessee,1941,84.3,4.72,10.97
TN,Tennessee,1942,83.99,3.74,12.27
TN,Tennessee,1943,78.45,3.02,18.54
TN,Tennessee,1944,78.44,2.81,18.75
TN,Tennessee,1945,78.96,3.07,17.97
TN,Tennessee,1946,84.48,3.85,11.67
TN,Tennessee,1947,87.82,4.5,7.67
TN,Tennessee,1948,88.11,4.91,6.98
TN,Tennessee,1949,86.08,5.83,8.09
TN,Tennessee,1950,86.27,5.99,7.74
TN,Tennessee,1951,85.44,5.55,9.02
TN,Tennessee,1952,84.55,5.63,9.83
TN,Tennessee,1953,85.1,5.64,9.26
TN,Tennessee,1954,84.75,6.16,9.09
TN,Tennessee,1955,85.26,6.24,8.5
TN,Tennessee,1956,85.1,6.52,8.38
TN,Tennessee,1957,84.71,6.91,8.37
TN,Tennessee,1958,84.44,7.47,8.1
TN,Tennessee,1959,84.71,7.4,7.89
TN,Tennessee,1960,84.4,7.83,7.78
TN,Tennessee,1961,84.07,8.25,7.69
TN,Tennessee,1962,83.94,8.32,7.73
TN,Tennessee,1963,83.86,8.68,7.46
TN,Tennessee,1964,83.5,9.03,7.46
TN,Tennessee,1965,83.53,9.34,7.13
TN,Tennessee,1966,83.78,9.12,7.1
TN,Tennessee,1967,83.49,9.41,7.1
TN,Tennessee,1968,83.22,9.59,7.19
TN,Tennessee,1969,83.02,9.97,7.01
TN,Tennessee,1970,82.5,10.29,7.21
TN,Tennessee,1971,81.99,10.58,7.43
TN,Tennessee,1972,82.04,10.55,7.41
TN,Tennessee,1973,82.88,10.34,6.78
TN,Tennessee,1974,82.47,10.55,6.98
TN,Tennessee,1975,81.22,11.22,7.55
TN,Tennessee,1976,82.01,10.64,7.35
TN,Tennessee,1977,81.87,10.79,7.34
TN,Tennessee,1978,81.82,10.64,7.54
TN,Tennessee,1979,82.0,10.64,7.36
TN,Tennessee,1980,81.43,10.94,7.63
TN,Tennessee,1981,81.66,10.7,7.64
TN,Tennessee,1982,81.91,10.92,7.17
TN,Tennessee,1983,82.38,10.9,6.72
TN,Tennessee,1984,83.38,10.37,6.25
TN,Tennessee,1985,83.14,10.7,6.16
TN,Tennessee,1986,83.48,10.79,5.73
TN,Tennessee,1987,83.64,10.81,5.56
TN,Tennessee,1988,83.79,10.67,5.54
TN,Tennessee,1989,84.05,10.91,5.04
TN,Tennessee,1990,83.53,11.17,5.3
TN,Tennessee,1991,83.61,11.25,5.14
TN,Tennessee,1992,84.37,10.98,4.65
TN,Tennessee,1993,84.55,11.05,4.4
TN,Tennessee,1994,84.57,11.14,4.29
TN,Tennessee,1995,85.1,10.99,3.91
TN,Tennessee,1996,85.37,10.86,3.77
TN,Tennessee,1997,86.11,10.67,3.22
TN,Tennessee,1998,86.93,10.1,2.97
TN,Tennessee,1999,86.89,10.17,2.94
TN,Tennessee,2000,86.83,10.12,3.05
TN,Tennessee,2001,86.44,10.52,3.04
TN,Tennessee,2002,85.97,10.84,3.19
TN,Tennessee,2003,85.61,11.03,3.36
TN,Tennessee,2004,85.59,11.1,3.31
TN,Tennessee,2005,85.64,11.07,3.29
TN,Tennessee,2006,85.94,10.88,3.18
TN,Tennessee,2007,85.68,11.09,3.23
TN,Tennessee,2008,85.22,11.48,3.31
TN,Tennessee,2009,84.65,11.84,3.51
TN,Tennessee,2010,84.97,11.41,3.62
TN,Tennessee,2011,85.21,11.33,3.46
TN,Tennessee,2012,85.54,11.2,3.25
TN,Tennessee,2013,85.78,11.09,3.13
TN,Tennessee,2014,85.91,10.91,3.18
TN,Tennessee,2015,86.49,10.49,3.02
TN,Tennessee,2016,86.73,10.29,2.99
TN,Tennessee,2017,86.87,10.23,2.9
TN,Tennessee,2018,86.93,10.22,2.86
TN,Tennessee,2019,87.27,9.94,2.78
TN,Tennessee,2020,87.27,9.87,2.86
TN,Tennessee,2021,88.08,9.22,2.7
TN,Tennessee,2022,88.55,8.81,2.64
TN,Tennessee,2023,88.41,8.82,2.77
TN,Tennessee,2024,88.36,8.74,2.89
TN,Tennessee,2025,88.31,8.89,2.8
TX,Texas,1929,92.12,5.13,2.75
TX,Texas,1930,90.51,6.25,3.23
TX,Texas,1931,88.5,7.64,3.86
TX,Texas,1932,85.6,9.52,4.88
TX,Texas,1933,84.79,9.16,6.05
TX,Texas,1934,85.0,8.57,6.43
TX,Texas,1935,85.95,8.32,5.72
TX,Texas,1936,85.6,6.91,7.48
TX,Texas,1937,87.85,6.21,5.94
TX,Texas,1938,86.58,6.88,6.54
TX,Texas,1939,86.27,6.75,6.98
TX,Texas,1940,85.62,6.39,7.98
TX,Texas,1941,82.29,5.26,12.46
TX,Texas,1942,77.41,3.82,18.77
TX,Texas,1943,71.92,3.07,25.01
TX,Texas,1944,71.03,3.12,25.85
TX,Texas,1945,70.38,3.27,26.34
TX,Texas,1946,81.67,4.07,14.26
TX,Texas,1947,87.16,4.56,8.27
TX,Texas,1948,87.6,4.82,7.58
TX,Texas,1949,85.78,4.99,9.22
TX,Texas,1950,84.06,5.34,10.59
TX,Texas,1951,82.67,4.96,12.37
TX,Texas,1952,81.27,4.94,13.79
TX,Texas,1953,81.41,5.29,13.3
TX,Texas,1954,81.05,5.75,13.2
TX,Texas,1955,81.2,5.87,12.93
TX,Texas,1956,81.77,5.98,12.25
TX,Texas,1957,82.1,6.29,11.61
TX,Texas,1958,81.88,6.93,11.19
TX,Texas,1959,82.21,7.09,10.69
TX,Texas,1960,81.64,7.53,10.84
TX,Texas,1961,81.52,7.82,10.66
TX,Texas,1962,81.23,8.07,10.7
TX,Texas,1963,80.96,8.37,10.67
TX,Texas,1964,81.17,8.44,10.39
TX,Texas,1965,81.33,8.6,10.07
TX,Texas,1966,80.7,8.56,10.74
TX,Texas,1967,80.25,9.05,10.7
TX,Texas,1968,80.48,9.22,10.3
TX,Texas,1969,80.64,9.24,10.12
TX,Texas,1970,80.07,9.67,10.26
TX,Texas,1971,79.29,10.13,10.59
TX,Texas,1972,79.56,10.15,10.29
TX,Texas,1973,80.3,10.07,9.63
TX,Texas,1974,80.78,10.09,9.13
TX,Texas,1975,81.14,10.28,8.58
TX,Texas,1976,81.7,10.32,7.98
TX,Texas,1977,82.5,10.09,7.41
TX,Texas,1978,83.57,9.64,6.79
TX,Texas,1979,84.41,9.36,6.24
TX,Texas,1980,84.69,9.25,6.06
TX,Texas,1981,85.14,9.07,5.79
TX,Texas,1982,84.65,9.57,5.78
TX,Texas,1983,84.05,10.17,5.78
TX,Texas,1984,84.26,10.03,5.71
TX,Texas,1985,83.79,10.43,5.78
TX,Texas,1986,83.37,10.78,5.85
TX,Texas,1987,83.02,11.12,5.87
TX,Texas,1988,82.99,11.09,5.92
TX,Texas,1989,82.72,11.44,5.84
TX,Texas,1990,82.9,11.53,5.58
TX,Texas,1991,82.78,11.81,5.41
TX,Texas,1992,82.67,11.98,5.35
TX,Texas,1993,82.91,12.05,5.04
TX,Texas,1994,83.05,12.05,4.9
TX,Texas,1995,83.35,12.0,4.66
TX,Texas,1996,84.04,11.66,4.3
TX,Texas,1997,84.87,11.13,4.0
TX,Texas,1998,85.56,10.69,3.75
TX,Texas,1999,85.64,10.76,3.6
TX,Texas,2000,85.83,10.64,3.53
TX,Texas,2001,85.78,10.84,3.38
TX,Texas,2002,84.73,11.56,3.71
TX,Texas,2003,84.26,11.76,3.98
TX,Texas,2004,84.43,11.54,4.04
TX,Texas,2005,84.77,11.19,4.04
TX,Texas,2006,85.21,10.83,3.96
TX,Texas,2007,85.04,10.96,4.0
TX,Texas,2008,85.09,10.92,3.99
TX,Texas,2009,83.33,12.2,4.47
TX,Texas,2010,83.51,12.06,4.43
TX,Texas,2011,84.69,11.11,4.2
TX,Texas,2012,85.44,10.59,3.97
TX,Texas,2013,85.65,10.67,3.68
TX,Texas,2014,86.09,10.47,3.45
TX,Texas,2015,85.57,10.93,3.49
TX,Texas,2016,85.01,11.42,3.57
TX,Texas,2017,85.56,10.98,3.46
TX,Texas,2018,86.04,10.6,3.36
TX,Texas,2019,86.32,10.39,3.3
TX,Texas,2020,85.61,10.87,3.52
TX,Texas,2021,86.4,10.25,3.36
TX,Texas,2022,87.43,9.48,3.09
TX,Texas,2023,87.58,9.36,3.06
TX,Texas,2024,87.39,9.48,3.13
TX,Texas,2025,87.53,9.36,3.1
UT,Utah,1929,91.56,5.65,2.79
UT,Utah,1930,90.1,6.61,3.29
UT,Utah,1931,86.15,9.49,4.36
UT,Utah,1932,83.07,11.65,5.28
UT,Utah,1933,81.26,11.16,7.58
UT,Utah,1934,76.63,13.94,9.43
UT,Utah,1935,81.39,10.99,7.62
UT,Utah,1936,81.69,8.31,10.0
UT,Utah,1937,83.23,8.66,8.11
UT,Utah,1938,81.3,9.15,9.56
UT,Utah,1939,81.86,8.86,9.28
UT,Utah,1940,81.85,8.45,9.71
UT,Utah,1941,83.65,7.32,9.03
UT,Utah,1942,77.97,4.49,17.54
UT,Utah,1943,70.81,3.48,25.71
UT,Utah,1944,68.24,4.26,27.5
UT,Utah,1945,66.15,4.67,29.18
UT,Utah,1946,72.81,5.37,21.81
UT,Utah,1947,80.97,6.17,12.86
UT,Utah,1948,81.75,6.69,11.57
UT,Utah,1949,80.82,7.07,12.11
UT,Utah,1950,79.7,6.8,13.5
UT,Utah,1951,77.25,6.29,16.46
UT,Utah,1952,75.4,6.44,18.15
UT,Utah,1953,77.07,6.82,16.1
UT,Utah,1954,77.08,7.48,15.44
UT,Utah,1955,77.71,7.43,14.86
UT,Utah,1956,78.68,7.55,13.76
UT,Utah,1957,78.85,7.67,13.48
UT,Utah,1958,77.52,8.42,14.06
UT,Utah,1959,77.99,8.45,13.56
UT,Utah,1960,77.49,8.92,13.59
UT,Utah,1961,77.25,9.04,13.7
UT,Utah,1962,77.39,9.15,13.46
UT,Utah,1963,76.53,9.8,13.67
UT,Utah,1964,75.6,10.48,13.92
UT,Utah,1965,74.8,11.04,14.16
UT,Utah,1966,72.92,11.53,15.54
UT,Utah,1967,70.93,12.08,16.99
UT,Utah,1968,70.78,12.21,17.01
UT,Utah,1969,70.97,12.54,16.49
UT,Utah,1970,70.14,13.09,16.77
UT,Utah,1971,68.92,13.26,17.82
UT,Utah,1972,70.81,13.34,15.85
UT,Utah,1973,72.74,12.95,14.32
UT,Utah,1974,73.3,12.61,14.09
UT,Utah,1975,73.12,13.36,13.52
UT,Utah,1976,74.39,12.88,12.74
UT,Utah,1977,75.05,13.16,11.79
UT,Utah,1978,75.98,12.95,11.07
UT,Utah,1979,77.15,12.58,10.27
UT,Utah,1980,77.01,12.67,10.32
UT,Utah,1981,77.0,12.64,10.36
UT,Utah,1982,76.39,13.28,10.33
UT,Utah,1983,76.12,13.57,10.31
UT,Utah,1984,76.87,13.04,10.09
UT,Utah,1985,76.14,13.49,10.37
UT,Utah,1986,75.89,14.03,10.07
UT,Utah,1987,76.47,13.95,9.58
UT,Utah,1988,76.94,13.77,9.29
UT,Utah,1989,76.99,13.77,9.24
UT,Utah,1990,77.26,13.9,8.84
UT,Utah,1991,77.24,14.15,8.61
UT,Utah,1992,77.41,14.43,8.16
UT,Utah,1993,78.56,14.13,7.31
UT,Utah,1994,79.47,13.9,6.63
UT,Utah,1995,79.95,13.77,6.27
UT,Utah,1996,80.84,13.59,5.57
UT,Utah,1997,81.41,13.41,5.18
UT,Utah,1998,81.79,13.28,4.93
UT,Utah,1999,81.82,13.34,4.85
UT,Utah,2000,81.57,13.31,5.12
UT,Utah,2001,81.05,13.72,5.23
UT,Utah,2002,80.2,14.03,5.77
UT,Utah,2003,79.88,14.01,6.12
UT,Utah,2004,80.15,13.92,5.93
UT,Utah,2005,80.61,13.45,5.94
UT,Utah,2006,81.73,12.78,5.49
UT,Utah,2007,82.1,12.6,5.3
UT,Utah,2008,81.61,13.14,5.24
UT,Utah,2009,80.11,14.12,5.77
UT,Utah,2010,79.7,14.42,5.88
UT,Utah,2011,80.39,13.94,5.68
UT,Utah,2012,81.77,13.02,5.22
UT,Utah,2013,82.41,12.77,4.82
UT,Utah,2014,82.68,12.65,4.67
UT,Utah,2015,83.33,12.17,4.49
UT,Utah,2016,83.41,12.14,4.45
UT,Utah,2017,83.74,11.92,4.34
UT,Utah,2018,84.1,11.68,4.21
UT,Utah,2019,84.42,11.47,4.1
UT,Utah,2020,84.56,11.35,4.08
UT,Utah,2021,85.16,10.95,3.89
UT,Utah,2022,85.4,10.88,3.72
UT,Utah,2023,84.87,11.39,3.73
UT,Utah,2024,84.52,11.71,3.77
UT,Utah,2025,85.02,11.41,3.58
VA,Virginia,1929,85.84,5.09,9.07
VA,Virginia,1930,82.93,6.36,10.71
VA,Virginia,1931,81.15,6.97,11.88
VA,Virginia,1932,77.0,8.22,14.78
VA,Virginia,1933,77.54,7.97,14.49
VA,Virginia,1934,76.79,7.58,15.64
VA,Virginia,1935,77.28,7.85,14.87
VA,Virginia,1936,76.67,6.96,16.37
VA,Virginia,1937,78.73,6.68,14.6
VA,Virginia,1938,76.18,7.48,16.34
VA,Virginia,1939,76.52,6.92,16.56
VA,Virginia,1940,73.93,6.21,19.86
VA,Virginia,1941,68.81,4.39,26.79
VA,Virginia,1942,57.82,2.82,39.36
VA,Virginia,1943,54.8,2.68,42.51
VA,Virginia,1944,52.22,2.59,45.19
VA,Virginia,1945,52.47,2.71,44.83
VA,Virginia,1946,59.95,3.28,36.77
VA,Virginia,1947,69.97,4.21,25.81
VA,Virginia,1948,73.77,4.46,21.77
VA,Virginia,1949,71.3,5.14,23.55
VA,Virginia,1950,70.86,5.07,24.07
VA,Virginia,1951,67.16,4.64,28.2
VA,Virginia,1952,65.71,4.71,29.58
VA,Virginia,1953,64.96,5.05,29.99
VA,Virginia,1954,65.32,5.56,29.12
VA,Virginia,1955,67.42,5.76,26.82
VA,Virginia,1956,68.68,5.85,25.47
VA,Virginia,1957,68.23,6.32,25.44
VA,Virginia,1958,68.51,6.89,24.6
VA,Virginia,1959,68.88,6.77,24.35
VA,Virginia,1960,69.99,7.17,22.84
VA,Virginia,1961,69.33,7.42,23.25
VA,Virginia,1962,69.59,7.59,22.81
VA,Virginia,1963,68.28,7.71,24.0
VA,Virginia,1964,68.21,7.81,23.98
VA,Virginia,1965,68.5,8.19,23.32
VA,Virginia,1966,67.38,8.57,24.05
VA,Virginia,1967,66.58,8.74,24.68
VA,Virginia,1968,66.1,9.33,24.57
VA,Virginia,1969,63.93,9.53,26.55
VA,Virginia,1970,64.09,10.03,25.88
VA,Virginia,1971,63.53,10.03,26.44
VA,Virginia,1972,64.64,10.1,25.26
VA,Virginia,1973,65.93,10.42,23.65
VA,Virginia,1974,66.13,10.77,23.1
VA,Virginia,1975,65.69,11.49,22.82
VA,Virginia,1976,66.99,11.31,21.7
VA,Virginia,1977,67.95,11.01,21.04
VA,Virginia,1978,68.85,10.9,20.25
VA,Virginia,1979,69.54,10.96,19.51
VA,Virginia,1980,69.22,10.97,19.81
VA,Virginia,1981,68.54,10.99,20.47
VA,Virginia,1982,67.78,11.13,21.09
VA,Virginia,1983,68.83,10.94,20.24
VA,Virginia,1984,70.29,10.46,19.25
VA,Virginia,1985,70.99,10.59,18.42
VA,Virginia,1986,71.83,10.77,17.4
VA,Virginia,1987,72.87,10.8,16.34
VA,Virginia,1988,73.34,10.83,15.83
VA,Virginia,1989,73.1,11.26,15.63
VA,Virginia,1990,72.45,11.83,15.73
VA,Virginia,1991,71.78,12.03,16.2
VA,Virginia,1992,71.92,11.89,16.19
VA,Virginia,1993,72.58,12.01,15.41
VA,Virginia,1994,73.01,12.13,14.86
VA,Virginia,1995,74.16,12.06,13.78
VA,Virginia,1996,74.89,11.82,13.29
VA,Virginia,1997,75.91,11.59,12.51
VA,Virginia,1998,77.23,11.29,11.48
VA,Virginia,1999,77.83,11.21,10.96
VA,Virginia,2000,78.42,10.9,10.68
VA,Virginia,2001,78.65,10.86,10.49
VA,Virginia,2002,77.44,11.08,11.48
VA,Virginia,2003,77.11,10.93,11.96
VA,Virginia,2004,77.25,10.75,12.0
VA,Virginia,2005,77.52,10.64,11.85
VA,Virginia,2006,77.47,10.61,11.92
VA,Virginia,2007,77.01,10.86,12.13
VA,Virginia,2008,76.29,11.19,12.52
VA,Virginia,2009,75.15,11.6,13.25
VA,Virginia,2010,75.28,11.23,13.49
VA,Virginia,2011,75.79,10.9,13.31
VA,Virginia,2012,76.34,10.82,12.85
VA,Virginia,2013,76.24,11.27,12.49
VA,Virginia,2014,76.15,11.33,12.52
VA,Virginia,2015,76.41,11.24,12.35
VA,Virginia,2016,76.09,11.35,12.56
VA,Virginia,2017,76.46,11.21,12.33
VA,Virginia,2018,77.1,11.13,11.76
VA,Virginia,2019,77.55,10.92,11.53
VA,Virginia,2020,77.24,10.96,11.8
VA,Virginia,2021,78.11,10.39,11.5
VA,Virginia,2022,78.66,10.24,11.1
VA,Virginia,2023,78.45,10.36,11.18
VA,Virginia,2024,78.06,10.74,11.2
VA,Virginia,2025,78.35,10.83,10.82
VT,Vermont,1929,92.75,4.16,3.08
VT,Vermont,1930,92.15,4.34,3.52
VT,Vermont,1931,90.66,5.13,4.21
VT,Vermont,1932,87.44,7.35,5.2
VT,Vermont,1933,86.22,7.74,6.04
VT,Vermont,1934,86.13,7.49,6.38
VT,Vermont,1935,86.21,7.61,6.17
VT,Vermont,1936,86.19,5.95,7.87
VT,Vermont,1937,88.44,5.39,6.17
VT,Vermont,1938,85.44,6.63,7.93
VT,Vermont,1939,86.59,6.05,7.36
VT,Vermont,1940,87.27,6.0,6.73
VT,Vermont,1941,88.12,5.0,6.89
VT,Vermont,1942,89.22,4.2,6.59
VT,Vermont,1943,86.08,3.88,10.03
VT,Vermont,1944,88.46,4.26,7.28
VT,Vermont,1945,85.43,5.39,9.18
VT,Vermont,1946,89.67,4.68,5.65
VT,Vermont,1947,90.28,5.36,4.36
VT,Vermont,1948,90.17,5.53,4.3
VT,Vermont,1949,88.49,6.35,5.15
VT,Vermont,1950,89.72,5.98,4.3
VT,Vermont,1951,89.17,5.59,5.24
VT,Vermont,1952,87.91,5.94,6.15
VT,Vermont,1953,87.83,6.04,6.14
VT,Vermont,1954,86.6,6.65,6.75
VT,Vermont,1955,86.69,6.67,6.63
VT,Vermont,1956,86.94,6.44,6.62
VT,Vermont,1957,86.35,6.89,6.76
VT,Vermont,1958,84.9,8.0,7.09
VT,Vermont,1959,85.37,8.2,6.43
VT,Vermont,1960,86.25,8.36,5.4
VT,Vermont,1961,85.72,9.06,5.22
VT,Vermont,1962,85.78,9.11,5.11
VT,Vermont,1963,85.99,9.19,4.82
VT,Vermont,1964,86.13,9.06,4.81
VT,Vermont,1965,86.3,9.17,4.53
VT,Vermont,1966,86.79,9.11,4.1
VT,Vermont,1967,86.34,9.92,3.74
VT,Vermont,1968,85.77,10.59,3.64
VT,Vermont,1969,85.69,10.76,3.55
VT,Vermont,1970,84.96,11.02,4.02
VT,Vermont,1971,83.54,12.13,4.33
VT,Vermont,1972,83.03,12.72,4.25
VT,Vermont,1973,82.89,13.01,4.1
VT,Vermont,1974,82.5,13.06,4.44
VT,Vermont,1975,81.78,13.42,4.8
VT,Vermont,1976,82.76,12.7,4.53
VT,Vermont,1977,82.95,12.61,4.44
VT,Vermont,1978,84.05,11.8,4.15
VT,Vermont,1979,84.72,11.42,3.87
VT,Vermont,1980,84.74,11.45,3.81
VT,Vermont,1981,84.54,11.53,3.93
VT,Vermont,1982,84.12,11.86,4.02
VT,Vermont,1983,84.05,12.01,3.94
VT,Vermont,1984,84.36,11.81,3.83
VT,Vermont,1985,84.44,11.76,3.8
VT,Vermont,1986,84.73,11.72,3.55
VT,Vermont,1987,85.14,11.52,3.34
VT,Vermont,1988,84.89,11.69,3.41
VT,Vermont,1989,84.69,12.02,3.29
VT,Vermont,1990,83.78,12.7,3.52
VT,Vermont,1991,82.96,13.43,3.61
VT,Vermont,1992,82.92,13.44,3.64
VT,Vermont,1993,83.08,13.31,3.61
VT,Vermont,1994,83.25,13.24,3.51
VT,Vermont,1995,83.2,13.33,3.47
VT,Vermont,1996,83.67,13.0,3.33
VT,Vermont,1997,83.54,13.19,3.27
VT,Vermont,1998,84.06,12.79,3.15
VT,Vermont,1999,84.25,12.73,3.01
VT,Vermont,2000,84.54,12.4,3.07
VT,Vermont,2001,84.09,12.93,2.98
VT,Vermont,2002,83.52,13.28,3.2
VT,Vermont,2003,82.65,13.7,3.65
VT,Vermont,2004,82.31,13.99,3.7
VT,Vermont,2005,81.93,14.3,3.77
VT,Vermont,2006,81.69,14.66,3.65
VT,Vermont,2007,81.73,14.63,3.64
VT,Vermont,2008,81.41,14.72,3.87
VT,Vermont,2009,80.74,15.04,4.23
VT,Vermont,2010,81.09,14.72,4.19
VT,Vermont,2011,81.08,14.85,4.07
VT,Vermont,2012,81.73,14.26,4.02
VT,Vermont,2013,81.18,14.81,4.01
VT,Vermont,2014,81.29,14.64,4.07
VT,Vermont,2015,81.02,14.87,4.1
VT,Vermont,2016,81.26,14.52,4.22
VT,Vermont,2017,81.51,14.32,4.17
VT,Vermont,2018,81.53,14.2,4.27
VT,Vermont,2019,81.81,13.98,4.2
VT,Vermont,2020,81.27,14.46,4.27
VT,Vermont,2021,81.88,14.08,4.03
VT,Vermont,2022,82.93,13.18,3.88
VT,Vermont,2023,82.62,13.4,3.98
VT,Vermont,2024,83.07,12.84,4.09
VT,Vermont,2025,83.12,12.91,3.96
WA,Washington,1929,89.59,6.52,3.89
WA,Washington,1930,87.89,7.58,4.53
WA,Washington,1931,84.83,9.56,5.61
WA,Washington,1932,81.18,11.76,7.06
WA,Washington,1933,80.83,10.88,8.29
WA,Washington,1934,81.72,9.81,8.46
WA,Washington,1935,82.9,9.14,7.96
WA,Washington,1936,82.16,7.8,10.04
WA,Washington,1937,83.48,8.12,8.4
WA,Washington,1938,81.23,8.66,10.11
WA,Washington,1939,81.92,8.46,9.62
WA,Washington,1940,80.6,7.96,11.44
WA,Washington,1941,79.77,6.04,14.19
WA,Washington,1942,77.54,4.14,18.33
WA,Washington,1943,76.53,3.42,20.05
WA,Washington,1944,76.53,3.43,20.04
WA,Washington,1945,73.12,3.97,22.9
WA,Washington,1946,75.99,4.81,19.2
WA,Washington,1947,81.31,5.71,12.98
WA,Washington,1948,83.41,6.09,10.5
WA,Washington,1949,80.44,6.83,12.74
WA,Washington,1950,79.74,6.56,13.7
WA,Washington,1951,79.33,6.34,14.33
WA,Washington,1952,78.47,6.62,14.91
WA,Washington,1953,78.81,6.86,14.33
WA,Washington,1954,78.98,7.25,13.77
WA,Washington,1955,79.46,7.37,13.16
WA,Washington,1956,79.54,7.7,12.76
WA,Washington,1957,79.82,8.02,12.16
WA,Washington,1958,79.21,8.72,12.07
WA,Washington,1959,80.01,8.8,11.19
WA,Washington,1960,79.55,9.3,11.15
WA,Washington,1961,79.18,9.58,11.24
WA,Washington,1962,79.36,9.63,11.01
WA,Washington,1963,79.1,10.43,10.48
WA,Washington,1964,78.69,10.69,10.62
WA,Washington,1965,79.07,10.73,10.2
WA,Washington,1966,80.05,10.29,9.66
WA,Washington,1967,79.36,10.75,9.9
WA,Washington,1968,78.51,11.3,10.19
WA,Washington,1969,77.68,11.8,10.51
WA,Washington,1970,75.44,13.3,11.26
WA,Washington,1971,74.56,14.12,11.32
WA,Washington,1972,75.72,14.1,10.19
WA,Washington,1973,76.52,13.54,9.94
WA,Washington,1974,76.62,13.17,10.21
WA,Washington,1975,76.59,13.34,10.07
WA,Washington,1976,77.55,12.94,9.52
WA,Washington,1977,78.37,12.59,9.04
WA,Washington,1978,79.82,11.92,8.26
WA,Washington,1979,80.42,11.89,7.69
WA,Washington,1980,79.94,12.38,7.68
WA,Washington,1981,79.71,12.49,7.8
WA,Washington,1982,79.05,12.66,8.29
WA,Washington,1983,78.74,12.81,8.45
WA,Washington,1984,78.6,13.06,8.34
WA,Washington,1985,78.19,13.49,8.32
WA,Washington,1986,78.93,13.32,7.75
WA,Washington,1987,79.26,13.19,7.55
WA,Washington,1988,79.56,13.04,7.39
WA,Washington,1989,79.97,13.06,6.97
WA,Washington,1990,80.22,13.1,6.68
WA,Washington,1991,79.74,13.67,6.59
WA,Washington,1992,79.74,13.93,6.33
WA,Washington,1993,79.69,14.21,6.1
WA,Washington,1994,79.81,14.23,5.95
WA,Washington,1995,79.78,14.37,5.85
WA,Washington,1996,80.36,14.01,5.63
WA,Washington,1997,81.2,13.46,5.33
WA,Washington,1998,82.33,12.89,4.78
WA,Washington,1999,82.87,12.63,4.5
WA,Washington,2000,82.9,12.59,4.51
WA,Washington,2001,82.06,13.23,4.71
WA,Washington,2002,81.17,13.66,5.17
WA,Washington,2003,80.67,13.77,5.57
WA,Washington,2004,80.59,13.8,5.61
WA,Washington,2005,80.57,13.73,5.7
WA,Washington,2006,81.02,13.47,5.52
WA,Washington,2007,81.06,13.57,5.38
WA,Washington,2008,80.1,14.27,5.63
WA,Washington,2009,78.32,15.42,6.26
WA,Washington,2010,78.33,15.16,6.5
WA,Washington,2011,79.31,14.39,6.31
WA,Washington,2012,80.22,13.78,6.0
WA,Washington,2013,80.65,13.79,5.56
WA,Washington,2014,81.06,13.67,5.26
WA,Washington,2015,81.55,13.34,5.1
WA,Washington,2016,81.5,13.47,5.03
WA,Washington,2017,81.92,13.26,4.82
WA,Washington,2018,82.47,13.12,4.41
WA,Washington,2019,82.81,12.96,4.23
WA,Washington,2020,82.74,12.98,4.28
WA,Washington,2021,83.58,12.31,4.1
WA,Washington,2022,83.79,12.24,3.97
WA,Washington,2023,83.55,12.45,4.0
WA,Washington,2024,83.46,12.53,4.01
WA,Washington,2025,83.51,12.62,3.87
WI,Wisconsin,1929,92.38,6.12,1.51
WI,Wisconsin,1930,90.77,7.46,1.77
WI,Wisconsin,1931,87.57,10.13,2.3
WI,Wisconsin,1932,83.85,13.34,2.81
WI,Wisconsin,1933,81.89,13.23,4.88
WI,Wisconsin,1934,82.33,12.38,5.29
WI,Wisconsin,1935,85.37,10.68,3.95
WI,Wisconsin,1936,84.23,8.75,7.02
WI,Wisconsin,1937,86.78,8.22,5.0
WI,Wisconsin,1938,83.86,9.33,6.8
WI,Wisconsin,1939,84.85,9.04,6.1
WI,Wisconsin,1940,86.55,8.35,5.11
WI,Wisconsin,1941,89.92,6.41,3.67
WI,Wisconsin,1942,90.63,5.03,4.35
WI,Wisconsin,1943,87.9,4.24,7.86
WI,Wisconsin,1944,89.76,4.31,5.94
WI,Wisconsin,1945,88.47,4.49,7.04
WI,Wisconsin,1946,90.79,4.99,4.21
WI,Wisconsin,1947,92.08,5.27,2.65
WI,Wisconsin,1948,92.39,5.4,2.21
WI,Wisconsin,1949,91.23,6.17,2.6
WI,Wisconsin,1950,91.56,6.0,2.44
WI,Wisconsin,1951,90.79,5.53,3.68
WI,Wisconsin,1952,90.5,5.91,3.59
WI,Wisconsin,1953,91.03,6.2,2.77
WI,Wisconsin,1954,90.33,6.77,2.91
WI,Wisconsin,1955,90.49,6.76,2.75
WI,Wisconsin,1956,90.62,6.67,2.7
WI,Wisconsin,1957,90.12,7.04,2.85
WI,Wisconsin,1958,89.26,7.85,2.89
WI,Wisconsin,1959,89.72,7.53,2.75
WI,Wisconsin,1960,89.4,7.81,2.79
WI,Wisconsin,1961,88.65,8.57,2.78
WI,Wisconsin,1962,88.44,8.89,2.67
WI,Wisconsin,1963,88.18,9.18,2.64
WI,Wisconsin,1964,87.91,9.48,2.61
WI,Wisconsin,1965,87.8,9.75,2.45
WI,Wisconsin,1966,87.56,10.12,2.31
WI,Wisconsin,1967,87.2,10.47,2.33
WI,Wisconsin,1968,86.85,10.87,2.28
WI,Wisconsin,1969,86.28,11.42,2.3
WI,Wisconsin,1970,85.08,12.39,2.53
WI,Wisconsin,1971,84.37,12.96,2.67
WI,Wisconsin,1972,84.51,12.88,2.62
WI,Wisconsin,1973,84.96,12.59,2.45
WI,Wisconsin,1974,85.14,12.47,2.4
WI,Wisconsin,1975,84.41,13.14,2.45
WI,Wisconsin,1976,84.74,12.87,2.4
WI,Wisconsin,1977,85.59,12.17,2.23
WI,Wisconsin,1978,85.79,11.96,2.25
WI,Wisconsin,1979,86.38,11.51,2.12
WI,Wisconsin,1980,85.95,11.77,2.28
WI,Wisconsin,1981,85.61,12.11,2.28
WI,Wisconsin,1982,84.28,13.35,2.36
WI,Wisconsin,1983,84.05,13.57,2.37
WI,Wisconsin,1984,84.68,13.03,2.29
WI,Wisconsin,1985,84.27,13.39,2.34
WI,Wisconsin,1986,84.39,13.37,2.24
WI,Wisconsin,1987,84.83,13.01,2.16
WI,Wisconsin,1988,84.84,12.99,2.17
WI,Wisconsin,1989,85.1,12.82,2.08
WI,Wisconsin,1990,84.76,13.13,2.1
WI,Wisconsin,1991,84.27,13.64,2.08
WI,Wisconsin,1992,84.1,13.84,2.06
WI,Wisconsin,1993,84.05,13.95,2.01
WI,Wisconsin,1994,84.35,13.72,1.93
WI,Wisconsin,1995,84.44,13.71,1.85
WI,Wisconsin,1996,84.78,13.42,1.8
WI,Wisconsin,1997,85.17,13.12,1.71
WI,Wisconsin,1998,85.57,12.77,1.66
WI,Wisconsin,1999,85.54,12.83,1.63
WI,Wisconsin,2000,85.52,12.81,1.67
WI,Wisconsin,2001,84.93,13.45,1.62
WI,Wisconsin,2002,84.65,13.69,1.66
WI,Wisconsin,2003,84.25,13.95,1.81
WI,Wisconsin,2004,84.51,13.65,1.83
WI,Wisconsin,2005,84.5,13.65,1.85
WI,Wisconsin,2006,84.67,13.53,1.8
WI,Wisconsin,2007,84.63,13.61,1.76
WI,Wisconsin,2008,84.25,13.93,1.82
WI,Wisconsin,2009,82.86,15.18,1.96
WI,Wisconsin,2010,82.97,15.05,1.97
WI,Wisconsin,2011,83.75,14.39,1.86
WI,Wisconsin,2012,83.98,14.25,1.77
WI,Wisconsin,2013,84.54,13.76,1.71
WI,Wisconsin,2014,84.53,13.8,1.67
WI,Wisconsin,2015,85.01,13.33,1.66
WI,Wisconsin,2016,85.13,13.21,1.67
WI,Wisconsin,2017,85.51,12.85,1.64
WI,Wisconsin,2018,85.69,12.66,1.65
WI,Wisconsin,2019,85.85,12.52,1.63
WI,Wisconsin,2020,85.68,12.63,1.69
WI,Wisconsin,2021,86.15,12.22,1.63
WI,Wisconsin,2022,86.6,11.79,1.61
WI,Wisconsin,2023,86.53,11.79,1.68
WI,Wisconsin,2024,86.19,12.09,1.72
WI,Wisconsin,2025,86.44,11.9,1.65
WV,West Virginia,1929,94.29,4.15,1.57
WV,West Virginia,1930,93.3,4.88,1.82
WV,West Virginia,1931,91.83,6.08,2.1
WV,West Virginia,1932,89.05,8.27,2.69
WV,West Virginia,1933,86.67,9.56,3.77
WV,West Virginia,1934,88.16,7.46,4.38
WV,West Virginia,1935,88.64,7.23,4.13
WV,West Virginia,1936,86.68,5.16,8.16
WV,West Virginia,1937,89.28,4.95,5.76
WV,West Virginia,1938,86.61,6.02,7.37
WV,West Virginia,1939,87.64,5.87,6.49
WV,West Virginia,1940,88.57,5.67,5.76
WV,West Virginia,1941,90.44,5.01,4.55
WV,West Virginia,1942,91.31,4.44,4.24
WV,West Virginia,1943,89.15,4.11,6.74
WV,West Virginia,1944,85.98,4.12,9.9
WV,West Virginia,1945,84.0,4.29,11.71
WV,West Virginia,1946,89.73,4.69,5.59
WV,West Virginia,1947,92.17,4.8,3.03
WV,West Virginia,1948,92.15,5.19,2.66
WV,West Virginia,1949,90.47,6.21,3.32
WV,West Virginia,1950,91.09,6.15,2.76
WV,West Virginia,1951,90.86,5.71,3.43
WV,West Virginia,1952,90.12,6.05,3.83
WV,West Virginia,1953,90.14,6.09,3.77
WV,West Virginia,1954,88.98,6.79,4.23
WV,West Virginia,1955,89.52,6.53,3.95
WV,West Virginia,1956,90.16,6.36,3.47
WV,West Virginia,1957,89.95,6.47,3.58
WV,West Virginia,1958,88.7,7.7,3.6
WV,West Virginia,1959,88.73,7.67,3.59
WV,West Virginia,1960,88.21,8.06,3.73
WV,West Virginia,1961,87.19,8.91,3.9
WV,West Virginia,1962,86.92,9.24,3.84
WV,West Virginia,1963,86.91,9.65,3.44
WV,West Virginia,1964,86.49,10.04,3.47
WV,West Virginia,1965,86.35,10.36,3.29
WV,West Virginia,1966,85.93,10.82,3.25
WV,West Virginia,1967,86.42,10.29,3.28
WV,West Virginia,1968,85.82,10.78,3.4
WV,West Virginia,1969,85.99,10.56,3.45
WV,West Virginia,1970,85.44,10.82,3.74
WV,West Virginia,1971,85.05,11.08,3.87
WV,West Virginia,1972,84.7,11.3,4.0
WV,West Virginia,1973,84.6,11.33,4.07
WV,West Virginia,1974,85.0,11.07,3.93
WV,West Virginia,1975,84.82,11.18,4.0
WV,West Virginia,1976,84.85,11.34,3.82
WV,West Virginia,1977,84.92,11.44,3.64
WV,West Virginia,1978,85.06,11.38,3.56
WV,West Virginia,1979,85.1,11.43,3.47
WV,West Virginia,1980,84.45,11.93,3.61
WV,West Virginia,1981,83.77,12.52,3.71
WV,West Virginia,1982,83.29,13.0,3.71
WV,West Virginia,1983,82.35,13.68,3.97
WV,West Virginia,1984,82.61,13.42,3.97
WV,West Virginia,1985,81.71,14.26,4.04
WV,West Virginia,1986,81.03,14.96,4.01
WV,West Virginia,1987,80.79,15.19,4.01
WV,West Virginia,1988,81.42,14.54,4.04
WV,West Virginia,1989,81.65,14.18,4.17
WV,West Virginia,1990,81.5,14.31,4.19
WV,West Virginia,1991,80.7,14.93,4.36
WV,West Virginia,1992,80.42,15.08,4.5
WV,West Virginia,1993,80.14,15.32,4.54
WV,West Virginia,1994,80.18,15.25,4.58
WV,West Virginia,1995,79.93,15.37,4.7
WV,West Virginia,1996,79.71,15.46,4.84
WV,West Virginia,1997,79.77,15.2,5.03
WV,West Virginia,1998,80.05,14.96,4.99
WV,West Virginia,1999,79.52,15.37,5.11
WV,West Virginia,2000,79.51,15.25,5.25
WV,West Virginia,2001,79.83,14.97,5.2
WV,West Virginia,2002,79.51,15.0,5.49
WV,West Virginia,2003,78.64,15.38,5.98
WV,West Virginia,2004,78.9,15.0,6.1
WV,West Virginia,2005,79.12,14.62,6.25
WV,West Virginia,2006,79.83,14.11,6.06
WV,West Virginia,2007,79.34,14.39,6.26
WV,West Virginia,2008,79.08,14.35,6.57
WV,West Virginia,2009,77.95,15.08,6.98
WV,West Virginia,2010,78.19,14.94,6.87
WV,West Virginia,2011,79.14,14.36,6.5
WV,West Virginia,2012,79.17,14.54,6.3
WV,West Virginia,2013,79.11,14.62,6.26
WV,West Virginia,2014,79.11,14.55,6.33
WV,West Virginia,2015,78.88,14.75,6.37
WV,West Virginia,2016,78.26,14.99,6.74
WV,West Virginia,2017,79.01,14.37,6.62
WV,West Virginia,2018,79.87,13.65,6.48
WV,West Virginia,2019,79.21,14.26,6.53
WV,West Virginia,2020,77.42,15.38,7.2
WV,West Virginia,2021,78.34,14.61,7.05
WV,West Virginia,2022,79.32,13.83,6.85
WV,West Virginia,2023,79.39,13.52,7.09
WV,West Virginia,2024,79.39,13.26,7.35
WV,West Virginia,2025,79.71,13.17,7.12
WY,Wyoming,1929,89.5,4.47,6.04
WY,Wyoming,1930,87.74,5.22,7.04
WY,Wyoming,1931,84.79,6.64,8.56
WY,Wyoming,1932,81.42,8.44,10.14
WY,Wyoming,1933,79.67,8.28,12.05
WY,Wyoming,1934,77.08,9.76,13.15
WY,Wyoming,1935,81.14,8.14,10.72
WY,Wyoming,1936,80.94,6.56,12.5
WY,Wyoming,1937,83.98,5.9,10.11
WY,Wyoming,1938,82.13,6.47,11.4
WY,Wyoming,1939,82.84,6.23,10.94
WY,Wyoming,1940,82.99,6.29,10.71
WY,Wyoming,1941,80.88,5.12,14.0
WY,Wyoming,1942,76.49,4.14,19.37
WY,Wyoming,1943,78.23,3.69,18.08
WY,Wyoming,1944,77.68,3.88,18.44
WY,Wyoming,1945,79.3,4.59,16.11
WY,Wyoming,1946,87.24,4.74,8.02
WY,Wyoming,1947,87.47,4.6,7.94
WY,Wyoming,1948,85.26,4.95,9.79
WY,Wyoming,1949,81.93,5.37,12.7
WY,Wyoming,1950,81.79,5.46,12.74
WY,Wyoming,1951,83.0,5.11,11.89
WY,Wyoming,1952,79.96,5.76,14.28
WY,Wyoming,1953,79.85,6.45,13.71
WY,Wyoming,1954,78.39,7.43,14.18
WY,Wyoming,1955,77.61,7.81,14.57
WY,Wyoming,1956,75.56,8.16,16.27
WY,Wyoming,1957,78.72,8.4,12.88
WY,Wyoming,1958,80.67,9.37,9.97
WY,Wyoming,1959,82.38,9.57,8.05
WY,Wyoming,1960,81.49,10.1,8.41
WY,Wyoming,1961,80.42,10.58,9.0
WY,Wyoming,1962,79.71,10.85,9.43
WY,Wyoming,1963,78.63,11.35,10.02
WY,Wyoming,1964,76.85,11.81,11.34
WY,Wyoming,1965,76.59,12.68,10.73
WY,Wyoming,1966,76.33,13.46,10.21
WY,Wyoming,1967,75.31,14.71,9.98
WY,Wyoming,1968,75.01,15.32,9.67
WY,Wyoming,1969,75.54,15.31,9.15
WY,Wyoming,1970,75.01,15.42,9.58
WY,Wyoming,1971,74.31,15.61,10.08
WY,Wyoming,1972,75.15,15.05,9.81
WY,Wyoming,1973,76.55,14.28,9.17
WY,Wyoming,1974,78.39,13.26,8.36
WY,Wyoming,1975,78.56,13.26,8.18
WY,Wyoming,1976,78.3,13.58,8.12
WY,Wyoming,1977,79.82,12.95,7.22
WY,Wyoming,1978,81.23,12.03,6.74
WY,Wyoming,1979,82.78,11.45,5.76
WY,Wyoming,1980,82.35,12.0,5.65
WY,Wyoming,1981,82.16,12.39,5.45
WY,Wyoming,1982,80.43,13.98,5.59
WY,Wyoming,1983,77.18,16.57,6.24
WY,Wyoming,1984,76.64,16.94,6.42
WY,Wyoming,1985,76.09,17.34,6.57
WY,Wyoming,1986,74.57,18.48,6.95
WY,Wyoming,1987,73.1,19.28,7.62
WY,Wyoming,1988,72.69,19.36,7.95
WY,Wyoming,1989,73.73,18.8,7.46
WY,Wyoming,1990,74.27,18.55,7.18
WY,Wyoming,1991,73.83,18.93,7.24
WY,Wyoming,1992,73.74,19.05,7.21
WY,Wyoming,1993,74.61,18.44,6.95
WY,Wyoming,1994,74.59,18.55,6.85
WY,Wyoming,1995,74.42,18.67,6.9
WY,Wyoming,1996,74.96,18.38,6.66
WY,Wyoming,1997,76.16,17.58,6.26
WY,Wyoming,1998,76.27,17.53,6.2
WY,Wyoming,1999,76.65,17.4,5.95
WY,Wyoming,2000,76.85,17.19,5.96
WY,Wyoming,2001,76.63,17.55,5.82
WY,Wyoming,2002,75.77,18.17,6.06
WY,Wyoming,2003,74.94,18.67,6.4
WY,Wyoming,2004,74.74,18.69,6.57
WY,Wyoming,2005,75.32,18.36,6.32
WY,Wyoming,2006,77.21,17.23,5.56
WY,Wyoming,2007,76.68,18.01,5.31
WY,Wyoming,2008,77.33,17.71,4.97
WY,Wyoming,2009,75.28,19.2,5.51
WY,Wyoming,2010,75.7,18.91,5.38
WY,Wyoming,2011,76.83,18.06,5.11
WY,Wyoming,2012,76.92,18.16,4.92
WY,Wyoming,2013,76.03,19.28,4.69
WY,Wyoming,2014,76.48,19.05,4.48
WY,Wyoming,2015,75.72,19.73,4.55
WY,Wyoming,2016,73.88,21.02,5.1
WY,Wyoming,2017,74.49,20.4,5.11
WY,Wyoming,2018,75.43,19.49,5.08
WY,Wyoming,2019,76.18,18.68,5.13
WY,Wyoming,2020,75.58,18.92,5.5
WY,Wyoming,2021,76.44,18.19,5.37
WY,Wyoming,2022,77.45,17.32,5.23
WY,Wyoming,2023,77.3,17.24,5.46
WY,Wyoming,2024,77.3,17.01,5.69
WY,Wyoming,2025,77.18,17.13,5.69
