st,state,year,winner,winner_party,winner_pct,runner_up,runner_up_party,runner_up_pct,margin_pts
AK,Alaska,1960,Nixon,Republican,50.94,Kennedy,Democrat,49.06,1.88
AK,Alaska,1964,Johnson,Democrat,65.91,Goldwater,Republican,34.09,31.82
AK,Alaska,1968,Nixon,Republican,45.28,Humphrey,Democrat,42.65,2.63
AK,Alaska,1972,Nixon,Republican,58.13,McGovern,Democrat,34.62,23.51
AK,Alaska,1976,Ford,Republican,57.9,Carter,Democrat,35.65,22.25
AK,Alaska,1980,Reagan,Republican,54.35,Carter,Democrat,26.41,27.94
AK,Alaska,1984,Reagan,Republican,66.65,Mondale,Democrat,29.87,36.79
AK,Alaska,1988,Bush,Republican,59.59,Dukakis,Democrat,36.27,23.32
AK,Alaska,1992,Bush,Republican,39.46,Clinton,Democrat,30.29,9.17
AK,Alaska,1996,Dole,Republican,50.8,Clinton,Democrat,33.27,17.53
AK,Alaska,2000,Bush,Republican,58.62,Gore,Democrat,27.67,30.95
AK,Alaska,2004,Bush,Republican,61.07,Kerry,Democrat,35.52,25.55
AK,Alaska,2008,McCain,Republican,59.42,Obama,Democrat,37.89,21.54
AK,Alaska,2012,Romney,Republican,54.8,Obama,Democrat,40.81,13.99
AK,Alaska,2016,Trump,Republican,51.28,Clinton,Democrat,36.55,14.73
AK,Alaska,2020,Trump,Republican,52.83,Biden,Democrat,42.77,10.06
AK,Alaska,2024,Trump,Republican,54.54,Harris,Democrat,41.41,13.14
AL,Alabama,1900,Bryan,Democrat,60.82,McKinley,Republican,34.82,26.0
AL,Alabama,1904,Parker,Democrat,73.35,Roosevelt,Republican,20.66,52.69
AL,Alabama,1908,Bryan,Democrat,70.75,Taft,Republican,24.31,46.44
AL,Alabama,1912,Wilson,Democrat,69.89,Roosevelt,Third party,19.23,50.66
AL,Alabama,1916,Wilson,Democrat,76.04,Hughes,Republican,21.92,54.12
AL,Alabama,1920,Cox,Democrat,67.31,Harding,Republican,31.37,35.94
AL,Alabama,1924,Davis,Democrat,67.81,Coolidge,Republican,27.01,40.8
AL,Alabama,1928,Smith,Democrat,51.33,Hoover,Republican,48.49,2.84
AL,Alabama,1932,Roosevelt,Democrat,84.74,Hoover,Republican,14.13,70.61
AL,Alabama,1936,Roosevelt,Democrat,86.38,Landon,Republican,12.82,73.56
AL,Alabama,1940,Roosevelt,Democrat,85.22,Willkie,Republican,14.34,70.88
AL,Alabama,1944,Roosevelt,Democrat,81.28,Dewey,Republican,18.2,63.08
AL,Alabama,1948,Thurmond,Third party,79.75,Dewey,Republican,19.04,60.71
AL,Alabama,1952,Stevenson,Democrat,64.55,Eisenhower,Republican,35.02,29.53
AL,Alabama,1956,Stevenson,Democrat,56.52,Eisenhower,Republican,39.39,17.13
AL,Alabama,1960,Kennedy (Democratic slate),Democrat,56.83,Nixon,Republican,41.75,15.08
AL,Alabama,1964,Goldwater,Republican,69.45,Unpledged electors,Third party,30.55,38.9
AL,Alabama,1968,Wallace,Third party,65.86,Humphrey,Democrat,18.72,47.14
AL,Alabama,1972,Nixon,Republican,72.43,McGovern,Democrat,25.54,46.89
AL,Alabama,1976,Carter,Democrat,55.73,Ford,Republican,42.61,13.11
AL,Alabama,1980,Reagan,Republican,48.75,Carter,Democrat,47.45,1.3
AL,Alabama,1984,Reagan,Republican,60.54,Mondale,Democrat,38.28,22.26
AL,Alabama,1988,Bush,Republican,59.17,Dukakis,Democrat,39.86,19.3
AL,Alabama,1992,Bush,Republican,47.65,Clinton,Democrat,40.88,6.77
AL,Alabama,1996,Dole,Republican,50.12,Clinton,Democrat,43.16,6.97
AL,Alabama,2000,Bush,Republican,56.48,Gore,Democrat,41.57,14.92
AL,Alabama,2004,Bush,Republican,62.46,Kerry,Democrat,36.84,25.62
AL,Alabama,2008,McCain,Republican,60.32,Obama,Democrat,38.74,21.58
AL,Alabama,2012,Romney,Republican,60.55,Obama,Democrat,38.36,22.19
AL,Alabama,2016,Trump,Republican,62.08,Clinton,Democrat,34.36,27.73
AL,Alabama,2020,Trump,Republican,62.03,Biden,Democrat,36.57,25.46
AL,Alabama,2024,Trump,Republican,64.57,Harris,Democrat,34.1,30.47
AR,Arkansas,1900,Bryan,Democrat,63.46,McKinley,Republican,35.04,28.42
AR,Arkansas,1904,Parker,Democrat,55.35,Roosevelt,Republican,40.25,15.1
AR,Arkansas,1908,Bryan,Democrat,57.31,Taft,Republican,37.3,20.01
AR,Arkansas,1912,Wilson,Democrat,55.01,Taft,Republican,20.45,34.56
AR,Arkansas,1916,Wilson,Democrat,65.97,Hughes,Republican,28.73,37.24
AR,Arkansas,1920,Cox,Democrat,58.49,Harding,Republican,38.73,19.76
AR,Arkansas,1924,Davis,Democrat,61.21,Coolidge,Republican,29.28,31.93
AR,Arkansas,1928,Smith,Democrat,60.29,Hoover,Republican,39.33,20.96
AR,Arkansas,1932,Roosevelt,Democrat,85.96,Hoover,Republican,12.91,73.05
AR,Arkansas,1936,Roosevelt,Democrat,81.8,Landon,Republican,17.86,63.94
AR,Arkansas,1940,Roosevelt,Democrat,79.02,Willkie,Republican,20.98,58.04
AR,Arkansas,1944,Roosevelt,Democrat,69.95,Dewey,Republican,29.84,40.11
AR,Arkansas,1948,Truman,Democrat,61.72,Dewey,Republican,21.02,40.7
AR,Arkansas,1952,Stevenson,Democrat,55.9,Eisenhower,Republican,43.76,12.14
AR,Arkansas,1956,Stevenson,Democrat,52.46,Eisenhower,Republican,45.82,6.64
AR,Arkansas,1960,Kennedy,Democrat,50.19,Nixon,Republican,43.06,7.13
AR,Arkansas,1964,Johnson,Democrat,56.06,Goldwater,Republican,43.41,12.65
AR,Arkansas,1968,Wallace,Third party,38.65,Nixon,Republican,31.01,7.64
AR,Arkansas,1972,Nixon,Republican,68.82,McGovern,Democrat,30.71,38.11
AR,Arkansas,1976,Carter,Democrat,64.96,Ford,Republican,34.9,30.06
AR,Arkansas,1980,Reagan,Republican,48.13,Carter,Democrat,47.52,0.61
AR,Arkansas,1984,Reagan,Republican,60.47,Mondale,Democrat,38.29,22.18
AR,Arkansas,1988,Bush,Republican,56.37,Dukakis,Democrat,42.19,14.18
AR,Arkansas,1992,Clinton,Democrat,53.21,Bush,Republican,35.48,17.72
AR,Arkansas,1996,Clinton,Democrat,53.74,Dole,Republican,36.8,16.94
AR,Arkansas,2000,Bush,Republican,51.31,Gore,Democrat,45.86,5.44
AR,Arkansas,2004,Bush,Republican,54.31,Kerry,Democrat,44.55,9.76
AR,Arkansas,2008,McCain,Republican,58.72,Obama,Democrat,38.86,19.85
AR,Arkansas,2012,Romney,Republican,60.57,Obama,Democrat,36.88,23.69
AR,Arkansas,2016,Trump,Republican,60.57,Clinton,Democrat,33.65,26.92
AR,Arkansas,2020,Trump,Republican,62.4,Biden,Democrat,34.78,27.62
AR,Arkansas,2024,Trump,Republican,64.2,Harris,Democrat,33.56,30.64
AZ,Arizona,1912,Wilson,Democrat,43.52,Roosevelt,Third party,29.29,14.23
AZ,Arizona,1916,Wilson,Democrat,57.17,Hughes,Republican,35.37,21.8
AZ,Arizona,1920,Harding,Republican,55.61,Cox,Democrat,44.39,11.22
AZ,Arizona,1924,Coolidge,Republican,41.26,Davis,Democrat,35.47,5.79
AZ,Arizona,1928,Hoover,Republican,57.57,Smith,Democrat,42.23,15.34
AZ,Arizona,1932,Roosevelt,Democrat,67.03,Hoover,Republican,30.53,36.5
AZ,Arizona,1936,Roosevelt,Democrat,69.85,Landon,Republican,26.93,42.92
AZ,Arizona,1940,Roosevelt,Democrat,63.49,Willkie,Republican,36.01,27.48
AZ,Arizona,1944,Roosevelt,Democrat,58.8,Dewey,Republican,40.9,17.9
AZ,Arizona,1948,Truman,Democrat,53.79,Dewey,Republican,43.82,9.97
AZ,Arizona,1952,Eisenhower,Republican,58.35,Stevenson,Democrat,41.65,16.7
AZ,Arizona,1956,Eisenhower,Republican,60.99,Stevenson,Democrat,38.9,22.09
AZ,Arizona,1960,Nixon,Republican,55.52,Kennedy,Democrat,44.36,11.16
AZ,Arizona,1964,Goldwater,Republican,50.45,Johnson,Democrat,49.45,1.0
AZ,Arizona,1968,Nixon,Republican,54.78,Humphrey,Democrat,35.02,19.76
AZ,Arizona,1972,Nixon,Republican,61.64,McGovern,Democrat,30.38,31.26
AZ,Arizona,1976,Ford,Republican,56.37,Carter,Democrat,39.8,16.57
AZ,Arizona,1980,Reagan,Republican,60.61,Carter,Democrat,28.24,32.36
AZ,Arizona,1984,Reagan,Republican,66.42,Mondale,Democrat,32.54,33.88
AZ,Arizona,1988,Bush,Republican,59.95,Dukakis,Democrat,38.74,21.21
AZ,Arizona,1992,Bush,Republican,38.47,Clinton,Democrat,36.52,1.95
AZ,Arizona,1996,Clinton,Democrat,46.52,Dole,Republican,44.29,2.22
AZ,Arizona,2000,Bush,Republican,51.02,Gore,Democrat,44.73,6.29
AZ,Arizona,2004,Bush,Republican,54.87,Kerry,Democrat,44.4,10.47
AZ,Arizona,2008,McCain,Republican,53.64,Obama,Democrat,45.12,8.52
AZ,Arizona,2012,Romney,Republican,53.65,Obama,Democrat,44.59,9.06
AZ,Arizona,2016,Trump,Republican,48.67,Clinton,Democrat,45.13,3.55
AZ,Arizona,2020,Biden,Democrat,49.36,Trump,Republican,49.06,0.31
AZ,Arizona,2024,Trump,Republican,52.23,Harris,Democrat,46.7,5.53
CA,California,1900,McKinley,Republican,54.5,Bryan,Democrat,41.34,13.16
CA,California,1904,Roosevelt,Republican,61.84,Parker,Democrat,26.94,34.9
CA,California,1908,Taft,Republican,55.46,Bryan,Democrat,32.98,22.48
CA,California,1912,Roosevelt,Third party,41.83,Wilson,Democrat,41.81,0.02
CA,California,1916,Wilson,Democrat,46.65,Hughes,Republican,46.27,0.38
CA,California,1920,Harding,Republican,66.2,Cox,Democrat,24.28,41.92
CA,California,1924,Coolidge,Republican,57.2,La Follette,Third party,33.13,24.07
CA,California,1928,Hoover,Republican,64.69,Smith,Democrat,34.19,30.5
CA,California,1932,Roosevelt,Democrat,58.39,Hoover,Republican,37.39,21.0
CA,California,1936,Roosevelt,Democrat,66.95,Landon,Republican,31.7,35.25
CA,California,1940,Roosevelt,Democrat,57.44,Willkie,Republican,41.34,16.1
CA,California,1944,Roosevelt,Democrat,56.48,Dewey,Republican,42.97,13.51
CA,California,1948,Truman,Democrat,47.57,Dewey,Republican,47.13,0.44
CA,California,1952,Eisenhower,Republican,56.83,Stevenson,Democrat,42.27,14.56
CA,California,1956,Eisenhower,Republican,55.39,Stevenson,Democrat,44.27,11.12
CA,California,1960,Nixon,Republican,50.1,Kennedy,Democrat,49.55,0.55
CA,California,1964,Johnson,Democrat,59.11,Goldwater,Republican,40.79,18.32
CA,California,1968,Nixon,Republican,47.82,Humphrey,Democrat,44.74,3.08
CA,California,1972,Nixon,Republican,55.0,McGovern,Democrat,41.54,13.46
CA,California,1976,Ford,Republican,49.75,Carter,Democrat,47.95,1.79
CA,California,1980,Reagan,Republican,52.7,Carter,Democrat,35.92,16.78
CA,California,1984,Reagan,Republican,57.52,Mondale,Democrat,41.27,16.25
CA,California,1988,Bush,Republican,51.13,Dukakis,Democrat,47.56,3.57
CA,California,1992,Clinton,Democrat,46.01,Bush,Republican,32.61,13.39
CA,California,1996,Clinton,Democrat,51.1,Dole,Republican,38.21,12.89
CA,California,2000,Gore,Democrat,53.45,Bush,Republican,41.65,11.8
CA,California,2004,Kerry,Democrat,54.31,Bush,Republican,44.36,9.95
CA,California,2008,Obama,Democrat,61.01,McCain,Republican,36.95,24.06
CA,California,2012,Obama,Democrat,60.24,Romney,Republican,37.12,23.12
CA,California,2016,Clinton,Democrat,61.73,Trump,Republican,31.62,30.11
CA,California,2020,Biden,Democrat,63.48,Trump,Republican,34.32,29.16
CA,California,2024,Harris,Democrat,58.47,Trump,Republican,38.33,20.13
CO,Colorado,1900,Bryan,Democrat,55.43,McKinley,Republican,42.04,13.39
CO,Colorado,1904,Roosevelt,Republican,55.26,Parker,Democrat,41.08,14.18
CO,Colorado,1908,Bryan,Democrat,48.0,Taft,Republican,46.88,1.12
CO,Colorado,1912,Wilson,Democrat,42.8,Roosevelt,Third party,27.09,15.71
CO,Colorado,1916,Wilson,Democrat,60.74,Hughes,Republican,34.75,25.99
CO,Colorado,1920,Harding,Republican,59.32,Cox,Democrat,35.93,23.39
CO,Colorado,1924,Coolidge,Republican,57.02,Davis,Democrat,21.98,35.04
CO,Colorado,1928,Hoover,Republican,64.72,Smith,Democrat,33.94,30.78
CO,Colorado,1932,Roosevelt,Democrat,54.81,Hoover,Republican,41.43,13.38
CO,Colorado,1936,Roosevelt,Democrat,60.37,Landon,Republican,37.09,23.28
CO,Colorado,1940,Willkie,Republican,50.92,Roosevelt,Democrat,48.37,2.55
CO,Colorado,1944,Dewey,Republican,53.21,Roosevelt,Democrat,46.4,6.81
CO,Colorado,1948,Truman,Democrat,51.88,Dewey,Republican,46.52,5.36
CO,Colorado,1952,Eisenhower,Republican,60.27,Stevenson,Democrat,38.96,21.31
CO,Colorado,1956,Eisenhower,Republican,59.49,Stevenson,Democrat,39.81,19.68
CO,Colorado,1960,Nixon,Republican,54.63,Kennedy,Democrat,44.91,9.72
CO,Colorado,1964,Johnson,Democrat,61.27,Goldwater,Republican,38.19,23.08
CO,Colorado,1968,Nixon,Republican,50.46,Humphrey,Democrat,41.32,9.14
CO,Colorado,1972,Nixon,Republican,62.61,McGovern,Democrat,34.59,28.02
CO,Colorado,1976,Ford,Republican,54.03,Carter,Democrat,42.61,11.42
CO,Colorado,1980,Reagan,Republican,55.07,Carter,Democrat,31.07,24.0
CO,Colorado,1984,Reagan,Republican,63.44,Mondale,Democrat,35.12,28.32
CO,Colorado,1988,Bush,Republican,53.06,Dukakis,Democrat,45.28,7.78
CO,Colorado,1992,Clinton,Democrat,40.13,Bush,Republican,35.87,4.26
CO,Colorado,1996,Dole,Republican,45.8,Clinton,Democrat,44.43,1.37
CO,Colorado,2000,Bush,Republican,50.75,Gore,Democrat,42.39,8.36
CO,Colorado,2004,Bush,Republican,51.71,Kerry,Democrat,47.04,4.67
CO,Colorado,2008,Obama,Democrat,53.66,McCain,Republican,44.71,8.95
CO,Colorado,2012,Obama,Democrat,51.49,Romney,Republican,46.13,5.37
CO,Colorado,2016,Clinton,Democrat,48.16,Trump,Republican,43.25,4.91
CO,Colorado,2020,Biden,Democrat,55.01,Trump,Republican,41.6,13.41
CO,Colorado,2024,Harris,Democrat,54.13,Trump,Republican,43.14,10.98
CT,Connecticut,1900,McKinley,Republican,56.92,Bryan,Democrat,41.07,15.85
CT,Connecticut,1904,Roosevelt,Republican,58.12,Parker,Democrat,38.15,19.97
CT,Connecticut,1908,Taft,Republican,59.43,Bryan,Democrat,35.92,23.51
CT,Connecticut,1912,Wilson,Democrat,39.16,Taft,Republican,35.88,3.28
CT,Connecticut,1916,Hughes,Republican,49.8,Wilson,Democrat,46.66,3.14
CT,Connecticut,1920,Harding,Republican,62.72,Cox,Democrat,33.03,29.69
CT,Connecticut,1924,Coolidge,Republican,61.54,Davis,Democrat,27.53,34.01
CT,Connecticut,1928,Hoover,Republican,53.63,Smith,Democrat,45.57,8.06
CT,Connecticut,1932,Hoover,Republican,48.54,Roosevelt,Democrat,47.4,1.14
CT,Connecticut,1936,Roosevelt,Democrat,55.32,Landon,Republican,40.35,14.97
CT,Connecticut,1940,Roosevelt,Democrat,53.44,Willkie,Republican,46.3,7.14
CT,Connecticut,1944,Roosevelt,Democrat,52.3,Dewey,Republican,46.94,5.36
CT,Connecticut,1948,Dewey,Republican,49.55,Truman,Democrat,47.91,1.64
CT,Connecticut,1952,Eisenhower,Republican,55.7,Stevenson,Democrat,43.91,11.79
CT,Connecticut,1956,Eisenhower,Republican,63.72,Stevenson,Democrat,36.26,27.46
CT,Connecticut,1960,Kennedy,Democrat,53.73,Nixon,Republican,46.27,7.46
CT,Connecticut,1964,Johnson,Democrat,67.81,Goldwater,Republican,32.09,35.72
CT,Connecticut,1968,Humphrey,Democrat,49.48,Nixon,Republican,44.32,5.16
CT,Connecticut,1972,Nixon,Republican,58.57,McGovern,Democrat,40.13,18.44
CT,Connecticut,1976,Ford,Republican,51.88,Carter,Democrat,46.73,5.15
CT,Connecticut,1980,Reagan,Republican,48.16,Carter,Democrat,38.52,9.63
CT,Connecticut,1984,Reagan,Republican,60.73,Mondale,Democrat,38.83,21.9
CT,Connecticut,1988,Bush,Republican,51.98,Dukakis,Democrat,46.87,5.1
CT,Connecticut,1992,Clinton,Democrat,42.22,Bush,Republican,35.78,6.44
CT,Connecticut,1996,Clinton,Democrat,52.83,Dole,Republican,34.69,18.14
CT,Connecticut,2000,Gore,Democrat,55.91,Bush,Republican,38.44,17.47
CT,Connecticut,2004,Kerry,Democrat,54.31,Bush,Republican,43.95,10.37
CT,Connecticut,2008,Obama,Democrat,60.59,McCain,Republican,38.22,22.37
CT,Connecticut,2012,Obama,Democrat,58.09,Romney,Republican,40.75,17.34
CT,Connecticut,2016,Clinton,Democrat,54.57,Trump,Republican,40.93,13.64
CT,Connecticut,2020,Biden,Democrat,59.26,Trump,Republican,39.19,20.07
CT,Connecticut,2024,Harris,Democrat,56.4,Trump,Republican,41.89,14.5
DC,District of Columbia,1964,Johnson,Democrat,85.5,Goldwater,Republican,14.5,71.0
DC,District of Columbia,1968,Humphrey,Democrat,81.82,Nixon,Republican,18.18,63.64
DC,District of Columbia,1972,McGovern,Democrat,78.1,Nixon,Republican,21.56,56.54
DC,District of Columbia,1976,Carter,Democrat,81.63,Ford,Republican,16.51,65.12
DC,District of Columbia,1980,Carter,Democrat,74.89,Reagan,Republican,13.41,61.49
DC,District of Columbia,1984,Mondale,Democrat,85.38,Reagan,Republican,13.73,71.66
DC,District of Columbia,1988,Dukakis,Democrat,82.65,Bush,Republican,14.3,68.34
DC,District of Columbia,1992,Clinton,Democrat,84.64,Bush,Republican,9.1,75.55
DC,District of Columbia,1996,Clinton,Democrat,85.19,Dole,Republican,9.34,75.85
DC,District of Columbia,2000,Gore,Democrat,85.16,Bush,Republican,8.95,76.2
DC,District of Columbia,2004,Kerry,Democrat,89.18,Bush,Republican,9.34,79.84
DC,District of Columbia,2008,Obama,Democrat,92.46,McCain,Republican,6.53,85.92
DC,District of Columbia,2012,Obama,Democrat,90.91,Romney,Republican,7.28,83.63
DC,District of Columbia,2016,Clinton,Democrat,90.48,Trump,Republican,4.07,86.41
DC,District of Columbia,2020,Biden,Democrat,92.15,Trump,Republican,5.4,86.75
DC,District of Columbia,2024,Harris,Democrat,90.28,Trump,Republican,6.47,83.81
DE,Delaware,1900,McKinley,Republican,53.67,Bryan,Democrat,44.9,8.77
DE,Delaware,1904,Roosevelt,Republican,54.05,Parker,Democrat,44.11,9.94
DE,Delaware,1908,Taft,Republican,52.1,Bryan,Democrat,45.94,6.16
DE,Delaware,1912,Wilson,Democrat,46.48,Taft,Republican,32.85,13.63
DE,Delaware,1916,Hughes,Republican,50.2,Wilson,Democrat,47.78,2.42
DE,Delaware,1920,Harding,Republican,55.71,Cox,Democrat,42.07,13.64
DE,Delaware,1924,Coolidge,Republican,57.7,Davis,Democrat,36.8,20.9
DE,Delaware,1928,Hoover,Republican,65.03,Smith,Democrat,34.6,30.43
DE,Delaware,1932,Hoover,Republican,50.55,Roosevelt,Democrat,48.11,2.44
DE,Delaware,1936,Roosevelt,Democrat,54.62,Landon,Republican,44.85,9.77
DE,Delaware,1940,Roosevelt,Democrat,54.7,Willkie,Republican,45.05,9.65
DE,Delaware,1944,Roosevelt,Democrat,54.38,Dewey,Republican,45.27,9.11
DE,Delaware,1948,Dewey,Republican,50.04,Truman,Democrat,48.76,1.28
DE,Delaware,1952,Eisenhower,Republican,51.75,Stevenson,Democrat,47.88,3.87
DE,Delaware,1956,Eisenhower,Republican,55.09,Stevenson,Democrat,44.62,10.47
DE,Delaware,1960,Kennedy,Democrat,50.63,Nixon,Republican,49.0,1.63
DE,Delaware,1964,Johnson,Democrat,60.95,Goldwater,Republican,38.78,22.17
DE,Delaware,1968,Nixon,Republican,45.12,Humphrey,Democrat,41.61,3.51
DE,Delaware,1972,Nixon,Republican,59.6,McGovern,Democrat,39.18,20.42
DE,Delaware,1976,Carter,Democrat,51.97,Ford,Republican,46.59,5.38
DE,Delaware,1980,Reagan,Republican,47.21,Carter,Democrat,44.87,2.33
DE,Delaware,1984,Reagan,Republican,59.78,Mondale,Democrat,39.93,19.85
DE,Delaware,1988,Bush,Republican,55.88,Dukakis,Democrat,43.48,12.4
DE,Delaware,1992,Clinton,Democrat,43.52,Bush,Republican,35.33,8.2
DE,Delaware,1996,Clinton,Democrat,51.83,Dole,Republican,36.58,15.25
DE,Delaware,2000,Gore,Democrat,54.98,Bush,Republican,41.92,13.06
DE,Delaware,2004,Kerry,Democrat,53.35,Bush,Republican,45.75,7.59
DE,Delaware,2008,Obama,Democrat,61.94,McCain,Republican,36.95,25.0
DE,Delaware,2012,Obama,Democrat,58.61,Romney,Republican,39.98,18.63
DE,Delaware,2016,Clinton,Democrat,53.35,Trump,Republican,41.92,11.43
DE,Delaware,2020,Biden,Democrat,58.74,Trump,Republican,39.77,18.97
DE,Delaware,2024,Harris,Democrat,56.49,Trump,Republican,41.79,14.7
FL,Florida,1900,Bryan,Democrat,71.31,McKinley,Republican,18.55,52.76
FL,Florida,1904,Parker,Democrat,68.33,Roosevelt,Republican,21.48,46.85
FL,Florida,1908,Bryan,Democrat,63.01,Taft,Republican,21.58,41.43
FL,Florida,1912,Wilson,Democrat,69.52,Debs,Third party,9.45,60.07
FL,Florida,1916,Wilson,Democrat,69.34,Hughes,Republican,18.1,51.24
FL,Florida,1920,Cox,Democrat,62.13,Harding,Republican,30.79,31.34
FL,Florida,1924,Davis,Democrat,56.88,Coolidge,Republican,28.06,28.82
FL,Florida,1928,Hoover,Republican,56.83,Smith,Democrat,40.12,16.71
FL,Florida,1932,Roosevelt,Democrat,74.68,Hoover,Republican,25.04,49.64
FL,Florida,1936,Roosevelt,Democrat,76.1,Landon,Republican,23.9,52.2
FL,Florida,1940,Roosevelt,Democrat,74.01,Willkie,Republican,25.99,48.02
FL,Florida,1944,Roosevelt,Democrat,70.32,Dewey,Republican,29.68,40.64
FL,Florida,1948,Truman,Democrat,48.82,Dewey,Republican,33.63,15.19
FL,Florida,1952,Eisenhower,Republican,54.99,Stevenson,Democrat,44.97,10.02
FL,Florida,1956,Eisenhower,Republican,57.27,Stevenson,Democrat,42.73,14.54
FL,Florida,1960,Nixon,Republican,51.51,Kennedy,Democrat,48.49,3.02
FL,Florida,1964,Johnson,Democrat,51.15,Goldwater,Republican,48.85,2.3
FL,Florida,1968,Nixon,Republican,40.53,Humphrey,Democrat,30.93,9.6
FL,Florida,1972,Nixon,Republican,71.91,McGovern,Democrat,27.8,44.11
FL,Florida,1976,Carter,Democrat,51.93,Ford,Republican,46.64,5.28
FL,Florida,1980,Reagan,Republican,55.52,Carter,Democrat,38.5,17.02
FL,Florida,1984,Reagan,Republican,65.32,Mondale,Democrat,34.66,30.66
FL,Florida,1988,Bush,Republican,60.87,Dukakis,Democrat,38.51,22.36
FL,Florida,1992,Bush,Republican,40.9,Clinton,Democrat,38.99,1.91
FL,Florida,1996,Clinton,Democrat,48.03,Dole,Republican,42.32,5.7
FL,Florida,2000,Bush,Republican,48.85,Gore,Democrat,48.84,0.01
FL,Florida,2004,Bush,Republican,52.1,Kerry,Democrat,47.09,5.01
FL,Florida,2008,Obama,Democrat,51.03,McCain,Republican,48.22,2.82
FL,Florida,2012,Obama,Democrat,50.01,Romney,Republican,49.13,0.88
FL,Florida,2016,Trump,Republican,49.02,Clinton,Democrat,47.82,1.2
FL,Florida,2020,Trump,Republican,51.22,Biden,Democrat,47.86,3.36
FL,Florida,2024,Trump,Republican,56.09,Harris,Democrat,42.99,13.1
GA,Georgia,1900,Bryan,Democrat,66.86,McKinley,Republican,28.22,38.64
GA,Georgia,1904,Parker,Democrat,63.72,Roosevelt,Republican,18.33,45.39
GA,Georgia,1908,Bryan,Democrat,54.6,Taft,Republican,31.21,23.39
GA,Georgia,1912,Wilson,Democrat,76.63,Roosevelt,Third party,18.1,58.53
GA,Georgia,1916,Wilson,Democrat,79.51,Texas Regulars,Third party,12.88,66.63
GA,Georgia,1920,Cox,Democrat,72.28,Harding,Republican,27.72,44.56
GA,Georgia,1924,Davis,Democrat,73.96,Coolidge,Republican,18.19,55.77
GA,Georgia,1928,Smith,Democrat,56.56,Hoover,Republican,43.36,13.2
GA,Georgia,1932,Roosevelt,Democrat,91.6,Hoover,Republican,7.77,83.83
GA,Georgia,1936,Roosevelt,Democrat,87.1,Landon,Republican,12.6,74.5
GA,Georgia,1940,Roosevelt,Democrat,84.85,Willkie,Republican,14.83,70.02
GA,Georgia,1944,Roosevelt,Democrat,81.74,Dewey,Republican,18.25,63.49
GA,Georgia,1948,Truman,Democrat,60.8,Thurmond,Third party,20.33,40.47
GA,Georgia,1952,Stevenson,Democrat,69.66,Eisenhower,Republican,30.34,39.32
GA,Georgia,1956,Stevenson,Democrat,66.48,Eisenhower,Republican,32.65,33.83
GA,Georgia,1960,Kennedy,Democrat,62.54,Nixon,Republican,37.43,25.11
GA,Georgia,1964,Goldwater,Republican,54.12,Johnson,Democrat,45.87,8.25
GA,Georgia,1968,Wallace,Third party,42.83,Nixon,Republican,30.4,12.43
GA,Georgia,1972,Nixon,Republican,75.04,McGovern,Democrat,24.65,50.39
GA,Georgia,1976,Carter,Democrat,66.94,Ford,Republican,33.06,33.88
GA,Georgia,1980,Carter,Democrat,55.8,Reagan,Republican,40.97,14.83
GA,Georgia,1984,Reagan,Republican,60.17,Mondale,Democrat,39.79,20.39
GA,Georgia,1988,Bush,Republican,59.75,Dukakis,Democrat,39.5,20.25
GA,Georgia,1992,Clinton,Democrat,43.47,Bush,Republican,42.88,0.59
GA,Georgia,1996,Dole,Republican,47.02,Clinton,Democrat,45.84,1.17
GA,Georgia,2000,Bush,Republican,54.96,Gore,Democrat,43.21,11.75
GA,Georgia,2004,Bush,Republican,57.97,Kerry,Democrat,41.37,16.6
GA,Georgia,2008,McCain,Republican,52.2,Obama,Democrat,46.99,5.21
GA,Georgia,2012,Romney,Republican,53.33,Obama,Democrat,45.51,7.82
GA,Georgia,2016,Trump,Republican,50.77,Clinton,Democrat,45.64,5.13
GA,Georgia,2020,Biden,Democrat,49.47,Trump,Republican,49.24,0.24
GA,Georgia,2024,Trump,Republican,50.72,Harris,Democrat,48.53,2.19
HI,Hawaii,1960,Kennedy,Democrat,50.03,Nixon,Republican,49.97,0.06
HI,Hawaii,1964,Johnson,Democrat,78.76,Goldwater,Republican,21.24,57.52
HI,Hawaii,1968,Humphrey,Democrat,59.83,Nixon,Republican,38.7,21.13
HI,Hawaii,1972,Nixon,Republican,62.48,McGovern,Democrat,37.52,24.96
HI,Hawaii,1976,Carter,Democrat,50.59,Ford,Republican,48.06,2.53
HI,Hawaii,1980,Carter,Democrat,44.8,Reagan,Republican,42.9,1.9
HI,Hawaii,1984,Reagan,Republican,55.1,Mondale,Democrat,43.82,11.28
HI,Hawaii,1988,Dukakis,Democrat,54.27,Bush,Republican,44.75,9.52
HI,Hawaii,1992,Clinton,Democrat,48.09,Bush,Republican,36.7,11.4
HI,Hawaii,1996,Clinton,Democrat,56.93,Dole,Republican,31.64,25.29
HI,Hawaii,2000,Gore,Democrat,55.79,Bush,Republican,37.46,18.33
HI,Hawaii,2004,Kerry,Democrat,54.01,Bush,Republican,45.26,8.74
HI,Hawaii,2008,Obama,Democrat,71.45,McCain,Republican,26.44,45.02
HI,Hawaii,2012,Obama,Democrat,70.15,Romney,Republican,27.68,42.47
HI,Hawaii,2016,Clinton,Democrat,60.98,Trump,Republican,29.44,31.54
HI,Hawaii,2020,Biden,Democrat,63.15,Trump,Republican,33.95,29.19
HI,Hawaii,2024,Harris,Democrat,59.94,Trump,Republican,37.08,22.86
IA,Iowa,1900,McKinley,Republican,58.04,Bryan,Democrat,39.46,18.58
IA,Iowa,1904,Roosevelt,Republican,63.39,Parker,Democrat,30.71,32.68
IA,Iowa,1908,Taft,Republican,55.62,Bryan,Democrat,40.58,15.04
IA,Iowa,1912,Wilson,Democrat,37.64,Roosevelt,Third party,32.87,4.77
IA,Iowa,1916,Hughes,Republican,54.57,Wilson,Democrat,42.55,12.02
IA,Iowa,1920,Harding,Republican,70.91,Cox,Democrat,25.46,45.45
IA,Iowa,1924,Coolidge,Republican,55.03,La Follette,Third party,27.87,27.16
IA,Iowa,1928,Hoover,Republican,61.77,Smith,Democrat,37.57,24.2
IA,Iowa,1932,Roosevelt,Democrat,57.69,Hoover,Republican,39.98,17.71
IA,Iowa,1936,Roosevelt,Democrat,54.41,Landon,Republican,42.7,11.71
IA,Iowa,1940,Willkie,Republican,52.03,Roosevelt,Democrat,47.62,4.41
IA,Iowa,1944,Dewey,Republican,51.99,Roosevelt,Democrat,47.49,4.5
IA,Iowa,1948,Truman,Democrat,50.31,Dewey,Republican,47.58,2.73
IA,Iowa,1952,Eisenhower,Republican,63.75,Stevenson,Democrat,35.59,28.16
IA,Iowa,1956,Eisenhower,Republican,59.06,Stevenson,Democrat,40.65,18.41
IA,Iowa,1960,Nixon,Republican,56.71,Kennedy,Democrat,43.22,13.49
IA,Iowa,1964,Johnson,Democrat,61.88,Goldwater,Republican,37.92,23.96
IA,Iowa,1968,Nixon,Republican,53.01,Humphrey,Democrat,40.82,12.19
IA,Iowa,1972,Nixon,Republican,57.61,McGovern,Democrat,40.48,17.13
IA,Iowa,1976,Ford,Republican,49.47,Carter,Democrat,48.46,1.01
IA,Iowa,1980,Reagan,Republican,51.31,Carter,Democrat,38.6,12.7
IA,Iowa,1984,Reagan,Republican,53.27,Mondale,Democrat,45.89,7.39
IA,Iowa,1988,Dukakis,Democrat,54.71,Bush,Republican,44.5,10.22
IA,Iowa,1992,Clinton,Democrat,43.29,Bush,Republican,37.27,6.01
IA,Iowa,1996,Clinton,Democrat,50.26,Dole,Republican,39.92,10.34
IA,Iowa,2000,Gore,Democrat,47.19,Bush,Republican,46.89,0.31
IA,Iowa,2004,Bush,Republican,49.9,Kerry,Democrat,49.23,0.67
IA,Iowa,2008,Obama,Democrat,53.93,McCain,Republican,44.39,9.53
IA,Iowa,2012,Obama,Democrat,51.99,Romney,Republican,46.18,5.81
IA,Iowa,2016,Trump,Republican,51.16,Clinton,Democrat,41.75,9.41
IA,Iowa,2020,Trump,Republican,52.8,Biden,Democrat,44.65,8.15
IA,Iowa,2024,Trump,Republican,55.73,Harris,Democrat,42.52,13.21
ID,Idaho,1900,Bryan,Democrat,50.79,McKinley,Republican,46.96,3.83
ID,Idaho,1904,Roosevelt,Republican,65.84,Parker,Democrat,25.46,40.38
ID,Idaho,1908,Taft,Republican,54.09,Bryan,Democrat,37.17,16.92
ID,Idaho,1912,Wilson,Democrat,32.08,Taft,Republican,31.02,1.06
ID,Idaho,1916,Wilson,Democrat,52.04,Hughes,Republican,41.13,10.91
ID,Idaho,1920,Harding,Republican,65.6,Cox,Democrat,34.34,31.26
ID,Idaho,1924,Coolidge,Republican,47.12,La Follette,Third party,36.52,10.6
ID,Idaho,1928,Hoover,Republican,64.22,Smith,Democrat,34.93,29.29
ID,Idaho,1932,Roosevelt,Democrat,58.66,Hoover,Republican,38.27,20.39
ID,Idaho,1936,Roosevelt,Democrat,62.96,Landon,Republican,33.19,29.77
ID,Idaho,1940,Roosevelt,Democrat,54.36,Willkie,Republican,45.31,9.05
ID,Idaho,1944,Roosevelt,Democrat,51.55,Dewey,Republican,48.07,3.48
ID,Idaho,1948,Truman,Democrat,49.98,Dewey,Republican,47.26,2.72
ID,Idaho,1952,Eisenhower,Republican,65.42,Stevenson,Democrat,34.42,31.0
ID,Idaho,1956,Eisenhower,Republican,61.17,Stevenson,Democrat,38.78,22.39
ID,Idaho,1960,Nixon,Republican,53.78,Kennedy,Democrat,46.22,7.56
ID,Idaho,1964,Johnson,Democrat,50.92,Goldwater,Republican,49.08,1.84
ID,Idaho,1968,Nixon,Republican,56.79,Humphrey,Democrat,30.66,26.13
ID,Idaho,1972,Nixon,Republican,64.24,McGovern,Democrat,26.04,38.2
ID,Idaho,1976,Ford,Republican,59.88,Carter,Democrat,37.12,22.76
ID,Idaho,1980,Reagan,Republican,66.46,Carter,Democrat,25.19,41.27
ID,Idaho,1984,Reagan,Republican,72.36,Mondale,Democrat,26.39,45.97
ID,Idaho,1988,Bush,Republican,62.08,Dukakis,Democrat,36.01,26.07
ID,Idaho,1992,Bush,Republican,42.03,Clinton,Democrat,28.42,13.61
ID,Idaho,1996,Dole,Republican,52.18,Clinton,Democrat,33.65,18.54
ID,Idaho,2000,Bush,Republican,67.17,Gore,Democrat,27.64,39.53
ID,Idaho,2004,Bush,Republican,68.39,Kerry,Democrat,30.26,38.13
ID,Idaho,2008,McCain,Republican,61.52,Obama,Democrat,36.09,25.43
ID,Idaho,2012,Romney,Republican,64.53,Obama,Democrat,32.62,31.91
ID,Idaho,2016,Trump,Republican,59.26,Clinton,Democrat,27.49,31.77
ID,Idaho,2020,Trump,Republican,63.84,Biden,Democrat,33.07,30.77
ID,Idaho,2024,Trump,Republican,65.97,Harris,Democrat,29.97,36.0
IL,Illinois,1900,McKinley,Republican,52.83,Bryan,Democrat,44.44,8.39
IL,Illinois,1904,Roosevelt,Republican,58.77,Parker,Democrat,30.43,28.34
IL,Illinois,1908,Taft,Republican,54.53,Bryan,Democrat,39.02,15.51
IL,Illinois,1912,Wilson,Democrat,35.34,Roosevelt,Third party,33.72,1.62
IL,Illinois,1916,Hughes,Republican,52.56,Wilson,Democrat,43.34,9.22
IL,Illinois,1920,Harding,Republican,67.81,Cox,Democrat,25.51,42.3
IL,Illinois,1924,Coolidge,Republican,58.84,Davis,Democrat,23.36,35.48
IL,Illinois,1928,Hoover,Republican,56.93,Smith,Democrat,42.28,14.65
IL,Illinois,1932,Roosevelt,Democrat,55.23,Hoover,Republican,42.04,13.19
IL,Illinois,1936,Roosevelt,Democrat,57.7,Landon,Republican,39.69,18.01
IL,Illinois,1940,Roosevelt,Democrat,50.97,Willkie,Republican,48.54,2.43
IL,Illinois,1944,Roosevelt,Democrat,51.52,Dewey,Republican,48.05,3.47
IL,Illinois,1948,Truman,Democrat,50.07,Dewey,Republican,49.22,0.85
IL,Illinois,1952,Eisenhower,Republican,54.84,Stevenson,Democrat,44.94,9.9
IL,Illinois,1956,Eisenhower,Republican,59.52,Stevenson,Democrat,40.29,19.23
IL,Illinois,1960,Kennedy,Democrat,49.98,Nixon,Republican,49.8,0.18
IL,Illinois,1964,Johnson,Democrat,59.47,Goldwater,Republican,40.53,18.94
IL,Illinois,1968,Nixon,Republican,47.08,Humphrey,Democrat,44.15,2.93
IL,Illinois,1972,Nixon,Republican,59.03,McGovern,Democrat,40.51,18.52
IL,Illinois,1976,Ford,Republican,50.08,Carter,Democrat,48.11,1.97
IL,Illinois,1980,Reagan,Republican,49.65,Carter,Democrat,41.72,7.93
IL,Illinois,1984,Reagan,Republican,56.17,Mondale,Democrat,43.3,12.88
IL,Illinois,1988,Bush,Republican,50.69,Dukakis,Democrat,48.6,2.08
IL,Illinois,1992,Clinton,Democrat,48.58,Bush,Republican,34.34,14.24
IL,Illinois,1996,Clinton,Democrat,54.32,Dole,Republican,36.81,17.51
IL,Illinois,2000,Gore,Democrat,54.6,Bush,Republican,42.58,12.01
IL,Illinois,2004,Kerry,Democrat,54.82,Bush,Republican,44.48,10.34
IL,Illinois,2008,Obama,Democrat,61.92,McCain,Republican,36.78,25.14
IL,Illinois,2012,Obama,Democrat,57.6,Romney,Republican,40.73,16.87
IL,Illinois,2016,Clinton,Democrat,55.83,Trump,Republican,38.76,17.06
IL,Illinois,2020,Biden,Democrat,57.54,Trump,Republican,40.55,16.99
IL,Illinois,2024,Harris,Democrat,54.37,Trump,Republican,43.47,10.9
IN,Indiana,1900,McKinley,Republican,50.6,Bryan,Democrat,46.62,3.98
IN,Indiana,1904,Roosevelt,Republican,53.99,Parker,Democrat,40.22,13.77
IN,Indiana,1908,Taft,Republican,48.4,Bryan,Democrat,46.91,1.49
IN,Indiana,1912,Wilson,Democrat,43.07,Roosevelt,Third party,24.75,18.32
IN,Indiana,1916,Hughes,Republican,47.44,Wilson,Democrat,46.47,0.97
IN,Indiana,1920,Harding,Republican,55.14,Cox,Democrat,40.49,14.65
IN,Indiana,1924,Coolidge,Republican,55.25,Davis,Democrat,38.69,16.56
IN,Indiana,1928,Hoover,Republican,59.68,Smith,Democrat,39.59,20.09
IN,Indiana,1932,Roosevelt,Democrat,54.67,Hoover,Republican,42.94,11.73
IN,Indiana,1936,Roosevelt,Democrat,56.63,Landon,Republican,41.89,14.74
IN,Indiana,1940,Willkie,Republican,50.45,Roosevelt,Democrat,49.03,1.42
IN,Indiana,1944,Dewey,Republican,52.38,Roosevelt,Democrat,46.73,5.65
IN,Indiana,1948,Dewey,Republican,49.58,Truman,Democrat,48.78,0.8
IN,Indiana,1952,Eisenhower,Republican,58.11,Stevenson,Democrat,40.99,17.12
IN,Indiana,1956,Eisenhower,Republican,59.9,Stevenson,Democrat,39.7,20.2
IN,Indiana,1960,Nixon,Republican,55.03,Kennedy,Democrat,44.6,10.43
IN,Indiana,1964,Johnson,Democrat,55.98,Goldwater,Republican,43.56,12.42
IN,Indiana,1968,Nixon,Republican,50.29,Humphrey,Democrat,37.99,12.3
IN,Indiana,1972,Nixon,Republican,66.11,McGovern,Democrat,33.34,32.77
IN,Indiana,1976,Ford,Republican,53.32,Carter,Democrat,45.7,7.62
IN,Indiana,1980,Reagan,Republican,56.01,Carter,Democrat,37.65,18.35
IN,Indiana,1984,Reagan,Republican,61.67,Mondale,Democrat,37.68,23.99
IN,Indiana,1988,Bush,Republican,59.84,Dukakis,Democrat,39.69,20.16
IN,Indiana,1992,Bush,Republican,42.91,Clinton,Democrat,36.79,6.11
IN,Indiana,1996,Dole,Republican,47.14,Clinton,Democrat,41.56,5.59
IN,Indiana,2000,Bush,Republican,56.65,Gore,Democrat,41.01,15.63
IN,Indiana,2004,Bush,Republican,59.94,Kerry,Democrat,39.26,20.68
IN,Indiana,2008,Obama,Democrat,49.95,McCain,Republican,48.91,1.03
IN,Indiana,2012,Romney,Republican,54.13,Obama,Democrat,43.93,10.2
IN,Indiana,2016,Trump,Republican,56.94,Clinton,Democrat,37.77,19.17
IN,Indiana,2020,Trump,Republican,57.02,Biden,Democrat,40.96,16.06
IN,Indiana,2024,Trump,Republican,58.58,Harris,Democrat,39.62,18.96
KS,Kansas,1900,McKinley,Republican,52.56,Bryan,Democrat,45.96,6.6
KS,Kansas,1904,Roosevelt,Republican,64.81,Parker,Democrat,26.23,38.58
KS,Kansas,1908,Taft,Republican,52.46,Bryan,Democrat,42.88,9.58
KS,Kansas,1912,Wilson,Democrat,39.3,Roosevelt,Third party,32.88,6.42
KS,Kansas,1916,Wilson,Democrat,49.95,Hughes,Republican,44.09,5.86
KS,Kansas,1920,Harding,Republican,64.75,Cox,Democrat,32.52,32.23
KS,Kansas,1924,Coolidge,Republican,61.54,Davis,Democrat,23.6,37.94
KS,Kansas,1928,Hoover,Republican,72.02,Smith,Democrat,27.06,44.96
KS,Kansas,1932,Roosevelt,Democrat,53.56,Hoover,Republican,44.13,9.43
KS,Kansas,1936,Roosevelt,Democrat,53.67,Landon,Republican,45.95,7.72
KS,Kansas,1940,Willkie,Republican,56.86,Roosevelt,Democrat,42.4,14.46
KS,Kansas,1944,Dewey,Republican,60.25,Roosevelt,Democrat,39.18,21.07
KS,Kansas,1948,Dewey,Republican,53.63,Truman,Democrat,44.61,9.02
KS,Kansas,1952,Eisenhower,Republican,68.77,Stevenson,Democrat,30.5,38.27
KS,Kansas,1956,Eisenhower,Republican,65.44,Stevenson,Democrat,34.21,31.23
KS,Kansas,1960,Nixon,Republican,60.45,Kennedy,Democrat,39.1,21.35
KS,Kansas,1964,Johnson,Democrat,54.09,Goldwater,Republican,45.06,9.03
KS,Kansas,1968,Nixon,Republican,54.84,Humphrey,Democrat,34.72,20.12
KS,Kansas,1972,Nixon,Republican,67.66,McGovern,Democrat,29.5,38.16
KS,Kansas,1976,Ford,Republican,52.49,Carter,Democrat,44.94,7.55
KS,Kansas,1980,Reagan,Republican,57.85,Carter,Democrat,33.29,24.56
KS,Kansas,1984,Reagan,Republican,66.27,Mondale,Democrat,32.6,33.67
KS,Kansas,1988,Bush,Republican,55.79,Dukakis,Democrat,42.56,13.23
KS,Kansas,1992,Bush,Republican,38.88,Clinton,Democrat,33.74,5.14
KS,Kansas,1996,Dole,Republican,54.29,Clinton,Democrat,36.08,18.21
KS,Kansas,2000,Bush,Republican,58.04,Gore,Democrat,37.24,20.8
KS,Kansas,2004,Bush,Republican,62.0,Kerry,Democrat,36.62,25.38
KS,Kansas,2008,McCain,Republican,56.61,Obama,Democrat,41.65,14.96
KS,Kansas,2012,Romney,Republican,59.71,Obama,Democrat,37.99,21.72
KS,Kansas,2016,Trump,Republican,56.65,Clinton,Democrat,36.05,20.6
KS,Kansas,2020,Trump,Republican,56.21,Biden,Democrat,41.56,14.65
KS,Kansas,2024,Trump,Republican,57.16,Harris,Democrat,41.04,16.12
KY,Kentucky,1900,Bryan,Democrat,50.21,McKinley,Republican,48.51,1.7
KY,Kentucky,1904,Parker,Democrat,49.82,Roosevelt,Republican,47.13,2.69
KY,Kentucky,1908,Bryan,Democrat,49.74,Taft,Republican,48.03,1.71
KY,Kentucky,1912,Wilson,Democrat,48.48,Taft,Republican,25.52,22.96
KY,Kentucky,1916,Wilson,Democrat,51.91,Hughes,Republican,46.5,5.41
KY,Kentucky,1920,Cox,Democrat,49.69,Harding,Republican,49.25,0.44
KY,Kentucky,1924,Coolidge,Republican,48.93,Davis,Democrat,45.98,2.95
KY,Kentucky,1928,Hoover,Republican,59.33,Smith,Democrat,40.51,18.82
KY,Kentucky,1932,Roosevelt,Democrat,59.06,Hoover,Republican,40.15,18.91
KY,Kentucky,1936,Roosevelt,Democrat,58.51,Landon,Republican,39.92,18.59
KY,Kentucky,1940,Roosevelt,Democrat,57.44,Willkie,Republican,42.3,15.14
KY,Kentucky,1944,Roosevelt,Democrat,54.45,Dewey,Republican,45.22,9.23
KY,Kentucky,1948,Truman,Democrat,56.74,Dewey,Republican,41.48,15.26
KY,Kentucky,1952,Stevenson,Democrat,49.91,Eisenhower,Republican,49.84,0.07
KY,Kentucky,1956,Eisenhower,Republican,54.3,Stevenson,Democrat,45.21,9.09
KY,Kentucky,1960,Nixon,Republican,53.59,Kennedy,Democrat,46.41,7.18
KY,Kentucky,1964,Johnson,Democrat,64.01,Goldwater,Republican,35.65,28.36
KY,Kentucky,1968,Nixon,Republican,43.79,Humphrey,Democrat,37.65,6.14
KY,Kentucky,1972,Nixon,Republican,63.37,McGovern,Democrat,34.77,28.6
KY,Kentucky,1976,Carter,Democrat,52.75,Ford,Republican,45.57,7.19
KY,Kentucky,1980,Reagan,Republican,49.03,Carter,Democrat,47.65,1.38
KY,Kentucky,1984,Reagan,Republican,60.01,Mondale,Democrat,39.4,20.61
KY,Kentucky,1988,Bush,Republican,55.52,Dukakis,Democrat,43.88,11.64
KY,Kentucky,1992,Clinton,Democrat,44.55,Bush,Republican,41.34,3.21
KY,Kentucky,1996,Clinton,Democrat,45.84,Dole,Republican,44.88,0.96
KY,Kentucky,2000,Bush,Republican,56.51,Gore,Democrat,41.38,15.13
KY,Kentucky,2004,Bush,Republican,59.55,Kerry,Democrat,39.69,19.86
KY,Kentucky,2008,McCain,Republican,57.4,Obama,Democrat,41.17,16.23
KY,Kentucky,2012,Romney,Republican,60.49,Obama,Democrat,37.8,22.69
KY,Kentucky,2016,Trump,Republican,62.52,Clinton,Democrat,32.68,29.84
KY,Kentucky,2020,Trump,Republican,62.09,Biden,Democrat,36.15,25.94
KY,Kentucky,2024,Trump,Republican,64.47,Harris,Democrat,33.94,30.53
LA,Louisiana,1900,Bryan,Democrat,79.03,McKinley,Republican,20.96,58.07
LA,Louisiana,1904,Parker,Democrat,88.5,Roosevelt,Republican,9.66,78.84
LA,Louisiana,1908,Bryan,Democrat,84.63,Taft,Republican,11.93,72.7
LA,Louisiana,1912,Wilson,Democrat,76.81,Roosevelt,Third party,11.71,65.1
LA,Louisiana,1916,Wilson,Democrat,85.9,Hughes,Republican,6.95,78.95
LA,Louisiana,1920,Cox,Democrat,69.24,Harding,Republican,30.49,38.75
LA,Louisiana,1924,Davis,Democrat,76.44,Coolidge,Republican,20.23,56.21
LA,Louisiana,1928,Smith,Democrat,76.29,Hoover,Republican,23.7,52.59
LA,Louisiana,1932,Roosevelt,Democrat,92.79,Hoover,Republican,7.01,85.78
LA,Louisiana,1936,Roosevelt,Democrat,88.82,Landon,Republican,11.16,77.66
LA,Louisiana,1940,Roosevelt,Democrat,85.88,Willkie,Republican,14.09,71.79
LA,Louisiana,1944,Roosevelt,Democrat,80.59,Dewey,Republican,19.39,61.2
LA,Louisiana,1948,Thurmond,Third party,49.07,Truman,Democrat,32.75,16.32
LA,Louisiana,1952,Stevenson,Democrat,52.92,Eisenhower,Republican,47.08,5.84
LA,Louisiana,1956,Eisenhower,Republican,53.28,Stevenson,Democrat,39.51,13.77
LA,Louisiana,1960,Kennedy,Democrat,50.42,Nixon,Republican,28.59,21.83
LA,Louisiana,1964,Goldwater,Republican,56.81,Johnson,Democrat,43.19,13.62
LA,Louisiana,1968,Wallace,Third party,48.32,Humphrey,Democrat,28.21,20.11
LA,Louisiana,1972,Nixon,Republican,65.32,McGovern,Democrat,28.35,36.97
LA,Louisiana,1976,Carter,Democrat,51.77,Ford,Republican,45.99,5.79
LA,Louisiana,1980,Reagan,Republican,51.2,Carter,Democrat,45.75,5.45
LA,Louisiana,1984,Reagan,Republican,60.77,Mondale,Democrat,38.18,22.6
LA,Louisiana,1988,Bush,Republican,54.27,Dukakis,Democrat,44.06,10.21
LA,Louisiana,1992,Clinton,Democrat,45.58,Bush,Republican,40.97,4.61
LA,Louisiana,1996,Clinton,Democrat,52.01,Dole,Republican,39.94,12.07
LA,Louisiana,2000,Bush,Republican,52.55,Gore,Democrat,44.88,7.68
LA,Louisiana,2004,Bush,Republican,56.72,Kerry,Democrat,42.22,14.51
LA,Louisiana,2008,McCain,Republican,58.56,Obama,Democrat,39.93,18.63
LA,Louisiana,2012,Romney,Republican,57.78,Obama,Democrat,40.58,17.21
LA,Louisiana,2016,Trump,Republican,58.09,Clinton,Democrat,38.45,19.64
LA,Louisiana,2020,Trump,Republican,58.46,Biden,Democrat,39.85,18.61
LA,Louisiana,2024,Trump,Republican,60.22,Harris,Democrat,38.21,22.01
MA,Massachusetts,1900,McKinley,Republican,57.59,Bryan,Democrat,37.85,19.74
MA,Massachusetts,1904,Roosevelt,Republican,57.92,Parker,Democrat,37.24,20.68
MA,Massachusetts,1908,Taft,Republican,58.21,Bryan,Democrat,34.04,24.17
MA,Massachusetts,1912,Wilson,Democrat,35.53,Taft,Republican,31.95,3.58
MA,Massachusetts,1916,Hughes,Republican,50.54,Wilson,Democrat,46.61,3.93
MA,Massachusetts,1920,Harding,Republican,68.55,Cox,Democrat,27.84,40.71
MA,Massachusetts,1924,Coolidge,Republican,62.26,Davis,Democrat,24.86,37.4
MA,Massachusetts,1928,Smith,Democrat,50.24,Hoover,Republican,49.15,1.09
MA,Massachusetts,1932,Roosevelt,Democrat,50.64,Hoover,Republican,46.64,4.0
MA,Massachusetts,1936,Roosevelt,Democrat,51.22,Landon,Republican,41.76,9.46
MA,Massachusetts,1940,Roosevelt,Democrat,53.11,Willkie,Republican,46.36,6.75
MA,Massachusetts,1944,Roosevelt,Democrat,52.8,Dewey,Republican,46.99,5.81
MA,Massachusetts,1948,Truman,Democrat,54.66,Dewey,Republican,43.16,11.5
MA,Massachusetts,1952,Eisenhower,Republican,54.22,Stevenson,Democrat,45.46,8.76
MA,Massachusetts,1956,Eisenhower,Republican,59.32,Stevenson,Democrat,40.37,18.95
MA,Massachusetts,1960,Kennedy,Democrat,60.22,Nixon,Republican,39.55,20.67
MA,Massachusetts,1964,Johnson,Democrat,76.19,Goldwater,Republican,23.44,52.75
MA,Massachusetts,1968,Humphrey,Democrat,63.01,Nixon,Republican,32.89,30.12
MA,Massachusetts,1972,McGovern,Democrat,54.2,Nixon,Republican,45.23,8.97
MA,Massachusetts,1976,Carter,Democrat,56.11,Ford,Republican,40.44,15.67
MA,Massachusetts,1980,Reagan,Republican,41.9,Carter,Democrat,41.75,0.15
MA,Massachusetts,1984,Reagan,Republican,51.22,Mondale,Democrat,48.43,2.79
MA,Massachusetts,1988,Dukakis,Democrat,53.23,Bush,Republican,45.38,7.85
MA,Massachusetts,1992,Clinton,Democrat,47.54,Bush,Republican,29.02,18.52
MA,Massachusetts,1996,Clinton,Democrat,61.47,Dole,Republican,28.09,33.38
MA,Massachusetts,2000,Gore,Democrat,59.13,Bush,Republican,32.13,26.99
MA,Massachusetts,2004,Kerry,Democrat,61.62,Bush,Republican,36.59,25.03
MA,Massachusetts,2008,Obama,Democrat,61.36,McCain,Republican,35.73,25.63
MA,Massachusetts,2012,Obama,Democrat,60.34,Romney,Republican,37.32,23.02
MA,Massachusetts,2016,Clinton,Democrat,59.05,Trump,Republican,32.29,26.76
MA,Massachusetts,2020,Biden,Democrat,65.12,Trump,Republican,31.91,33.21
MA,Massachusetts,2024,Harris,Democrat,60.53,Trump,Republican,35.62,24.91
MD,Maryland,1900,McKinley,Republican,51.5,Bryan,Democrat,46.23,5.27
MD,Maryland,1904,Roosevelt,Republican,48.83,Parker,Democrat,48.81,0.02
MD,Maryland,1908,Taft,Republican,48.85,Bryan,Democrat,48.59,0.26
MD,Maryland,1912,Wilson,Democrat,48.57,Roosevelt,Third party,24.91,23.66
MD,Maryland,1916,Wilson,Democrat,52.8,Hughes,Republican,44.78,8.02
MD,Maryland,1920,Harding,Republican,55.11,Cox,Democrat,42.16,12.95
MD,Maryland,1924,Coolidge,Republican,45.29,Davis,Democrat,41.29,4.0
MD,Maryland,1928,Hoover,Republican,57.06,Smith,Democrat,42.33,14.73
MD,Maryland,1932,Roosevelt,Democrat,61.5,Hoover,Republican,36.04,25.46
MD,Maryland,1936,Roosevelt,Democrat,62.35,Landon,Republican,37.04,25.31
MD,Maryland,1940,Roosevelt,Democrat,58.25,Willkie,Republican,40.83,17.42
MD,Maryland,1944,Roosevelt,Democrat,51.85,Dewey,Republican,48.15,3.7
MD,Maryland,1948,Dewey,Republican,49.4,Truman,Democrat,48.01,1.39
MD,Maryland,1952,Eisenhower,Republican,55.36,Stevenson,Democrat,43.83,11.53
MD,Maryland,1956,Eisenhower,Republican,60.04,Stevenson,Democrat,39.96,20.08
MD,Maryland,1960,Kennedy,Democrat,53.61,Nixon,Republican,46.39,7.22
MD,Maryland,1964,Johnson,Democrat,65.47,Goldwater,Republican,34.53,30.94
MD,Maryland,1968,Humphrey,Democrat,43.59,Nixon,Republican,41.94,1.65
MD,Maryland,1972,Nixon,Republican,61.26,McGovern,Democrat,37.36,23.9
MD,Maryland,1976,Carter,Democrat,53.04,Ford,Republican,46.96,6.07
MD,Maryland,1980,Carter,Democrat,47.14,Reagan,Republican,44.18,2.96
MD,Maryland,1984,Reagan,Republican,52.51,Mondale,Democrat,47.02,5.49
MD,Maryland,1988,Bush,Republican,51.11,Dukakis,Democrat,48.2,2.91
MD,Maryland,1992,Clinton,Democrat,49.81,Bush,Republican,35.63,14.18
MD,Maryland,1996,Clinton,Democrat,54.25,Dole,Republican,38.27,15.99
MD,Maryland,2000,Gore,Democrat,56.49,Bush,Republican,40.18,16.3
MD,Maryland,2004,Kerry,Democrat,55.97,Bush,Republican,42.98,12.99
MD,Maryland,2008,Obama,Democrat,61.92,McCain,Republican,36.47,25.44
MD,Maryland,2012,Obama,Democrat,61.97,Romney,Republican,35.9,26.08
MD,Maryland,2016,Clinton,Democrat,60.33,Trump,Republican,33.92,26.41
MD,Maryland,2020,Biden,Democrat,65.36,Trump,Republican,32.15,33.21
MD,Maryland,2024,Harris,Democrat,62.62,Trump,Republican,34.08,28.54
ME,Maine,1900,McKinley,Republican,61.89,Bryan,Democrat,34.84,27.05
ME,Maine,1904,Roosevelt,Republican,67.44,Parker,Democrat,28.49,38.95
ME,Maine,1908,Taft,Republican,63.0,Bryan,Democrat,33.29,29.71
ME,Maine,1912,Wilson,Democrat,39.43,Roosevelt,Third party,37.41,2.02
ME,Maine,1916,Hughes,Republican,50.99,Wilson,Democrat,46.97,4.02
ME,Maine,1920,Harding,Republican,68.92,Cox,Democrat,29.8,39.12
ME,Maine,1924,Coolidge,Republican,72.03,Davis,Democrat,21.83,50.2
ME,Maine,1928,Hoover,Republican,68.63,Smith,Democrat,30.96,37.67
ME,Maine,1932,Hoover,Republican,55.83,Roosevelt,Democrat,43.19,12.64
ME,Maine,1936,Landon,Republican,55.49,Roosevelt,Democrat,41.52,13.97
ME,Maine,1940,Willkie,Republican,51.1,Roosevelt,Democrat,48.77,2.33
ME,Maine,1944,Dewey,Republican,52.44,Roosevelt,Democrat,47.45,4.99
ME,Maine,1948,Dewey,Republican,56.74,Truman,Democrat,42.27,14.47
ME,Maine,1952,Eisenhower,Republican,66.05,Stevenson,Democrat,33.77,32.28
ME,Maine,1956,Eisenhower,Republican,70.87,Stevenson,Democrat,29.13,41.74
ME,Maine,1960,Nixon,Republican,57.05,Kennedy,Democrat,42.95,14.1
ME,Maine,1964,Johnson,Democrat,68.84,Goldwater,Republican,31.16,37.68
ME,Maine,1968,Humphrey,Democrat,55.3,Nixon,Republican,43.07,12.23
ME,Maine,1972,Nixon,Republican,61.46,McGovern,Democrat,38.48,22.98
ME,Maine,1976,Ford,Republican,48.93,Carter,Democrat,48.09,0.84
ME,Maine,1980,Reagan,Republican,45.61,Carter,Democrat,42.25,3.36
ME,Maine,1984,Reagan,Republican,60.83,Mondale,Democrat,38.78,22.05
ME,Maine,1988,Bush,Republican,55.34,Dukakis,Democrat,43.88,11.45
ME,Maine,1992,Clinton,Democrat,38.77,Perot,Third party,30.44,8.33
ME,Maine,1996,Clinton,Democrat,51.62,Dole,Republican,30.76,20.86
ME,Maine,2000,Gore,Democrat,49.09,Bush,Republican,43.97,5.11
ME,Maine,2004,Kerry,Democrat,53.57,Bush,Republican,44.58,9.0
ME,Maine,2008,Obama,Democrat,57.71,McCain,Republican,40.38,17.32
ME,Maine,2012,Obama,Democrat,55.37,Romney,Republican,40.33,15.04
ME,Maine,2016,Clinton,Democrat,46.35,Trump,Republican,43.48,2.87
ME,Maine,2020,Biden,Democrat,52.53,Trump,Republican,43.55,8.97
ME,Maine,2024,Harris,Democrat,51.71,Trump,Republican,44.87,6.85
MI,Michigan,1900,McKinley,Republican,58.1,Bryan,Democrat,38.89,19.21
MI,Michigan,1904,Roosevelt,Republican,69.51,Parker,Democrat,25.79,43.72
MI,Michigan,1908,Taft,Republican,61.93,Bryan,Democrat,32.44,29.49
MI,Michigan,1912,Roosevelt,Third party,38.95,Taft,Republican,27.63,11.32
MI,Michigan,1916,Hughes,Republican,52.09,Wilson,Democrat,44.05,8.04
MI,Michigan,1920,Harding,Republican,72.76,Cox,Democrat,22.27,50.49
MI,Michigan,1924,Coolidge,Republican,75.37,Davis,Democrat,13.13,62.24
MI,Michigan,1928,Hoover,Republican,70.36,Smith,Democrat,28.92,41.44
MI,Michigan,1932,Roosevelt,Democrat,52.36,Hoover,Republican,44.44,7.92
MI,Michigan,1936,Roosevelt,Democrat,56.33,Landon,Republican,38.76,17.57
MI,Michigan,1940,Willkie,Republican,49.85,Roosevelt,Democrat,49.52,0.33
MI,Michigan,1944,Roosevelt,Democrat,50.19,Dewey,Republican,49.18,1.01
MI,Michigan,1948,Dewey,Republican,49.23,Truman,Democrat,47.57,1.66
MI,Michigan,1952,Eisenhower,Republican,55.44,Stevenson,Democrat,43.97,11.47
MI,Michigan,1956,Eisenhower,Republican,55.63,Stevenson,Democrat,44.15,11.48
MI,Michigan,1960,Kennedy,Democrat,50.85,Nixon,Republican,48.84,2.01
MI,Michigan,1964,Johnson,Democrat,66.7,Goldwater,Republican,33.1,33.6
MI,Michigan,1968,Humphrey,Democrat,48.18,Nixon,Republican,41.46,6.72
MI,Michigan,1972,Nixon,Republican,56.2,McGovern,Democrat,41.81,14.39
MI,Michigan,1976,Ford,Republican,51.86,Carter,Democrat,46.47,5.4
MI,Michigan,1980,Reagan,Republican,48.99,Carter,Democrat,42.5,6.49
MI,Michigan,1984,Reagan,Republican,59.23,Mondale,Democrat,40.24,18.99
MI,Michigan,1988,Bush,Republican,53.57,Dukakis,Democrat,45.67,7.9
MI,Michigan,1992,Clinton,Democrat,43.77,Bush,Republican,36.38,7.4
MI,Michigan,1996,Clinton,Democrat,51.69,Dole,Republican,38.48,13.21
MI,Michigan,2000,Gore,Democrat,51.28,Bush,Republican,46.15,5.13
MI,Michigan,2004,Kerry,Democrat,51.23,Bush,Republican,47.81,3.42
MI,Michigan,2008,Obama,Democrat,57.43,McCain,Republican,40.96,16.47
MI,Michigan,2012,Obama,Democrat,54.21,Romney,Republican,44.71,9.5
MI,Michigan,2016,Trump,Republican,47.5,Clinton,Democrat,47.27,0.22
MI,Michigan,2020,Biden,Democrat,50.62,Trump,Republican,47.84,2.78
MI,Michigan,2024,Trump,Republican,49.73,Harris,Democrat,48.31,1.41
MN,Minnesota,1900,McKinley,Republican,60.21,Bryan,Democrat,35.69,24.52
MN,Minnesota,1904,Roosevelt,Republican,73.98,Parker,Democrat,18.84,55.14
MN,Minnesota,1908,Taft,Republican,59.11,Bryan,Democrat,33.02,26.09
MN,Minnesota,1912,Roosevelt,Third party,37.66,Wilson,Democrat,31.84,5.82
MN,Minnesota,1916,Hughes,Republican,46.35,Wilson,Democrat,46.25,0.1
MN,Minnesota,1920,Harding,Republican,70.59,Cox,Democrat,19.43,51.16
MN,Minnesota,1924,Coolidge,Republican,51.18,La Follette,Third party,41.26,9.92
MN,Minnesota,1928,Hoover,Republican,57.77,Smith,Democrat,40.83,16.94
MN,Minnesota,1932,Roosevelt,Democrat,59.91,Hoover,Republican,36.29,23.62
MN,Minnesota,1936,Roosevelt,Democrat,61.84,Landon,Republican,31.01,30.83
MN,Minnesota,1940,Roosevelt,Democrat,51.49,Willkie,Republican,47.66,3.83
MN,Minnesota,1944,Roosevelt,Democrat,52.41,Dewey,Republican,46.86,5.55
MN,Minnesota,1948,Truman,Democrat,57.16,Dewey,Republican,39.89,17.27
MN,Minnesota,1952,Eisenhower,Republican,55.33,Stevenson,Democrat,44.11,11.22
MN,Minnesota,1956,Eisenhower,Republican,53.68,Stevenson,Democrat,46.08,7.6
MN,Minnesota,1960,Kennedy,Democrat,50.58,Nixon,Republican,49.16,1.42
MN,Minnesota,1964,Johnson,Democrat,63.76,Goldwater,Republican,36.0,27.76
MN,Minnesota,1968,Humphrey,Democrat,54.0,Nixon,Republican,41.46,12.54
MN,Minnesota,1972,Nixon,Republican,51.58,McGovern,Democrat,46.07,5.51
MN,Minnesota,1976,Carter,Democrat,54.9,Ford,Republican,42.02,12.87
MN,Minnesota,1980,Carter,Democrat,46.5,Reagan,Republican,42.56,3.94
MN,Minnesota,1984,Mondale,Democrat,49.72,Reagan,Republican,49.54,0.18
MN,Minnesota,1988,Dukakis,Democrat,52.91,Bush,Republican,45.9,7.02
MN,Minnesota,1992,Clinton,Democrat,43.48,Bush,Republican,31.85,11.63
MN,Minnesota,1996,Clinton,Democrat,51.1,Dole,Republican,34.96,16.15
MN,Minnesota,2000,Gore,Democrat,47.91,Bush,Republican,45.5,2.4
MN,Minnesota,2004,Kerry,Democrat,51.09,Bush,Republican,47.61,3.48
MN,Minnesota,2008,Obama,Democrat,54.06,McCain,Republican,43.82,10.24
MN,Minnesota,2012,Obama,Democrat,52.65,Romney,Republican,44.96,7.69
MN,Minnesota,2016,Clinton,Democrat,46.45,Trump,Republican,44.93,1.52
MN,Minnesota,2020,Biden,Democrat,52.4,Trump,Republican,45.28,7.11
MN,Minnesota,2024,Harris,Democrat,50.92,Trump,Republican,46.68,4.24
MO,Missouri,1900,Bryan,Democrat,51.48,McKinley,Republican,45.94,5.54
MO,Missouri,1904,Roosevelt,Republican,49.93,Parker,Democrat,46.02,3.91
MO,Missouri,1908,Taft,Republican,48.5,Bryan,Democrat,48.41,0.09
MO,Missouri,1912,Wilson,Democrat,47.35,Taft,Republican,29.75,17.6
MO,Missouri,1916,Wilson,Democrat,50.59,Hughes,Republican,46.94,3.65
MO,Missouri,1920,Harding,Republican,54.56,Cox,Democrat,43.13,11.43
MO,Missouri,1924,Coolidge,Republican,49.58,Davis,Democrat,43.79,5.79
MO,Missouri,1928,Hoover,Republican,55.58,Smith,Democrat,44.15,11.43
MO,Missouri,1932,Roosevelt,Democrat,63.69,Hoover,Republican,35.08,28.61
MO,Missouri,1936,Roosevelt,Democrat,60.76,Landon,Republican,38.16,22.6
MO,Missouri,1940,Roosevelt,Democrat,52.27,Willkie,Republican,47.5,4.77
MO,Missouri,1944,Roosevelt,Democrat,51.37,Dewey,Republican,48.43,2.94
MO,Missouri,1948,Truman,Democrat,58.11,Dewey,Republican,41.49,16.62
MO,Missouri,1952,Eisenhower,Republican,50.71,Stevenson,Democrat,49.14,1.57
MO,Missouri,1956,Stevenson,Democrat,50.11,Eisenhower,Republican,49.89,0.22
MO,Missouri,1960,Kennedy,Democrat,50.26,Nixon,Republican,49.74,0.52
MO,Missouri,1964,Johnson,Democrat,64.05,Goldwater,Republican,35.95,28.1
MO,Missouri,1968,Nixon,Republican,44.87,Humphrey,Democrat,43.74,1.13
MO,Missouri,1972,Nixon,Republican,62.29,McGovern,Democrat,37.71,24.58
MO,Missouri,1976,Carter,Democrat,51.1,Ford,Republican,47.47,3.63
MO,Missouri,1980,Reagan,Republican,51.16,Carter,Democrat,44.35,6.81
MO,Missouri,1984,Reagan,Republican,60.02,Mondale,Democrat,39.98,20.05
MO,Missouri,1988,Bush,Republican,51.83,Dukakis,Democrat,47.85,3.98
MO,Missouri,1992,Clinton,Democrat,44.07,Bush,Republican,33.92,10.15
MO,Missouri,1996,Clinton,Democrat,47.54,Dole,Republican,41.24,6.3
MO,Missouri,2000,Bush,Republican,50.42,Gore,Democrat,47.08,3.34
MO,Missouri,2004,Bush,Republican,53.3,Kerry,Democrat,46.1,7.2
MO,Missouri,2008,McCain,Republican,49.43,Obama,Democrat,49.29,0.13
MO,Missouri,2012,Romney,Republican,53.76,Obama,Democrat,44.38,9.38
MO,Missouri,2016,Trump,Republican,56.77,Clinton,Democrat,38.14,18.64
MO,Missouri,2020,Trump,Republican,56.8,Biden,Democrat,41.41,15.39
MO,Missouri,2024,Trump,Republican,58.49,Harris,Democrat,40.08,18.41
MS,Mississippi,1900,Bryan,Democrat,87.56,McKinley,Republican,9.66,77.9
MS,Mississippi,1904,Parker,Democrat,91.07,Roosevelt,Republican,5.59,85.48
MS,Mississippi,1908,Bryan,Democrat,90.11,Taft,Republican,6.52,83.59
MS,Mississippi,1912,Wilson,Democrat,88.9,Roosevelt,Third party,5.5,83.4
MS,Mississippi,1916,Wilson,Democrat,92.78,Hughes,Republican,4.91,87.87
MS,Mississippi,1920,Cox,Democrat,83.98,Harding,Republican,14.03,69.95
MS,Mississippi,1924,Davis,Democrat,89.34,Coolidge,Republican,7.55,81.79
MS,Mississippi,1928,Smith,Democrat,82.1,Hoover,Republican,17.9,64.2
MS,Mississippi,1932,Roosevelt,Democrat,95.98,Hoover,Republican,3.55,92.43
MS,Mississippi,1936,Roosevelt,Democrat,97.06,Landon,Republican,2.74,94.32
MS,Mississippi,1940,Roosevelt,Democrat,95.7,Willkie,Republican,4.19,91.51
MS,Mississippi,1944,Roosevelt,Democrat,93.56,Dewey,Republican,6.44,87.12
MS,Mississippi,1948,Thurmond,Third party,87.17,Truman,Democrat,10.09,77.08
MS,Mississippi,1952,Stevenson,Democrat,60.44,Eisenhower,Republican,39.56,20.88
MS,Mississippi,1956,Stevenson,Democrat,58.23,Eisenhower,Republican,24.46,33.77
MS,Mississippi,1960,Unpledged electors,Third party,38.99,Kennedy,Democrat,36.34,2.65
MS,Mississippi,1964,Goldwater,Republican,87.14,Johnson,Democrat,12.86,74.28
MS,Mississippi,1968,Wallace,Third party,63.46,Humphrey,Democrat,23.02,40.44
MS,Mississippi,1972,Nixon,Republican,78.2,McGovern,Democrat,19.63,58.57
MS,Mississippi,1976,Carter,Democrat,49.63,Ford,Republican,47.74,1.88
MS,Mississippi,1980,Reagan,Republican,49.46,Carter,Democrat,48.14,1.32
MS,Mississippi,1984,Reagan,Republican,61.88,Mondale,Democrat,37.42,24.46
MS,Mississippi,1988,Bush,Republican,59.89,Dukakis,Democrat,39.07,20.82
MS,Mississippi,1992,Bush,Republican,49.68,Clinton,Democrat,40.77,8.92
MS,Mississippi,1996,Dole,Republican,49.21,Clinton,Democrat,44.08,5.13
MS,Mississippi,2000,Bush,Republican,57.62,Gore,Democrat,40.7,16.92
MS,Mississippi,2004,Bush,Republican,59.01,Kerry,Democrat,40.16,18.85
MS,Mississippi,2008,McCain,Republican,56.18,Obama,Democrat,43.0,13.17
MS,Mississippi,2012,Romney,Republican,55.29,Obama,Democrat,43.79,11.5
MS,Mississippi,2016,Trump,Republican,57.94,Clinton,Democrat,40.11,17.83
MS,Mississippi,2020,Trump,Republican,57.6,Biden,Democrat,41.06,16.55
MS,Mississippi,2024,Trump,Republican,60.89,Harris,Democrat,38.0,22.89
MT,Montana,1900,Bryan,Democrat,58.43,McKinley,Republican,39.79,18.64
MT,Montana,1904,Roosevelt,Republican,54.21,Parker,Democrat,33.79,20.42
MT,Montana,1908,Taft,Republican,46.98,Bryan,Democrat,42.61,4.37
MT,Montana,1912,Wilson,Democrat,35.0,Roosevelt,Third party,28.13,6.87
MT,Montana,1916,Wilson,Democrat,56.88,Hughes,Republican,37.57,19.31
MT,Montana,1920,Harding,Republican,61.13,Cox,Democrat,32.05,29.08
MT,Montana,1924,Coolidge,Republican,42.5,La Follette,Third party,37.91,4.59
MT,Montana,1928,Hoover,Republican,58.37,Smith,Democrat,40.48,17.89
MT,Montana,1932,Roosevelt,Democrat,58.8,Hoover,Republican,36.07,22.73
MT,Montana,1936,Roosevelt,Democrat,69.28,Landon,Republican,27.59,41.69
MT,Montana,1940,Roosevelt,Democrat,58.78,Willkie,Republican,40.17,18.61
MT,Montana,1944,Roosevelt,Democrat,54.28,Dewey,Republican,44.93,9.35
MT,Montana,1948,Truman,Democrat,53.09,Dewey,Republican,43.15,9.94
MT,Montana,1952,Eisenhower,Republican,59.39,Stevenson,Democrat,40.07,19.32
MT,Montana,1956,Eisenhower,Republican,57.13,Stevenson,Democrat,42.87,14.26
MT,Montana,1960,Nixon,Republican,51.1,Kennedy,Democrat,48.6,2.5
MT,Montana,1964,Johnson,Democrat,58.95,Goldwater,Republican,40.57,18.38
MT,Montana,1968,Nixon,Republican,50.6,Humphrey,Democrat,41.59,9.01
MT,Montana,1972,Nixon,Republican,57.93,McGovern,Democrat,37.85,20.08
MT,Montana,1976,Ford,Republican,52.84,Carter,Democrat,45.4,7.44
MT,Montana,1980,Reagan,Republican,56.82,Carter,Democrat,32.43,24.39
MT,Montana,1984,Reagan,Republican,60.47,Mondale,Democrat,38.18,22.3
MT,Montana,1988,Bush,Republican,52.07,Dukakis,Democrat,46.2,5.87
MT,Montana,1992,Clinton,Democrat,37.63,Bush,Republican,35.12,2.51
MT,Montana,1996,Dole,Republican,44.13,Clinton,Democrat,41.25,2.88
MT,Montana,2000,Bush,Republican,58.44,Gore,Democrat,33.37,25.07
MT,Montana,2004,Bush,Republican,59.07,Kerry,Democrat,38.57,20.5
MT,Montana,2008,McCain,Republican,49.53,Obama,Democrat,47.27,2.26
MT,Montana,2012,Romney,Republican,55.35,Obama,Democrat,41.7,13.65
MT,Montana,2016,Trump,Republican,56.47,Clinton,Democrat,35.94,20.53
MT,Montana,2020,Trump,Republican,56.92,Biden,Democrat,40.55,16.37
MT,Montana,2024,Trump,Republican,58.39,Harris,Democrat,38.46,19.93
NC,North Carolina,1900,Bryan,Democrat,53.92,McKinley,Republican,45.47,8.45
NC,North Carolina,1904,Parker,Democrat,59.71,Roosevelt,Republican,39.67,20.04
NC,North Carolina,1908,Bryan,Democrat,54.22,Taft,Republican,45.49,8.73
NC,North Carolina,1912,Wilson,Democrat,59.24,Roosevelt,Third party,28.36,30.88
NC,North Carolina,1916,Wilson,Democrat,58.1,Hughes,Republican,41.71,16.39
NC,North Carolina,1920,Cox,Democrat,56.7,Harding,Republican,43.22,13.48
NC,North Carolina,1924,Davis,Democrat,58.89,Coolidge,Republican,39.73,19.16
NC,North Carolina,1928,Hoover,Republican,54.94,Smith,Democrat,45.06,9.88
NC,North Carolina,1932,Roosevelt,Democrat,69.93,Hoover,Republican,29.28,40.65
NC,North Carolina,1936,Roosevelt,Democrat,73.4,Landon,Republican,26.6,46.8
NC,North Carolina,1940,Roosevelt,Democrat,74.03,Willkie,Republican,25.97,48.06
NC,North Carolina,1944,Roosevelt,Democrat,66.71,Dewey,Republican,33.29,33.42
NC,North Carolina,1948,Truman,Democrat,58.02,Dewey,Republican,32.68,25.34
NC,North Carolina,1952,Stevenson,Democrat,53.91,Eisenhower,Republican,46.09,7.82
NC,North Carolina,1956,Stevenson,Democrat,50.66,Eisenhower,Republican,49.34,1.32
NC,North Carolina,1960,Kennedy,Democrat,52.11,Nixon,Republican,47.89,4.22
NC,North Carolina,1964,Johnson,Democrat,56.15,Goldwater,Republican,43.85,12.3
NC,North Carolina,1968,Nixon,Republican,39.51,Wallace,Third party,31.26,8.25
NC,North Carolina,1972,Nixon,Republican,69.46,McGovern,Democrat,28.89,40.57
NC,North Carolina,1976,Carter,Democrat,55.27,Ford,Republican,44.22,11.05
NC,North Carolina,1980,Reagan,Republican,49.3,Carter,Democrat,47.18,2.12
NC,North Carolina,1984,Reagan,Republican,61.9,Mondale,Democrat,37.89,24.0
NC,North Carolina,1988,Bush,Republican,57.97,Dukakis,Democrat,41.71,16.26
NC,North Carolina,1992,Bush,Republican,43.44,Clinton,Democrat,42.65,0.79
NC,North Carolina,1996,Dole,Republican,48.73,Clinton,Democrat,44.04,4.69
NC,North Carolina,2000,Bush,Republican,55.96,Gore,Democrat,43.15,12.81
NC,North Carolina,2004,Bush,Republican,56.02,Kerry,Democrat,43.58,12.43
NC,North Carolina,2008,Obama,Democrat,49.7,McCain,Republican,49.37,0.33
NC,North Carolina,2012,Romney,Republican,50.39,Obama,Democrat,48.35,2.04
NC,North Carolina,2016,Trump,Republican,49.83,Clinton,Democrat,46.17,3.66
NC,North Carolina,2020,Trump,Republican,49.93,Biden,Democrat,48.59,1.35
NC,North Carolina,2024,Trump,Republican,50.86,Harris,Democrat,47.65,3.21
ND,North Dakota,1900,McKinley,Republican,62.12,Bryan,Democrat,35.53,26.59
ND,North Dakota,1904,Roosevelt,Republican,75.12,Parker,Democrat,20.39,54.73
ND,North Dakota,1908,Taft,Republican,61.02,Bryan,Democrat,34.79,26.23
ND,North Dakota,1912,Wilson,Democrat,34.14,Roosevelt,Third party,29.71,4.43
ND,North Dakota,1916,Wilson,Democrat,47.84,Hughes,Republican,46.34,1.5
ND,North Dakota,1920,Harding,Republican,77.79,Cox,Democrat,18.19,59.6
ND,North Dakota,1924,Coolidge,Republican,47.68,La Follette,Third party,45.17,2.51
ND,North Dakota,1928,Hoover,Republican,54.8,Smith,Democrat,44.46,10.34
ND,North Dakota,1932,Roosevelt,Democrat,69.59,Hoover,Republican,28.0,41.59
ND,North Dakota,1936,Roosevelt,Democrat,59.6,Landon,Republican,26.58,33.02
ND,North Dakota,1940,Willkie,Republican,55.06,Roosevelt,Democrat,44.18,10.88
ND,North Dakota,1944,Dewey,Republican,53.84,Roosevelt,Democrat,45.48,8.36
ND,North Dakota,1948,Dewey,Republican,52.17,Truman,Democrat,43.41,8.76
ND,North Dakota,1952,Eisenhower,Republican,70.97,Stevenson,Democrat,28.39,42.58
ND,North Dakota,1956,Eisenhower,Republican,61.72,Stevenson,Democrat,38.09,23.63
ND,North Dakota,1960,Nixon,Republican,55.42,Kennedy,Democrat,44.52,10.9
ND,North Dakota,1964,Johnson,Democrat,57.97,Goldwater,Republican,41.88,16.09
ND,North Dakota,1968,Nixon,Republican,55.94,Humphrey,Democrat,38.23,17.71
ND,North Dakota,1972,Nixon,Republican,62.07,McGovern,Democrat,35.79,26.28
ND,North Dakota,1976,Ford,Republican,51.69,Carter,Democrat,45.77,5.92
ND,North Dakota,1980,Reagan,Republican,64.33,Carter,Democrat,26.3,38.03
ND,North Dakota,1984,Reagan,Republican,64.84,Mondale,Democrat,33.8,31.04
ND,North Dakota,1988,Bush,Republican,56.03,Dukakis,Democrat,42.97,13.06
ND,North Dakota,1992,Bush,Republican,44.22,Clinton,Democrat,32.18,12.03
ND,North Dakota,1996,Dole,Republican,46.94,Clinton,Democrat,40.13,6.81
ND,North Dakota,2000,Bush,Republican,60.66,Gore,Democrat,33.06,27.6
ND,North Dakota,2004,Bush,Republican,62.86,Kerry,Democrat,35.5,27.36
ND,North Dakota,2008,McCain,Republican,53.25,Obama,Democrat,44.62,8.63
ND,North Dakota,2012,Romney,Republican,58.32,Obama,Democrat,38.7,19.62
ND,North Dakota,2016,Trump,Republican,62.96,Clinton,Democrat,27.23,35.73
ND,North Dakota,2020,Trump,Republican,65.11,Biden,Democrat,31.76,33.36
ND,North Dakota,2024,Trump,Republican,66.96,Harris,Democrat,30.51,36.45
NE,Nebraska,1900,McKinley,Republican,50.46,Bryan,Democrat,47.22,3.24
NE,Nebraska,1904,Roosevelt,Republican,61.38,Parker,Democrat,23.44,37.94
NE,Nebraska,1908,Bryan,Democrat,49.14,Taft,Republican,47.6,1.54
NE,Nebraska,1912,Wilson,Democrat,43.69,Roosevelt,Third party,29.13,14.56
NE,Nebraska,1916,Wilson,Democrat,55.28,Hughes,Republican,40.99,14.29
NE,Nebraska,1920,Harding,Republican,64.66,Cox,Democrat,31.25,33.41
NE,Nebraska,1924,Coolidge,Republican,47.09,Davis,Democrat,29.58,17.51
NE,Nebraska,1928,Hoover,Republican,63.19,Smith,Democrat,36.18,27.01
NE,Nebraska,1932,Roosevelt,Democrat,62.98,Hoover,Republican,35.29,27.69
NE,Nebraska,1936,Roosevelt,Democrat,57.14,Landon,Republican,40.74,16.4
NE,Nebraska,1940,Willkie,Republican,57.19,Roosevelt,Democrat,42.81,14.38
NE,Nebraska,1944,Dewey,Republican,58.58,Roosevelt,Democrat,41.42,17.16
NE,Nebraska,1948,Dewey,Republican,54.15,Truman,Democrat,45.85,8.3
NE,Nebraska,1952,Eisenhower,Republican,69.15,Stevenson,Democrat,30.85,38.3
NE,Nebraska,1956,Eisenhower,Republican,65.51,Stevenson,Democrat,34.49,31.02
NE,Nebraska,1960,Nixon,Republican,62.07,Kennedy,Democrat,37.93,24.14
NE,Nebraska,1964,Johnson,Democrat,52.61,Goldwater,Republican,47.39,5.22
NE,Nebraska,1968,Nixon,Republican,59.82,Humphrey,Democrat,31.81,28.01
NE,Nebraska,1972,Nixon,Republican,70.5,McGovern,Democrat,29.5,41.0
NE,Nebraska,1976,Ford,Republican,59.2,Carter,Democrat,38.45,20.75
NE,Nebraska,1980,Reagan,Republican,65.55,Carter,Democrat,26.02,39.53
NE,Nebraska,1984,Reagan,Republican,70.55,Mondale,Democrat,28.81,41.74
NE,Nebraska,1988,Bush,Republican,60.16,Dukakis,Democrat,39.19,20.97
NE,Nebraska,1992,Bush,Republican,46.6,Clinton,Democrat,29.4,17.19
NE,Nebraska,1996,Dole,Republican,53.65,Clinton,Democrat,34.95,18.7
NE,Nebraska,2000,Bush,Republican,62.25,Gore,Democrat,33.25,28.99
NE,Nebraska,2004,Bush,Republican,65.9,Kerry,Democrat,32.68,33.22
NE,Nebraska,2008,McCain,Republican,56.53,Obama,Democrat,41.6,14.93
NE,Nebraska,2012,Romney,Republican,59.8,Obama,Democrat,38.03,21.78
NE,Nebraska,2016,Trump,Republican,58.75,Clinton,Democrat,33.7,25.05
NE,Nebraska,2020,Trump,Republican,58.22,Biden,Democrat,39.17,19.06
NE,Nebraska,2024,Trump,Republican,59.32,Harris,Democrat,38.86,20.46
NH,New Hampshire,1900,McKinley,Republican,59.33,Bryan,Democrat,38.42,20.91
NH,New Hampshire,1904,Roosevelt,Republican,60.07,Parker,Democrat,37.79,22.28
NH,New Hampshire,1908,Taft,Republican,59.32,Bryan,Democrat,37.56,21.76
NH,New Hampshire,1912,Wilson,Democrat,39.48,Taft,Republican,37.43,2.05
NH,New Hampshire,1916,Wilson,Democrat,49.12,Hughes,Republican,49.06,0.06
NH,New Hampshire,1920,Harding,Republican,59.84,Cox,Democrat,39.39,20.45
NH,New Hampshire,1924,Coolidge,Republican,59.83,Davis,Democrat,34.72,25.11
NH,New Hampshire,1928,Hoover,Republican,58.65,Smith,Democrat,41.02,17.63
NH,New Hampshire,1932,Hoover,Republican,50.42,Roosevelt,Democrat,48.99,1.43
NH,New Hampshire,1936,Roosevelt,Democrat,49.73,Landon,Republican,47.98,1.75
NH,New Hampshire,1940,Roosevelt,Democrat,53.22,Willkie,Republican,46.78,6.44
NH,New Hampshire,1944,Roosevelt,Democrat,52.11,Dewey,Republican,47.87,4.24
NH,New Hampshire,1948,Dewey,Republican,52.41,Truman,Democrat,46.66,5.75
NH,New Hampshire,1952,Eisenhower,Republican,60.92,Stevenson,Democrat,39.08,21.84
NH,New Hampshire,1956,Eisenhower,Republican,66.11,Stevenson,Democrat,33.84,32.27
NH,New Hampshire,1960,Nixon,Republican,53.42,Kennedy,Democrat,46.58,6.84
NH,New Hampshire,1964,Johnson,Democrat,63.89,Goldwater,Republican,36.11,27.78
NH,New Hampshire,1968,Nixon,Republican,52.1,Humphrey,Democrat,43.93,8.17
NH,New Hampshire,1972,Nixon,Republican,63.98,McGovern,Democrat,34.86,29.12
NH,New Hampshire,1976,Ford,Republican,54.75,Carter,Democrat,43.47,11.27
NH,New Hampshire,1980,Reagan,Republican,57.74,Carter,Democrat,28.35,29.39
NH,New Hampshire,1984,Reagan,Republican,68.67,Mondale,Democrat,30.95,37.72
NH,New Hampshire,1988,Bush,Republican,62.49,Dukakis,Democrat,36.33,26.16
NH,New Hampshire,1992,Clinton,Democrat,38.91,Bush,Republican,37.69,1.22
NH,New Hampshire,1996,Clinton,Democrat,49.57,Dole,Republican,39.57,10.0
NH,New Hampshire,2000,Bush,Republican,48.07,Gore,Democrat,46.8,1.27
NH,New Hampshire,2004,Kerry,Democrat,50.2,Bush,Republican,48.83,1.37
NH,New Hampshire,2008,Obama,Democrat,54.13,McCain,Republican,44.52,9.61
NH,New Hampshire,2012,Obama,Democrat,51.98,Romney,Republican,46.4,5.58
NH,New Hampshire,2016,Clinton,Democrat,46.83,Trump,Republican,46.46,0.37
NH,New Hampshire,2020,Biden,Democrat,52.71,Trump,Republican,45.36,7.35
NH,New Hampshire,2024,Harris,Democrat,50.36,Trump,Republican,47.59,2.76
NJ,New Jersey,1900,McKinley,Republican,55.28,Bryan,Democrat,41.09,14.19
NJ,New Jersey,1904,Roosevelt,Republican,56.68,Parker,Democrat,38.05,18.63
NJ,New Jersey,1908,Taft,Republican,56.8,Bryan,Democrat,39.07,17.73
NJ,New Jersey,1912,Wilson,Democrat,41.2,Roosevelt,Third party,33.6,7.6
NJ,New Jersey,1916,Hughes,Republican,54.4,Wilson,Democrat,42.68,11.72
NJ,New Jersey,1920,Harding,Republican,67.65,Cox,Democrat,28.42,39.23
NJ,New Jersey,1924,Coolidge,Republican,62.17,Davis,Democrat,27.41,34.76
NJ,New Jersey,1928,Hoover,Republican,59.77,Smith,Democrat,39.8,19.97
NJ,New Jersey,1932,Roosevelt,Democrat,49.49,Hoover,Republican,47.59,1.9
NJ,New Jersey,1936,Roosevelt,Democrat,59.54,Landon,Republican,39.57,19.97
NJ,New Jersey,1940,Roosevelt,Democrat,51.48,Willkie,Republican,47.86,3.62
NJ,New Jersey,1944,Roosevelt,Democrat,50.31,Dewey,Republican,48.95,1.36
NJ,New Jersey,1948,Dewey,Republican,50.33,Truman,Democrat,45.93,4.4
NJ,New Jersey,1952,Eisenhower,Republican,56.81,Stevenson,Democrat,41.99,14.82
NJ,New Jersey,1956,Eisenhower,Republican,64.68,Stevenson,Democrat,34.23,30.45
NJ,New Jersey,1960,Kennedy,Democrat,49.96,Nixon,Republican,49.16,0.8
NJ,New Jersey,1964,Johnson,Democrat,65.61,Goldwater,Republican,33.86,31.75
NJ,New Jersey,1968,Nixon,Republican,46.1,Humphrey,Democrat,43.97,2.13
NJ,New Jersey,1972,Nixon,Republican,61.57,McGovern,Democrat,36.77,24.8
NJ,New Jersey,1976,Ford,Republican,50.08,Carter,Democrat,47.92,2.16
NJ,New Jersey,1980,Reagan,Republican,51.97,Carter,Democrat,38.56,13.42
NJ,New Jersey,1984,Reagan,Republican,60.09,Mondale,Democrat,39.2,20.89
NJ,New Jersey,1988,Bush,Republican,56.24,Dukakis,Democrat,42.6,13.64
NJ,New Jersey,1992,Clinton,Democrat,42.95,Bush,Republican,40.58,2.37
NJ,New Jersey,1996,Clinton,Democrat,53.72,Dole,Republican,35.86,17.86
NJ,New Jersey,2000,Gore,Democrat,56.13,Bush,Republican,40.29,15.83
NJ,New Jersey,2004,Kerry,Democrat,52.92,Bush,Republican,46.24,6.68
NJ,New Jersey,2008,Obama,Democrat,57.27,McCain,Republican,41.7,15.57
NJ,New Jersey,2012,Obama,Democrat,58.34,Romney,Republican,40.62,17.72
NJ,New Jersey,2016,Clinton,Democrat,55.45,Trump,Republican,41.35,14.1
NJ,New Jersey,2020,Biden,Democrat,57.33,Trump,Republican,41.4,15.94
NJ,New Jersey,2024,Harris,Democrat,51.97,Trump,Republican,46.06,5.91
NM,New Mexico,1912,Wilson,Democrat,41.39,Taft,Republican,35.91,5.48
NM,New Mexico,1916,Wilson,Democrat,50.2,Hughes,Republican,46.64,3.56
NM,New Mexico,1920,Harding,Republican,54.68,Cox,Democrat,44.27,10.41
NM,New Mexico,1924,Coolidge,Republican,48.52,Davis,Democrat,43.02,5.5
NM,New Mexico,1928,Hoover,Republican,59.01,Smith,Democrat,40.85,18.16
NM,New Mexico,1932,Roosevelt,Democrat,62.72,Hoover,Republican,35.76,26.96
NM,New Mexico,1936,Roosevelt,Democrat,62.69,Landon,Republican,36.5,26.19
NM,New Mexico,1940,Roosevelt,Democrat,56.59,Willkie,Republican,43.28,13.31
NM,New Mexico,1944,Roosevelt,Democrat,53.47,Dewey,Republican,46.44,7.03
NM,New Mexico,1948,Truman,Democrat,56.38,Dewey,Republican,42.93,13.45
NM,New Mexico,1952,Eisenhower,Republican,55.39,Stevenson,Democrat,44.28,11.11
NM,New Mexico,1956,Eisenhower,Republican,57.81,Stevenson,Democrat,41.78,16.03
NM,New Mexico,1960,Kennedy,Democrat,50.15,Nixon,Republican,49.41,0.74
NM,New Mexico,1964,Johnson,Democrat,59.22,Goldwater,Republican,40.24,18.98
NM,New Mexico,1968,Nixon,Republican,51.85,Humphrey,Democrat,39.75,12.1
NM,New Mexico,1972,Nixon,Republican,61.05,McGovern,Democrat,36.56,24.49
NM,New Mexico,1976,Ford,Republican,50.75,Carter,Democrat,48.28,2.47
NM,New Mexico,1980,Reagan,Republican,54.97,Carter,Democrat,36.78,18.18
NM,New Mexico,1984,Reagan,Republican,59.7,Mondale,Democrat,39.23,20.48
NM,New Mexico,1988,Bush,Republican,51.85,Dukakis,Democrat,46.89,4.96
NM,New Mexico,1992,Clinton,Democrat,45.9,Bush,Republican,37.34,8.56
NM,New Mexico,1996,Clinton,Democrat,49.18,Dole,Republican,41.86,7.33
NM,New Mexico,2000,Gore,Democrat,47.91,Bush,Republican,47.85,0.06
NM,New Mexico,2004,Bush,Republican,49.84,Kerry,Democrat,49.05,0.79
NM,New Mexico,2008,Obama,Democrat,56.91,McCain,Republican,41.78,15.13
NM,New Mexico,2012,Obama,Democrat,52.99,Romney,Republican,42.84,10.15
NM,New Mexico,2016,Clinton,Democrat,48.26,Trump,Republican,40.04,8.21
NM,New Mexico,2020,Biden,Democrat,54.29,Trump,Republican,43.5,10.79
NM,New Mexico,2024,Harris,Democrat,51.85,Trump,Republican,45.85,6.0
NV,Nevada,1900,Bryan,Democrat,62.25,McKinley,Republican,37.75,24.5
NV,Nevada,1904,Roosevelt,Republican,56.66,Parker,Democrat,32.87,23.79
NV,Nevada,1908,Bryan,Democrat,45.71,Taft,Republican,43.93,1.78
NV,Nevada,1912,Wilson,Democrat,39.7,Roosevelt,Third party,27.94,11.76
NV,Nevada,1916,Wilson,Democrat,53.36,Hughes,Republican,36.4,16.96
NV,Nevada,1920,Harding,Republican,56.92,Cox,Democrat,36.22,20.7
NV,Nevada,1924,Coolidge,Republican,41.76,La Follette,Third party,36.29,5.47
NV,Nevada,1928,Hoover,Republican,56.54,Smith,Democrat,43.46,13.08
NV,Nevada,1932,Roosevelt,Democrat,69.41,Hoover,Republican,30.59,38.82
NV,Nevada,1936,Roosevelt,Democrat,72.81,Landon,Republican,27.19,45.62
NV,Nevada,1940,Roosevelt,Democrat,60.08,Willkie,Republican,39.92,20.16
NV,Nevada,1944,Roosevelt,Democrat,54.62,Dewey,Republican,45.38,9.24
NV,Nevada,1948,Truman,Democrat,50.37,Dewey,Republican,47.26,3.11
NV,Nevada,1952,Eisenhower,Republican,61.45,Stevenson,Democrat,38.55,22.9
NV,Nevada,1956,Eisenhower,Republican,57.97,Stevenson,Democrat,42.03,15.94
NV,Nevada,1960,Kennedy,Democrat,51.16,Nixon,Republican,48.84,2.32
NV,Nevada,1964,Johnson,Democrat,58.58,Goldwater,Republican,41.42,17.16
NV,Nevada,1968,Nixon,Republican,47.46,Humphrey,Democrat,39.29,8.17
NV,Nevada,1972,Nixon,Republican,63.68,McGovern,Democrat,36.32,27.36
NV,Nevada,1976,Ford,Republican,50.17,Carter,Democrat,45.81,4.36
NV,Nevada,1980,Reagan,Republican,63.61,Carter,Democrat,27.36,36.26
NV,Nevada,1984,Reagan,Republican,66.77,Mondale,Democrat,32.42,34.35
NV,Nevada,1988,Bush,Republican,60.05,Dukakis,Democrat,38.68,21.36
NV,Nevada,1992,Clinton,Democrat,37.36,Bush,Republican,34.73,2.63
NV,Nevada,1996,Clinton,Democrat,43.93,Dole,Republican,42.91,1.02
NV,Nevada,2000,Bush,Republican,49.49,Gore,Democrat,45.94,3.54
NV,Nevada,2004,Bush,Republican,50.47,Kerry,Democrat,47.88,2.59
NV,Nevada,2008,Obama,Democrat,55.15,McCain,Republican,42.65,12.49
NV,Nevada,2012,Obama,Democrat,52.36,Romney,Republican,45.68,6.68
NV,Nevada,2016,Clinton,Democrat,47.92,Trump,Republican,45.5,2.42
NV,Nevada,2020,Biden,Democrat,50.06,Trump,Republican,47.67,2.39
NV,Nevada,2024,Trump,Republican,50.59,Harris,Democrat,47.49,3.1
NY,New York,1900,McKinley,Republican,53.1,Bryan,Democrat,43.83,9.27
NY,New York,1904,Roosevelt,Republican,53.13,Parker,Democrat,42.28,10.85
NY,New York,1908,Taft,Republican,53.11,Bryan,Democrat,40.74,12.37
NY,New York,1912,Wilson,Democrat,41.27,Taft,Republican,28.68,12.59
NY,New York,1916,Hughes,Republican,51.53,Wilson,Democrat,44.51,7.02
NY,New York,1920,Harding,Republican,64.56,Cox,Democrat,26.95,37.61
NY,New York,1924,Coolidge,Republican,55.76,Davis,Democrat,29.13,26.63
NY,New York,1928,Hoover,Republican,49.79,Smith,Democrat,47.44,2.35
NY,New York,1932,Roosevelt,Democrat,54.07,Hoover,Republican,41.33,12.74
NY,New York,1936,Roosevelt,Democrat,58.85,Landon,Republican,38.97,19.88
NY,New York,1940,Roosevelt,Democrat,51.6,Willkie,Republican,48.04,3.56
NY,New York,1944,Roosevelt,Democrat,52.31,Dewey,Republican,47.3,5.01
NY,New York,1948,Dewey,Republican,45.99,Truman,Democrat,45.01,0.98
NY,New York,1952,Eisenhower,Republican,55.45,Stevenson,Democrat,43.55,11.9
NY,New York,1956,Eisenhower,Republican,61.19,Stevenson,Democrat,38.78,22.41
NY,New York,1960,Kennedy,Democrat,52.53,Nixon,Republican,47.27,5.26
NY,New York,1964,Johnson,Democrat,68.56,Goldwater,Republican,31.31,37.25
NY,New York,1968,Humphrey,Democrat,49.76,Nixon,Republican,44.3,5.46
NY,New York,1972,Nixon,Republican,58.54,McGovern,Democrat,41.21,17.33
NY,New York,1976,Carter,Democrat,50.83,Ford,Republican,46.5,4.33
NY,New York,1980,Reagan,Republican,46.66,Carter,Democrat,43.99,2.67
NY,New York,1984,Reagan,Republican,53.84,Mondale,Democrat,45.83,8.01
NY,New York,1988,Dukakis,Democrat,51.62,Bush,Republican,47.52,4.1
NY,New York,1992,Clinton,Democrat,48.65,Bush,Republican,33.15,15.51
NY,New York,1996,Clinton,Democrat,58.33,Dole,Republican,30.03,28.31
NY,New York,2000,Gore,Democrat,59.02,Bush,Republican,34.53,24.49
NY,New York,2004,Kerry,Democrat,57.92,Bush,Republican,39.78,18.15
NY,New York,2008,Obama,Democrat,62.22,McCain,Republican,35.65,26.58
NY,New York,2012,Obama,Democrat,62.84,Romney,Republican,34.92,27.91
NY,New York,2016,Clinton,Democrat,58.4,Trump,Republican,36.14,22.26
NY,New York,2020,Biden,Democrat,60.39,Trump,Republican,37.46,22.93
NY,New York,2024,Harris,Democrat,55.11,Trump,Republican,42.7,12.41
OH,Ohio,1900,McKinley,Republican,52.3,Bryan,Democrat,45.66,6.64
OH,Ohio,1904,Roosevelt,Republican,59.75,Parker,Democrat,34.32,25.43
OH,Ohio,1908,Taft,Republican,51.03,Bryan,Democrat,44.82,6.21
OH,Ohio,1912,Wilson,Democrat,40.96,Taft,Republican,26.82,14.14
OH,Ohio,1916,Wilson,Democrat,51.86,Hughes,Republican,44.18,7.68
OH,Ohio,1920,Harding,Republican,58.47,Cox,Democrat,38.58,19.89
OH,Ohio,1924,Coolidge,Republican,58.33,Davis,Democrat,23.7,34.63
OH,Ohio,1928,Hoover,Republican,64.89,Smith,Democrat,34.45,30.44
OH,Ohio,1932,Roosevelt,Democrat,49.88,Hoover,Republican,47.03,2.85
OH,Ohio,1936,Roosevelt,Democrat,57.99,Landon,Republican,37.44,20.55
OH,Ohio,1940,Roosevelt,Democrat,52.2,Willkie,Republican,47.8,4.4
OH,Ohio,1944,Dewey,Republican,50.18,Roosevelt,Democrat,49.82,0.36
OH,Ohio,1948,Truman,Democrat,49.48,Dewey,Republican,49.24,0.24
OH,Ohio,1952,Eisenhower,Republican,56.76,Stevenson,Democrat,43.24,13.52
OH,Ohio,1956,Eisenhower,Republican,61.11,Stevenson,Democrat,38.89,22.22
OH,Ohio,1960,Nixon,Republican,53.28,Kennedy,Democrat,46.72,6.56
OH,Ohio,1964,Johnson,Democrat,62.94,Goldwater,Republican,37.06,25.88
OH,Ohio,1968,Nixon,Republican,45.23,Humphrey,Democrat,42.95,2.28
OH,Ohio,1972,Nixon,Republican,59.63,McGovern,Democrat,38.07,21.56
OH,Ohio,1976,Carter,Democrat,48.9,Ford,Republican,48.67,0.23
OH,Ohio,1980,Reagan,Republican,51.51,Carter,Democrat,40.91,10.6
OH,Ohio,1984,Reagan,Republican,58.7,Mondale,Democrat,40.0,18.7
OH,Ohio,1988,Bush,Republican,55.0,Dukakis,Democrat,44.15,10.85
OH,Ohio,1992,Clinton,Democrat,40.18,Bush,Republican,38.35,1.83
OH,Ohio,1996,Clinton,Democrat,47.38,Dole,Republican,41.02,6.36
OH,Ohio,2000,Bush,Republican,49.99,Gore,Democrat,46.44,3.55
OH,Ohio,2004,Bush,Republican,50.81,Kerry,Democrat,48.71,2.11
OH,Ohio,2008,Obama,Democrat,51.5,McCain,Republican,46.91,4.59
OH,Ohio,2012,Obama,Democrat,50.67,Romney,Republican,47.69,2.98
OH,Ohio,2016,Trump,Republican,51.69,Clinton,Democrat,43.56,8.13
OH,Ohio,2020,Trump,Republican,53.27,Biden,Democrat,45.24,8.03
OH,Ohio,2024,Trump,Republican,55.14,Harris,Democrat,43.93,11.21
OK,Oklahoma,1908,Bryan,Democrat,48.22,Taft,Republican,43.03,5.19
OK,Oklahoma,1912,Wilson,Democrat,46.95,Taft,Republican,35.77,11.18
OK,Oklahoma,1916,Wilson,Democrat,50.59,Hughes,Republican,33.21,17.38
OK,Oklahoma,1920,Harding,Republican,50.11,Cox,Democrat,44.61,5.5
OK,Oklahoma,1924,Davis,Democrat,48.41,Coolidge,Republican,42.82,5.59
OK,Oklahoma,1928,Hoover,Republican,63.72,Smith,Democrat,35.44,28.28
OK,Oklahoma,1932,Roosevelt,Democrat,73.3,Hoover,Republican,26.7,46.6
OK,Oklahoma,1936,Roosevelt,Democrat,66.83,Landon,Republican,32.69,34.14
OK,Oklahoma,1940,Roosevelt,Democrat,57.41,Willkie,Republican,42.23,15.18
OK,Oklahoma,1944,Roosevelt,Democrat,55.57,Dewey,Republican,44.2,11.37
OK,Oklahoma,1948,Truman,Democrat,62.75,Dewey,Republican,37.25,25.5
OK,Oklahoma,1952,Eisenhower,Republican,54.59,Stevenson,Democrat,45.41,9.18
OK,Oklahoma,1956,Eisenhower,Republican,55.13,Stevenson,Democrat,44.87,10.26
OK,Oklahoma,1960,Nixon,Republican,59.02,Kennedy,Democrat,40.98,18.04
OK,Oklahoma,1964,Johnson,Democrat,55.75,Goldwater,Republican,44.25,11.5
OK,Oklahoma,1968,Nixon,Republican,47.68,Humphrey,Democrat,31.99,15.69
OK,Oklahoma,1972,Nixon,Republican,73.7,McGovern,Democrat,24.0,49.7
OK,Oklahoma,1976,Ford,Republican,49.96,Carter,Democrat,48.75,1.21
OK,Oklahoma,1980,Reagan,Republican,60.5,Carter,Democrat,34.97,25.53
OK,Oklahoma,1984,Reagan,Republican,68.61,Mondale,Democrat,30.67,37.94
OK,Oklahoma,1988,Bush,Republican,57.93,Dukakis,Democrat,41.28,16.65
OK,Oklahoma,1992,Bush,Republican,42.65,Clinton,Democrat,34.02,8.62
OK,Oklahoma,1996,Dole,Republican,48.26,Clinton,Democrat,40.45,7.81
OK,Oklahoma,2000,Bush,Republican,60.31,Gore,Democrat,38.43,21.88
OK,Oklahoma,2004,Bush,Republican,65.57,Kerry,Democrat,34.43,31.14
OK,Oklahoma,2008,McCain,Republican,65.65,Obama,Democrat,34.35,31.29
OK,Oklahoma,2012,Romney,Republican,66.77,Obama,Democrat,33.23,33.54
OK,Oklahoma,2016,Trump,Republican,65.32,Clinton,Democrat,28.93,36.39
OK,Oklahoma,2020,Trump,Republican,65.37,Biden,Democrat,32.29,33.09
OK,Oklahoma,2024,Trump,Republican,66.16,Harris,Democrat,31.9,34.26
OR,Oregon,1900,McKinley,Republican,55.46,Bryan,Democrat,39.41,16.05
OR,Oregon,1904,Roosevelt,Republican,67.06,Parker,Democrat,19.43,47.63
OR,Oregon,1908,Taft,Republican,56.39,Bryan,Democrat,34.31,22.08
OR,Oregon,1912,Wilson,Democrat,34.34,Roosevelt,Third party,27.44,6.9
OR,Oregon,1916,Hughes,Republican,48.47,Wilson,Democrat,45.9,2.57
OR,Oregon,1920,Harding,Republican,60.2,Cox,Democrat,33.55,26.65
OR,Oregon,1924,Coolidge,Republican,51.01,La Follette,Third party,24.47,26.54
OR,Oregon,1928,Hoover,Republican,64.18,Smith,Democrat,34.14,30.04
OR,Oregon,1932,Roosevelt,Democrat,57.99,Hoover,Republican,36.88,21.11
OR,Oregon,1936,Roosevelt,Democrat,64.42,Landon,Republican,29.64,34.78
OR,Oregon,1940,Roosevelt,Democrat,53.7,Willkie,Republican,45.62,8.08
OR,Oregon,1944,Roosevelt,Democrat,51.78,Dewey,Republican,46.94,4.84
OR,Oregon,1948,Dewey,Republican,49.78,Truman,Democrat,46.4,3.38
OR,Oregon,1952,Eisenhower,Republican,60.54,Stevenson,Democrat,38.93,21.61
OR,Oregon,1956,Eisenhower,Republican,55.25,Stevenson,Democrat,44.75,10.5
OR,Oregon,1960,Nixon,Republican,52.56,Kennedy,Democrat,47.32,5.24
OR,Oregon,1964,Johnson,Democrat,63.72,Goldwater,Republican,35.96,27.76
OR,Oregon,1968,Nixon,Republican,49.83,Humphrey,Democrat,43.78,6.05
OR,Oregon,1972,Nixon,Republican,52.45,McGovern,Democrat,42.33,10.12
OR,Oregon,1976,Ford,Republican,47.78,Carter,Democrat,47.62,0.17
OR,Oregon,1980,Reagan,Republican,48.33,Carter,Democrat,38.67,9.66
OR,Oregon,1984,Reagan,Republican,55.91,Mondale,Democrat,43.74,12.17
OR,Oregon,1988,Dukakis,Democrat,51.28,Bush,Republican,46.61,4.67
OR,Oregon,1992,Clinton,Democrat,42.48,Bush,Republican,32.53,9.95
OR,Oregon,1996,Clinton,Democrat,47.15,Dole,Republican,39.06,8.09
OR,Oregon,2000,Gore,Democrat,46.96,Bush,Republican,46.52,0.44
OR,Oregon,2004,Kerry,Democrat,51.35,Bush,Republican,47.19,4.16
OR,Oregon,2008,Obama,Democrat,56.75,McCain,Republican,40.4,16.35
OR,Oregon,2012,Obama,Democrat,54.24,Romney,Republican,42.15,12.09
OR,Oregon,2016,Clinton,Democrat,50.07,Trump,Republican,39.09,10.98
OR,Oregon,2020,Biden,Democrat,56.45,Trump,Republican,40.37,16.09
OR,Oregon,2024,Harris,Democrat,55.27,Trump,Republican,40.97,14.31
PA,Pennsylvania,1900,McKinley,Republican,60.74,Bryan,Democrat,36.16,24.58
PA,Pennsylvania,1904,Roosevelt,Republican,68.0,Parker,Democrat,27.33,40.67
PA,Pennsylvania,1908,Taft,Republican,58.84,Bryan,Democrat,35.41,23.43
PA,Pennsylvania,1912,Roosevelt,Third party,36.53,Wilson,Democrat,32.49,4.04
PA,Pennsylvania,1916,Hughes,Republican,54.26,Wilson,Democrat,40.22,14.04
PA,Pennsylvania,1920,Harding,Republican,65.76,Cox,Democrat,27.2,38.56
PA,Pennsylvania,1924,Coolidge,Republican,65.34,Davis,Democrat,19.08,46.26
PA,Pennsylvania,1928,Hoover,Republican,65.24,Smith,Democrat,33.89,31.35
PA,Pennsylvania,1932,Hoover,Republican,50.84,Roosevelt,Democrat,45.33,5.51
PA,Pennsylvania,1936,Roosevelt,Democrat,56.88,Landon,Republican,40.84,16.04
PA,Pennsylvania,1940,Roosevelt,Democrat,53.23,Willkie,Republican,46.33,6.9
PA,Pennsylvania,1944,Roosevelt,Democrat,51.14,Dewey,Republican,48.36,2.78
PA,Pennsylvania,1948,Dewey,Republican,50.93,Truman,Democrat,46.92,4.01
PA,Pennsylvania,1952,Eisenhower,Republican,52.74,Stevenson,Democrat,46.85,5.89
PA,Pennsylvania,1956,Eisenhower,Republican,56.49,Stevenson,Democrat,43.3,13.19
PA,Pennsylvania,1960,Kennedy,Democrat,51.06,Nixon,Republican,48.74,2.32
PA,Pennsylvania,1964,Johnson,Democrat,64.92,Goldwater,Republican,34.7,30.22
PA,Pennsylvania,1968,Humphrey,Democrat,47.59,Nixon,Republican,44.02,3.57
PA,Pennsylvania,1972,Nixon,Republican,59.11,McGovern,Democrat,39.13,19.98
PA,Pennsylvania,1976,Carter,Democrat,50.4,Ford,Republican,47.73,2.66
PA,Pennsylvania,1980,Reagan,Republican,49.59,Carter,Democrat,42.48,7.11
PA,Pennsylvania,1984,Reagan,Republican,53.34,Mondale,Democrat,45.99,7.35
PA,Pennsylvania,1988,Bush,Republican,50.7,Dukakis,Democrat,48.39,2.32
PA,Pennsylvania,1992,Clinton,Democrat,45.15,Bush,Republican,36.13,9.02
PA,Pennsylvania,1996,Clinton,Democrat,49.23,Dole,Republican,40.01,9.21
PA,Pennsylvania,2000,Gore,Democrat,50.61,Bush,Republican,46.44,4.17
PA,Pennsylvania,2004,Kerry,Democrat,50.92,Bush,Republican,48.42,2.5
PA,Pennsylvania,2008,Obama,Democrat,54.49,McCain,Republican,44.17,10.32
PA,Pennsylvania,2012,Obama,Democrat,52.08,Romney,Republican,46.68,5.4
PA,Pennsylvania,2016,Trump,Republican,48.58,Clinton,Democrat,47.85,0.72
PA,Pennsylvania,2020,Biden,Democrat,50.01,Trump,Republican,48.84,1.16
PA,Pennsylvania,2024,Trump,Republican,50.37,Harris,Democrat,48.66,1.71
RI,Rhode Island,1900,McKinley,Republican,59.74,Bryan,Democrat,35.04,24.7
RI,Rhode Island,1904,Roosevelt,Republican,60.6,Parker,Democrat,36.18,24.42
RI,Rhode Island,1908,Taft,Republican,60.76,Bryan,Democrat,34.16,26.6
RI,Rhode Island,1912,Wilson,Democrat,39.04,Taft,Republican,35.56,3.48
RI,Rhode Island,1916,Hughes,Republican,51.08,Wilson,Democrat,46.0,5.08
RI,Rhode Island,1920,Harding,Republican,63.97,Cox,Democrat,32.78,31.19
RI,Rhode Island,1924,Coolidge,Republican,59.63,Davis,Democrat,36.46,23.17
RI,Rhode Island,1928,Smith,Democrat,50.16,Hoover,Republican,49.55,0.61
RI,Rhode Island,1932,Roosevelt,Democrat,55.08,Hoover,Republican,43.31,11.77
RI,Rhode Island,1936,Roosevelt,Democrat,53.1,Landon,Republican,40.18,12.92
RI,Rhode Island,1940,Roosevelt,Democrat,56.73,Willkie,Republican,43.17,13.56
RI,Rhode Island,1944,Roosevelt,Democrat,58.59,Dewey,Republican,41.26,17.33
RI,Rhode Island,1948,Truman,Democrat,57.59,Dewey,Republican,41.44,16.15
RI,Rhode Island,1952,Eisenhower,Republican,50.89,Stevenson,Democrat,49.05,1.84
RI,Rhode Island,1956,Eisenhower,Republican,58.26,Stevenson,Democrat,41.74,16.52
RI,Rhode Island,1960,Kennedy,Democrat,63.63,Nixon,Republican,36.37,27.26
RI,Rhode Island,1964,Johnson,Democrat,80.87,Goldwater,Republican,19.13,61.74
RI,Rhode Island,1968,Humphrey,Democrat,64.03,Nixon,Republican,31.78,32.25
RI,Rhode Island,1972,Nixon,Republican,53.0,McGovern,Democrat,46.81,6.19
RI,Rhode Island,1976,Carter,Democrat,55.44,Ford,Republican,44.14,11.3
RI,Rhode Island,1980,Carter,Democrat,47.68,Reagan,Republican,37.21,10.47
RI,Rhode Island,1984,Reagan,Republican,51.67,Mondale,Democrat,48.02,3.65
RI,Rhode Island,1988,Dukakis,Democrat,55.64,Bush,Republican,43.93,11.71
RI,Rhode Island,1992,Clinton,Democrat,47.05,Bush,Republican,29.03,18.02
RI,Rhode Island,1996,Clinton,Democrat,59.72,Dole,Republican,26.82,32.89
RI,Rhode Island,2000,Gore,Democrat,60.99,Bush,Republican,31.91,29.08
RI,Rhode Island,2004,Kerry,Democrat,59.42,Bush,Republican,38.67,20.75
RI,Rhode Island,2008,Obama,Democrat,62.86,McCain,Republican,35.06,27.81
RI,Rhode Island,2012,Obama,Democrat,62.7,Romney,Republican,35.24,27.46
RI,Rhode Island,2016,Clinton,Democrat,54.41,Trump,Republican,38.9,15.51
RI,Rhode Island,2020,Biden,Democrat,59.48,Trump,Republican,38.67,20.81
RI,Rhode Island,2024,Harris,Democrat,55.58,Trump,Republican,41.79,13.79
SC,South Carolina,1900,Bryan,Democrat,92.96,McKinley,Republican,7.04,85.92
SC,South Carolina,1904,Parker,Democrat,95.36,Roosevelt,Republican,4.63,90.73
SC,South Carolina,1908,Bryan,Democrat,93.84,Taft,Republican,5.94,87.9
SC,South Carolina,1912,Wilson,Democrat,95.94,Roosevelt,Third party,2.57,93.37
SC,South Carolina,1916,Wilson,Democrat,96.71,Hughes,Republican,2.42,94.29
SC,South Carolina,1920,Cox,Democrat,96.05,Harding,Republican,3.91,92.14
SC,South Carolina,1924,Davis,Democrat,96.56,Coolidge,Republican,2.21,94.35
SC,South Carolina,1928,Smith,Democrat,91.39,Hoover,Republican,8.54,82.85
SC,South Carolina,1932,Roosevelt,Democrat,98.03,Hoover,Republican,1.89,96.14
SC,South Carolina,1936,Roosevelt,Democrat,98.57,Landon,Republican,1.43,97.14
SC,South Carolina,1940,Roosevelt,Democrat,95.63,Willkie,Republican,4.37,91.26
SC,South Carolina,1944,Roosevelt,Democrat,87.64,Texas Regulars,Third party,7.54,80.1
SC,South Carolina,1948,Thurmond,Third party,71.97,Truman,Democrat,24.14,47.83
SC,South Carolina,1952,Stevenson,Democrat,50.72,Eisenhower,Republican,49.28,1.44
SC,South Carolina,1956,Stevenson,Democrat,45.37,Andrews,Third party,29.45,15.92
SC,South Carolina,1960,Kennedy,Democrat,51.24,Nixon,Republican,48.76,2.48
SC,South Carolina,1964,Goldwater,Republican,58.89,Johnson,Democrat,41.1,17.79
SC,South Carolina,1968,Nixon,Republican,38.09,Wallace,Third party,32.3,5.79
SC,South Carolina,1972,Nixon,Republican,70.58,McGovern,Democrat,27.92,42.66
SC,South Carolina,1976,Carter,Democrat,56.17,Ford,Republican,43.13,13.04
SC,South Carolina,1980,Reagan,Republican,49.45,Carter,Democrat,48.21,1.24
SC,South Carolina,1984,Reagan,Republican,63.55,Mondale,Democrat,35.57,27.99
SC,South Carolina,1988,Bush,Republican,61.5,Dukakis,Democrat,37.58,23.92
SC,South Carolina,1992,Bush,Republican,46.99,Clinton,Democrat,42.76,4.23
SC,South Carolina,1996,Dole,Republican,49.85,Clinton,Democrat,44.01,5.84
SC,South Carolina,2000,Bush,Republican,56.86,Gore,Democrat,40.9,15.96
SC,South Carolina,2004,Bush,Republican,57.98,Kerry,Democrat,40.9,17.08
SC,South Carolina,2008,McCain,Republican,53.87,Obama,Democrat,44.9,8.98
SC,South Carolina,2012,Romney,Republican,54.56,Obama,Democrat,44.09,10.47
SC,South Carolina,2016,Trump,Republican,54.94,Clinton,Democrat,40.67,14.27
SC,South Carolina,2020,Trump,Republican,55.09,Biden,Democrat,43.42,11.68
SC,South Carolina,2024,Trump,Republican,58.23,Harris,Democrat,40.36,17.87
SD,South Dakota,1900,McKinley,Republican,56.73,Bryan,Democrat,41.14,15.59
SD,South Dakota,1904,Roosevelt,Republican,71.09,Parker,Democrat,21.67,49.42
SD,South Dakota,1908,Taft,Republican,58.84,Bryan,Democrat,35.08,23.76
SD,South Dakota,1912,Roosevelt,Third party,50.56,Wilson,Democrat,42.07,8.49
SD,South Dakota,1916,Hughes,Republican,49.8,Wilson,Democrat,45.91,3.89
SD,South Dakota,1920,Harding,Republican,60.74,Cox,Democrat,19.72,41.02
SD,South Dakota,1924,Coolidge,Republican,49.69,La Follette,Third party,36.96,12.73
SD,South Dakota,1928,Hoover,Republican,60.18,Smith,Democrat,39.2,20.98
SD,South Dakota,1932,Roosevelt,Democrat,63.62,Hoover,Republican,34.4,29.22
SD,South Dakota,1936,Roosevelt,Democrat,54.02,Landon,Republican,42.49,11.53
SD,South Dakota,1940,Willkie,Republican,57.41,Roosevelt,Democrat,42.59,14.82
SD,South Dakota,1944,Dewey,Republican,58.33,Roosevelt,Democrat,41.67,16.66
SD,South Dakota,1948,Dewey,Republican,51.84,Truman,Democrat,47.04,4.8
SD,South Dakota,1952,Eisenhower,Republican,69.27,Stevenson,Democrat,30.73,38.54
SD,South Dakota,1956,Eisenhower,Republican,58.39,Stevenson,Democrat,41.61,16.78
SD,South Dakota,1960,Nixon,Republican,58.21,Kennedy,Democrat,41.79,16.42
SD,South Dakota,1964,Johnson,Democrat,55.61,Goldwater,Republican,44.39,11.22
SD,South Dakota,1968,Nixon,Republican,53.27,Humphrey,Democrat,41.96,11.31
SD,South Dakota,1972,Nixon,Republican,54.15,McGovern,Democrat,45.52,8.63
SD,South Dakota,1976,Ford,Republican,50.39,Carter,Democrat,48.91,1.48
SD,South Dakota,1980,Reagan,Republican,60.53,Carter,Democrat,31.69,28.83
SD,South Dakota,1984,Reagan,Republican,63.0,Mondale,Democrat,36.53,26.47
SD,South Dakota,1988,Bush,Republican,52.85,Dukakis,Democrat,46.51,6.34
SD,South Dakota,1992,Bush,Republican,40.66,Clinton,Democrat,37.14,3.52
SD,South Dakota,1996,Dole,Republican,46.49,Clinton,Democrat,43.03,3.46
SD,South Dakota,2000,Bush,Republican,60.3,Gore,Democrat,37.56,22.73
SD,South Dakota,2004,Bush,Republican,59.91,Kerry,Democrat,38.44,21.47
SD,South Dakota,2008,McCain,Republican,53.16,Obama,Democrat,44.75,8.41
SD,South Dakota,2012,Romney,Republican,57.89,Obama,Democrat,39.87,18.02
SD,South Dakota,2016,Trump,Republican,61.53,Clinton,Democrat,31.74,29.79
SD,South Dakota,2020,Trump,Republican,61.77,Biden,Democrat,35.61,26.16
SD,South Dakota,2024,Trump,Republican,63.43,Harris,Democrat,34.24,29.19
TN,Tennessee,1900,Bryan,Democrat,53.03,McKinley,Republican,44.95,8.08
TN,Tennessee,1904,Parker,Democrat,54.23,Roosevelt,Republican,43.4,10.83
TN,Tennessee,1908,Bryan,Democrat,52.73,Taft,Republican,45.87,6.86
TN,Tennessee,1912,Wilson,Democrat,52.8,Taft,Republican,24.0,28.8
TN,Tennessee,1916,Wilson,Democrat,56.31,Hughes,Republican,42.7,13.61
TN,Tennessee,1920,Harding,Republican,51.29,Cox,Democrat,48.19,3.1
TN,Tennessee,1924,Davis,Democrat,52.8,Coolidge,Republican,43.59,9.21
TN,Tennessee,1928,Hoover,Republican,53.76,Smith,Democrat,46.04,7.72
TN,Tennessee,1932,Roosevelt,Democrat,66.49,Hoover,Republican,32.48,34.01
TN,Tennessee,1936,Roosevelt,Democrat,68.85,Landon,Republican,30.75,38.1
TN,Tennessee,1940,Roosevelt,Democrat,67.25,Willkie,Republican,32.35,34.9
TN,Tennessee,1944,Roosevelt,Democrat,60.45,Dewey,Republican,39.22,21.23
TN,Tennessee,1948,Truman,Democrat,49.14,Dewey,Republican,36.87,12.27
TN,Tennessee,1952,Eisenhower,Republican,49.99,Stevenson,Democrat,49.71,0.28
TN,Tennessee,1956,Eisenhower,Republican,49.21,Stevenson,Democrat,48.6,0.61
TN,Tennessee,1960,Nixon,Republican,52.92,Kennedy,Democrat,45.77,7.15
TN,Tennessee,1964,Johnson,Democrat,55.5,Goldwater,Republican,44.49,11.01
TN,Tennessee,1968,Nixon,Republican,37.85,Wallace,Third party,34.02,3.83
TN,Tennessee,1972,Nixon,Republican,67.7,McGovern,Democrat,29.75,37.95
TN,Tennessee,1976,Carter,Democrat,55.94,Ford,Republican,42.94,13.0
TN,Tennessee,1980,Reagan,Republican,48.7,Carter,Democrat,48.41,0.29
TN,Tennessee,1984,Reagan,Republican,57.84,Mondale,Democrat,41.57,16.27
TN,Tennessee,1988,Bush,Republican,57.89,Dukakis,Democrat,41.55,16.34
TN,Tennessee,1992,Clinton,Democrat,47.08,Bush,Republican,42.43,4.65
TN,Tennessee,1996,Clinton,Democrat,48.0,Dole,Republican,45.59,2.41
TN,Tennessee,2000,Bush,Republican,51.15,Gore,Democrat,47.28,3.86
TN,Tennessee,2004,Bush,Republican,56.8,Kerry,Democrat,42.53,14.27
TN,Tennessee,2008,McCain,Republican,56.9,Obama,Democrat,41.83,15.07
TN,Tennessee,2012,Romney,Republican,59.48,Obama,Democrat,39.08,20.4
TN,Tennessee,2016,Trump,Republican,60.72,Clinton,Democrat,34.72,26.01
TN,Tennessee,2020,Trump,Republican,60.66,Biden,Democrat,37.45,23.21
TN,Tennessee,2024,Trump,Republican,64.19,Harris,Democrat,34.47,29.72
TX,Texas,1900,Bryan,Democrat,63.12,McKinley,Republican,30.83,32.29
TX,Texas,1904,Parker,Democrat,71.45,Roosevelt,Republican,21.9,49.55
TX,Texas,1908,Bryan,Democrat,73.97,Taft,Republican,22.35,51.62
TX,Texas,1912,Wilson,Democrat,72.73,Taft,Republican,9.45,63.28
TX,Texas,1916,Wilson,Democrat,76.92,Hughes,Republican,17.45,59.47
TX,Texas,1920,Cox,Democrat,59.34,Harding,Republican,23.54,35.8
TX,Texas,1924,Davis,Democrat,73.7,Coolidge,Republican,19.78,53.92
TX,Texas,1928,Hoover,Republican,51.77,Smith,Democrat,48.1,3.67
TX,Texas,1932,Roosevelt,Democrat,88.06,Hoover,Republican,11.35,76.71
TX,Texas,1936,Roosevelt,Democrat,87.08,Landon,Republican,12.31,74.77
TX,Texas,1940,Roosevelt,Democrat,80.92,Willkie,Republican,18.91,62.01
TX,Texas,1944,Roosevelt,Democrat,71.42,Dewey,Republican,16.64,54.78
TX,Texas,1948,Truman,Democrat,65.96,Dewey,Republican,24.29,41.67
TX,Texas,1952,Eisenhower,Republican,53.13,Stevenson,Democrat,46.69,6.44
TX,Texas,1956,Eisenhower,Republican,55.26,Stevenson,Democrat,43.98,11.28
TX,Texas,1960,Kennedy,Democrat,50.52,Nixon,Republican,48.52,2.0
TX,Texas,1964,Johnson,Democrat,63.32,Goldwater,Republican,36.49,26.83
TX,Texas,1968,Humphrey,Democrat,41.14,Nixon,Republican,39.87,1.27
TX,Texas,1972,Nixon,Republican,66.2,McGovern,Democrat,33.24,32.96
TX,Texas,1976,Carter,Democrat,51.14,Ford,Republican,47.97,3.17
TX,Texas,1980,Reagan,Republican,55.28,Carter,Democrat,41.42,13.86
TX,Texas,1984,Reagan,Republican,63.61,Mondale,Democrat,36.11,27.5
TX,Texas,1988,Bush,Republican,55.95,Dukakis,Democrat,43.35,12.6
TX,Texas,1992,Bush,Republican,40.56,Clinton,Democrat,37.08,3.48
TX,Texas,1996,Dole,Republican,48.76,Clinton,Democrat,43.83,4.93
TX,Texas,2000,Bush,Republican,59.3,Gore,Democrat,37.98,21.32
TX,Texas,2004,Bush,Republican,61.09,Kerry,Democrat,38.22,22.86
TX,Texas,2008,McCain,Republican,55.45,Obama,Democrat,43.68,11.77
TX,Texas,2012,Romney,Republican,57.17,Obama,Democrat,41.38,15.78
TX,Texas,2016,Trump,Republican,52.23,Clinton,Democrat,43.24,9.0
TX,Texas,2020,Trump,Republican,52.06,Biden,Democrat,46.48,5.58
TX,Texas,2024,Trump,Republican,56.14,Harris,Democrat,42.46,13.68
UT,Utah,1900,McKinley,Republican,50.58,Bryan,Democrat,48.3,2.28
UT,Utah,1904,Roosevelt,Republican,61.42,Parker,Democrat,32.86,28.56
UT,Utah,1908,Taft,Republican,56.19,Bryan,Democrat,39.22,16.97
UT,Utah,1912,Taft,Republican,37.46,Wilson,Democrat,32.55,4.91
UT,Utah,1916,Wilson,Democrat,58.78,Hughes,Republican,37.82,20.96
UT,Utah,1920,Harding,Republican,55.93,Cox,Democrat,38.84,17.09
UT,Utah,1924,Coolidge,Republican,49.26,Davis,Democrat,29.94,19.32
UT,Utah,1928,Hoover,Republican,53.58,Smith,Democrat,45.86,7.72
UT,Utah,1932,Roosevelt,Democrat,56.52,Hoover,Republican,41.05,15.47
UT,Utah,1936,Roosevelt,Democrat,69.34,Landon,Republican,29.79,39.55
UT,Utah,1940,Roosevelt,Democrat,62.25,Willkie,Republican,37.59,24.66
UT,Utah,1944,Roosevelt,Democrat,60.44,Dewey,Republican,39.42,21.02
UT,Utah,1948,Truman,Democrat,53.98,Dewey,Republican,45.02,8.96
UT,Utah,1952,Eisenhower,Republican,58.93,Stevenson,Democrat,41.07,17.86
UT,Utah,1956,Eisenhower,Republican,64.56,Stevenson,Democrat,35.44,29.12
UT,Utah,1960,Nixon,Republican,54.81,Kennedy,Democrat,45.17,9.64
UT,Utah,1964,Johnson,Democrat,54.86,Goldwater,Republican,45.14,9.72
UT,Utah,1968,Nixon,Republican,56.49,Humphrey,Democrat,37.07,19.42
UT,Utah,1972,Nixon,Republican,67.64,McGovern,Democrat,26.39,41.25
UT,Utah,1976,Ford,Republican,62.43,Carter,Democrat,33.65,28.79
UT,Utah,1980,Reagan,Republican,72.78,Carter,Democrat,20.57,52.21
UT,Utah,1984,Reagan,Republican,74.5,Mondale,Democrat,24.68,49.83
UT,Utah,1988,Bush,Republican,66.22,Dukakis,Democrat,32.05,34.17
UT,Utah,1992,Bush,Republican,43.36,Perot,Third party,27.34,16.03
UT,Utah,1996,Dole,Republican,54.37,Clinton,Democrat,33.3,21.07
UT,Utah,2000,Bush,Republican,66.83,Gore,Democrat,26.34,40.49
UT,Utah,2004,Bush,Republican,71.54,Kerry,Democrat,26.0,45.54
UT,Utah,2008,McCain,Republican,62.58,Obama,Democrat,34.41,28.18
UT,Utah,2012,Romney,Republican,72.79,Obama,Democrat,24.75,48.04
UT,Utah,2016,Trump,Republican,45.54,Clinton,Democrat,27.46,18.08
UT,Utah,2020,Trump,Republican,58.13,Biden,Democrat,37.65,20.48
UT,Utah,2024,Trump,Republican,59.38,Harris,Democrat,37.79,21.58
VA,Virginia,1900,Bryan,Democrat,55.29,McKinley,Republican,43.82,11.47
VA,Virginia,1904,Parker,Democrat,61.84,Roosevelt,Republican,36.95,24.89
VA,Virginia,1908,Bryan,Democrat,60.52,Taft,Republican,38.36,22.16
VA,Virginia,1912,Wilson,Democrat,65.95,Taft,Republican,17.0,48.95
VA,Virginia,1916,Wilson,Democrat,66.99,Hughes,Republican,31.83,35.16
VA,Virginia,1920,Cox,Democrat,61.32,Harding,Republican,37.85,23.47
VA,Virginia,1924,Davis,Democrat,62.48,Coolidge,Republican,32.79,29.69
VA,Virginia,1928,Hoover,Republican,53.91,Smith,Democrat,45.9,8.01
VA,Virginia,1932,Roosevelt,Democrat,68.46,Hoover,Republican,30.09,38.37
VA,Virginia,1936,Roosevelt,Democrat,70.23,Landon,Republican,29.39,40.84
VA,Virginia,1940,Roosevelt,Democrat,68.08,Willkie,Republican,31.55,36.53
VA,Virginia,1944,Roosevelt,Democrat,62.36,Dewey,Republican,37.39,24.97
VA,Virginia,1948,Truman,Democrat,47.89,Dewey,Republican,41.04,6.85
VA,Virginia,1952,Eisenhower,Republican,56.32,Stevenson,Democrat,43.36,12.96
VA,Virginia,1956,Eisenhower,Republican,55.37,Stevenson,Democrat,38.36,17.01
VA,Virginia,1960,Nixon,Republican,52.44,Kennedy,Democrat,46.97,5.47
VA,Virginia,1964,Johnson,Democrat,53.54,Goldwater,Republican,46.18,7.36
VA,Virginia,1968,Nixon,Republican,43.36,Humphrey,Democrat,32.49,10.87
VA,Virginia,1972,Nixon,Republican,67.84,McGovern,Democrat,30.12,37.72
VA,Virginia,1976,Ford,Republican,49.29,Carter,Democrat,47.96,1.34
VA,Virginia,1980,Reagan,Republican,53.03,Carter,Democrat,40.31,12.72
VA,Virginia,1984,Reagan,Republican,62.29,Mondale,Democrat,37.09,25.19
VA,Virginia,1988,Bush,Republican,59.74,Dukakis,Democrat,39.23,20.5
VA,Virginia,1992,Bush,Republican,44.96,Clinton,Democrat,40.59,4.37
VA,Virginia,1996,Dole,Republican,47.1,Clinton,Democrat,45.15,1.96
VA,Virginia,2000,Bush,Republican,52.47,Gore,Democrat,44.44,8.04
VA,Virginia,2004,Bush,Republican,53.73,Kerry,Democrat,45.53,8.21
VA,Virginia,2008,Obama,Democrat,52.63,McCain,Republican,46.33,6.3
VA,Virginia,2012,Obama,Democrat,51.16,Romney,Republican,47.28,3.87
VA,Virginia,2016,Clinton,Democrat,49.75,Trump,Republican,44.43,5.32
VA,Virginia,2020,Biden,Democrat,54.11,Trump,Republican,44.0,10.11
VA,Virginia,2024,Harris,Democrat,51.82,Trump,Republican,46.06,5.77
VT,Vermont,1900,McKinley,Republican,75.73,Bryan,Democrat,22.86,52.87
VT,Vermont,1904,Roosevelt,Republican,77.97,Parker,Democrat,18.84,59.13
VT,Vermont,1908,Taft,Republican,75.08,Bryan,Democrat,21.82,53.26
VT,Vermont,1912,Taft,Republican,37.13,Roosevelt,Third party,35.22,1.91
VT,Vermont,1916,Hughes,Republican,62.43,Wilson,Democrat,35.22,27.21
VT,Vermont,1920,Harding,Republican,75.82,Cox,Democrat,23.25,52.57
VT,Vermont,1924,Coolidge,Republican,78.22,Davis,Democrat,15.67,62.55
VT,Vermont,1928,Hoover,Republican,66.87,Smith,Democrat,32.87,34.0
VT,Vermont,1932,Hoover,Republican,57.66,Roosevelt,Democrat,41.08,16.58
VT,Vermont,1936,Landon,Republican,56.39,Roosevelt,Democrat,43.24,13.15
VT,Vermont,1940,Willkie,Republican,54.78,Roosevelt,Democrat,44.92,9.86
VT,Vermont,1944,Dewey,Republican,57.06,Roosevelt,Democrat,42.93,14.13
VT,Vermont,1948,Dewey,Republican,61.54,Truman,Democrat,36.92,24.62
VT,Vermont,1952,Eisenhower,Republican,71.45,Stevenson,Democrat,28.23,43.22
VT,Vermont,1956,Eisenhower,Republican,72.16,Stevenson,Democrat,27.81,44.35
VT,Vermont,1960,Nixon,Republican,58.65,Kennedy,Democrat,41.35,17.3
VT,Vermont,1964,Johnson,Democrat,66.3,Goldwater,Republican,33.69,32.61
VT,Vermont,1968,Nixon,Republican,52.75,Humphrey,Democrat,43.53,9.22
VT,Vermont,1972,Nixon,Republican,62.66,McGovern,Democrat,36.47,26.19
VT,Vermont,1976,Ford,Republican,54.59,Carter,Democrat,42.3,12.28
VT,Vermont,1980,Reagan,Republican,44.36,Carter,Democrat,38.42,5.94
VT,Vermont,1984,Reagan,Republican,57.92,Mondale,Democrat,40.81,17.11
VT,Vermont,1988,Bush,Republican,51.1,Dukakis,Democrat,47.58,3.52
VT,Vermont,1992,Clinton,Democrat,46.11,Bush,Republican,30.42,15.7
VT,Vermont,1996,Clinton,Democrat,53.35,Dole,Republican,31.09,22.26
VT,Vermont,2000,Gore,Democrat,50.63,Bush,Republican,40.7,9.94
VT,Vermont,2004,Kerry,Democrat,58.94,Bush,Republican,38.8,20.14
VT,Vermont,2008,Obama,Democrat,67.46,McCain,Republican,30.45,37.01
VT,Vermont,2012,Obama,Democrat,66.57,Romney,Republican,30.97,35.6
VT,Vermont,2016,Clinton,Democrat,55.72,Trump,Republican,29.76,25.96
VT,Vermont,2020,Biden,Democrat,65.46,Trump,Republican,30.38,35.07
VT,Vermont,2024,Harris,Democrat,63.23,Trump,Republican,32.02,31.21
WA,Washington,1900,McKinley,Republican,53.44,Bryan,Democrat,41.7,11.74
WA,Washington,1904,Roosevelt,Republican,69.95,Parker,Democrat,19.36,50.59
WA,Washington,1908,Taft,Republican,57.68,Bryan,Democrat,31.92,25.76
WA,Washington,1912,Roosevelt,Third party,35.22,Wilson,Democrat,26.9,8.32
WA,Washington,1916,Wilson,Democrat,48.13,Hughes,Republican,43.89,4.24
WA,Washington,1920,Harding,Republican,55.96,Cox,Democrat,21.14,34.82
WA,Washington,1924,Coolidge,Republican,52.24,La Follette,Third party,35.76,16.48
WA,Washington,1928,Hoover,Republican,67.06,Smith,Democrat,31.3,35.76
WA,Washington,1932,Roosevelt,Democrat,57.46,Hoover,Republican,33.94,23.52
WA,Washington,1936,Roosevelt,Democrat,66.38,Landon,Republican,29.88,36.5
WA,Washington,1940,Roosevelt,Democrat,58.22,Willkie,Republican,40.58,17.64
WA,Washington,1944,Roosevelt,Democrat,56.84,Dewey,Republican,42.24,14.6
WA,Washington,1948,Truman,Democrat,52.56,Dewey,Republican,42.73,9.83
WA,Washington,1952,Eisenhower,Republican,54.33,Stevenson,Democrat,44.69,9.64
WA,Washington,1956,Eisenhower,Republican,53.91,Stevenson,Democrat,45.44,8.47
WA,Washington,1960,Nixon,Republican,50.68,Kennedy,Democrat,48.27,2.41
WA,Washington,1964,Johnson,Democrat,61.97,Goldwater,Republican,37.37,24.6
WA,Washington,1968,Humphrey,Democrat,47.23,Nixon,Republican,45.12,2.11
WA,Washington,1972,Nixon,Republican,56.92,McGovern,Democrat,38.64,18.28
WA,Washington,1976,Ford,Republican,50.0,Carter,Democrat,46.11,3.88
WA,Washington,1980,Reagan,Republican,49.66,Carter,Democrat,37.32,12.34
WA,Washington,1984,Reagan,Republican,56.09,Mondale,Democrat,42.58,13.51
WA,Washington,1988,Dukakis,Democrat,50.05,Bush,Republican,48.46,1.59
WA,Washington,1992,Clinton,Democrat,43.41,Bush,Republican,31.97,11.44
WA,Washington,1996,Clinton,Democrat,49.84,Dole,Republican,37.3,12.54
WA,Washington,2000,Gore,Democrat,50.16,Bush,Republican,44.58,5.58
WA,Washington,2004,Kerry,Democrat,52.82,Bush,Republican,45.64,7.18
WA,Washington,2008,Obama,Democrat,57.65,McCain,Republican,40.48,17.18
WA,Washington,2012,Obama,Democrat,56.16,Romney,Republican,41.29,14.87
WA,Washington,2016,Clinton,Democrat,52.54,Trump,Republican,36.83,15.71
WA,Washington,2020,Biden,Democrat,57.97,Trump,Republican,38.77,19.2
WA,Washington,2024,Harris,Democrat,57.23,Trump,Republican,39.01,18.22
WI,Wisconsin,1900,McKinley,Republican,60.06,Bryan,Democrat,35.97,24.09
WI,Wisconsin,1904,Roosevelt,Republican,63.21,Parker,Democrat,28.01,35.2
WI,Wisconsin,1908,Taft,Republican,54.52,Bryan,Democrat,36.67,17.85
WI,Wisconsin,1912,Wilson,Democrat,41.06,Taft,Republican,32.65,8.41
WI,Wisconsin,1916,Hughes,Republican,49.39,Wilson,Democrat,42.8,6.59
WI,Wisconsin,1920,Harding,Republican,71.1,Cox,Democrat,16.17,54.93
WI,Wisconsin,1924,La Follette,Third party,53.96,Coolidge,Republican,37.06,16.9
WI,Wisconsin,1928,Hoover,Republican,53.52,Smith,Democrat,44.28,9.24
WI,Wisconsin,1932,Roosevelt,Democrat,63.46,Hoover,Republican,31.19,32.27
WI,Wisconsin,1936,Roosevelt,Democrat,63.8,Landon,Republican,30.26,33.54
WI,Wisconsin,1940,Roosevelt,Democrat,50.15,Willkie,Republican,48.32,1.83
WI,Wisconsin,1944,Dewey,Republican,50.37,Roosevelt,Democrat,48.57,1.8
WI,Wisconsin,1948,Truman,Democrat,50.7,Dewey,Republican,46.28,4.42
WI,Wisconsin,1952,Eisenhower,Republican,60.95,Stevenson,Democrat,38.71,22.24
WI,Wisconsin,1956,Eisenhower,Republican,61.58,Stevenson,Democrat,37.84,23.74
WI,Wisconsin,1960,Nixon,Republican,51.77,Kennedy,Democrat,48.05,3.72
WI,Wisconsin,1964,Johnson,Democrat,62.09,Goldwater,Republican,37.74,24.35
WI,Wisconsin,1968,Nixon,Republican,47.89,Humphrey,Democrat,44.27,3.62
WI,Wisconsin,1972,Nixon,Republican,53.4,McGovern,Democrat,43.72,9.68
WI,Wisconsin,1976,Carter,Democrat,49.5,Ford,Republican,47.83,1.68
WI,Wisconsin,1980,Reagan,Republican,47.9,Carter,Democrat,43.18,4.72
WI,Wisconsin,1984,Reagan,Republican,54.19,Mondale,Democrat,45.02,9.17
WI,Wisconsin,1988,Dukakis,Democrat,51.41,Bush,Republican,47.8,3.62
WI,Wisconsin,1992,Clinton,Democrat,41.13,Bush,Republican,36.78,4.35
WI,Wisconsin,1996,Clinton,Democrat,48.81,Dole,Republican,38.48,10.33
WI,Wisconsin,2000,Gore,Democrat,47.83,Bush,Republican,47.61,0.22
WI,Wisconsin,2004,Kerry,Democrat,49.7,Bush,Republican,49.32,0.38
WI,Wisconsin,2008,Obama,Democrat,56.22,McCain,Republican,42.31,13.9
WI,Wisconsin,2012,Obama,Democrat,52.78,Romney,Republican,45.94,6.84
WI,Wisconsin,2016,Trump,Republican,47.22,Clinton,Democrat,46.45,0.76
WI,Wisconsin,2020,Biden,Democrat,49.45,Trump,Republican,48.82,0.63
WI,Wisconsin,2024,Trump,Republican,49.6,Harris,Democrat,48.74,0.86
WV,West Virginia,1900,McKinley,Republican,54.27,Bryan,Democrat,44.75,9.52
WV,West Virginia,1904,Roosevelt,Republican,55.26,Parker,Democrat,42.03,13.23
WV,West Virginia,1908,Taft,Republican,53.42,Bryan,Democrat,43.17,10.25
WV,West Virginia,1912,Wilson,Democrat,42.11,Roosevelt,Third party,29.43,12.68
WV,West Virginia,1916,Hughes,Republican,49.38,Wilson,Democrat,48.44,0.94
WV,West Virginia,1920,Harding,Republican,55.3,Cox,Democrat,43.3,12.0
WV,West Virginia,1924,Coolidge,Republican,49.45,Davis,Democrat,44.07,5.38
WV,West Virginia,1928,Hoover,Republican,58.43,Smith,Democrat,41.04,17.39
WV,West Virginia,1932,Roosevelt,Democrat,54.47,Hoover,Republican,44.47,10.0
WV,West Virginia,1936,Roosevelt,Democrat,60.56,Landon,Republican,39.2,21.36
WV,West Virginia,1940,Roosevelt,Democrat,57.1,Willkie,Republican,42.9,14.2
WV,West Virginia,1944,Roosevelt,Democrat,54.89,Dewey,Republican,45.11,9.78
WV,West Virginia,1948,Truman,Democrat,57.32,Dewey,Republican,42.24,15.08
WV,West Virginia,1952,Stevenson,Democrat,51.92,Eisenhower,Republican,48.08,3.84
WV,West Virginia,1956,Eisenhower,Republican,54.08,Stevenson,Democrat,45.92,8.16
WV,West Virginia,1960,Kennedy,Democrat,52.73,Nixon,Republican,47.27,5.46
WV,West Virginia,1964,Johnson,Democrat,67.94,Goldwater,Republican,32.06,35.88
WV,West Virginia,1968,Humphrey,Democrat,49.6,Nixon,Republican,40.78,8.82
WV,West Virginia,1972,Nixon,Republican,63.61,McGovern,Democrat,36.39,27.22
WV,West Virginia,1976,Carter,Democrat,58.07,Ford,Republican,41.93,16.14
WV,West Virginia,1980,Carter,Democrat,49.81,Reagan,Republican,45.3,4.51
WV,West Virginia,1984,Reagan,Republican,55.11,Mondale,Democrat,44.6,10.51
WV,West Virginia,1988,Dukakis,Democrat,52.2,Bush,Republican,47.46,4.74
WV,West Virginia,1992,Clinton,Democrat,48.41,Bush,Republican,35.39,13.02
WV,West Virginia,1996,Clinton,Democrat,51.51,Dole,Republican,36.76,14.75
WV,West Virginia,2000,Bush,Republican,51.92,Gore,Democrat,45.59,6.32
WV,West Virginia,2004,Bush,Republican,56.07,Kerry,Democrat,43.21,12.87
WV,West Virginia,2008,McCain,Republican,55.71,Obama,Democrat,42.59,13.12
WV,West Virginia,2012,Romney,Republican,62.3,Obama,Democrat,35.54,26.76
WV,West Virginia,2016,Trump,Republican,68.63,Clinton,Democrat,26.48,42.15
WV,West Virginia,2020,Trump,Republican,68.63,Biden,Democrat,29.7,38.94
WV,West Virginia,2024,Trump,Republican,69.97,Harris,Democrat,28.1,41.86
WY,Wyoming,1900,McKinley,Republican,58.66,Bryan,Democrat,41.17,17.49
WY,Wyoming,1904,Roosevelt,Republican,66.72,Parker,Democrat,29.08,37.64
WY,Wyoming,1908,Taft,Republican,55.43,Bryan,Democrat,39.67,15.76
WY,Wyoming,1912,Wilson,Democrat,36.2,Taft,Republican,34.42,1.78
WY,Wyoming,1916,Wilson,Democrat,54.62,Hughes,Republican,41.86,12.76
WY,Wyoming,1920,Harding,Republican,64.15,Cox,Democrat,31.86,32.29
WY,Wyoming,1924,Coolidge,Republican,52.39,La Follette,Third party,31.51,20.88
WY,Wyoming,1928,Hoover,Republican,63.68,Smith,Democrat,35.37,28.31
WY,Wyoming,1932,Roosevelt,Democrat,56.07,Hoover,Republican,40.82,15.25
WY,Wyoming,1936,Roosevelt,Democrat,60.58,Landon,Republican,37.47,23.11
WY,Wyoming,1940,Roosevelt,Democrat,52.82,Willkie,Republican,46.89,5.93
WY,Wyoming,1944,Dewey,Republican,51.23,Roosevelt,Democrat,48.77,2.46
WY,Wyoming,1948,Truman,Democrat,51.62,Dewey,Republican,47.27,4.35
WY,Wyoming,1952,Eisenhower,Republican,62.71,Stevenson,Democrat,37.09,25.62
WY,Wyoming,1956,Eisenhower,Republican,60.08,Stevenson,Democrat,39.92,20.16
WY,Wyoming,1960,Nixon,Republican,55.01,Kennedy,Democrat,44.99,10.02
WY,Wyoming,1964,Johnson,Democrat,56.56,Goldwater,Republican,43.44,13.12
WY,Wyoming,1968,Nixon,Republican,55.76,Humphrey,Democrat,35.51,20.25
WY,Wyoming,1972,Nixon,Republican,69.01,McGovern,Democrat,30.47,38.54
WY,Wyoming,1976,Ford,Republican,59.3,Carter,Democrat,39.81,19.49
WY,Wyoming,1980,Reagan,Republican,62.64,Carter,Democrat,27.97,34.67
WY,Wyoming,1984,Reagan,Republican,70.51,Mondale,Democrat,28.24,42.27
WY,Wyoming,1988,Bush,Republican,60.53,Dukakis,Democrat,38.01,22.52
WY,Wyoming,1992,Bush,Republican,39.7,Clinton,Democrat,34.1,5.6
WY,Wyoming,1996,Dole,Republican,49.81,Clinton,Democrat,36.84,12.98
WY,Wyoming,2000,Bush,Republican,69.22,Gore,Democrat,28.3,40.92
WY,Wyoming,2004,Bush,Republican,68.74,Kerry,Democrat,29.02,39.72
WY,Wyoming,2008,McCain,Republican,64.71,Obama,Democrat,32.51,32.2
WY,Wyoming,2012,Romney,Republican,68.19,Obama,Democrat,27.64,40.56
WY,Wyoming,2016,Trump,Republican,67.4,Clinton,Democrat,21.63,45.77
WY,Wyoming,2020,Trump,Republican,69.5,Biden,Democrat,26.39,43.11
WY,Wyoming,2024,Trump,Republican,71.05,Harris,Democrat,25.64,45.41
