st,state,year,sales_taxes_pct,income_taxes_pct,property_severance_licenses_and_other_pct
AK,Alaska,1957,31.44,38.77,29.79
AK,Alaska,1958,31.0,38.36,30.64
AK,Alaska,1959,29.34,39.66,31.0
AK,Alaska,1960,29.34,39.08,31.58
AK,Alaska,1961,31.23,37.41,31.36
AK,Alaska,1962,29.93,38.45,31.62
AK,Alaska,1963,31.2,38.88,29.93
AK,Alaska,1964,30.49,40.21,29.3
AK,Alaska,1965,29.28,40.89,29.83
AK,Alaska,1966,27.26,44.21,28.53
AK,Alaska,1967,27.85,44.94,27.21
AK,Alaska,1968,26.97,43.81,29.22
AK,Alaska,1969,25.35,41.13,33.52
AK,Alaska,1970,23.76,43.95,32.29
AK,Alaska,1971,21.79,46.92,31.29
AK,Alaska,1972,22.93,44.64,32.44
AK,Alaska,1973,23.03,46.15,30.81
AK,Alaska,1974,21.94,46.28,31.79
AK,Alaska,1975,16.64,51.43,31.93
AK,Alaska,1976,10.51,29.62,59.87
AK,Alaska,1977,8.53,31.82,59.66
AK,Alaska,1978,12.18,31.83,56.0
AK,Alaska,1979,9.13,45.68,45.2
AK,Alaska,1980,3.79,46.31,49.9
AK,Alaska,1981,2.3,38.93,58.77
AK,Alaska,1982,2.57,27.77,69.66
AK,Alaska,1983,3.65,13.09,83.26
AK,Alaska,1984,4.47,15.5,80.03
AK,Alaska,1985,5.99,10.92,83.1
AK,Alaska,1986,3.62,9.6,86.77
AK,Alaska,1987,7.69,13.32,78.99
AK,Alaska,1988,6.53,14.54,78.93
AK,Alaska,1989,5.74,32.59,61.67
AK,Alaska,1990,5.88,11.97,82.15
AK,Alaska,1991,5.35,14.04,80.6
AK,Alaska,1992,6.32,12.48,81.2
AK,Alaska,1993,4.46,39.16,56.38
AK,Alaska,1994,8.03,14.2,77.77
AK,Alaska,1995,5.26,27.47,67.28
AK,Alaska,1996,6.53,21.48,72.0
AK,Alaska,1997,5.93,20.46,73.61
AK,Alaska,1998,9.85,23.25,66.91
AK,Alaska,1999,14.58,23.4,62.02
AK,Alaska,2000,9.68,30.8,59.52
AK,Alaska,2001,9.42,28.03,62.55
AK,Alaska,2002,13.04,24.72,62.25
AK,Alaska,2003,13.58,18.49,67.93
AK,Alaska,2004,12.87,25.28,61.85
AK,Alaska,2005,10.7,31.68,57.62
AK,Alaska,2006,8.41,33.07,58.52
AK,Alaska,2007,6.39,22.06,71.54
AK,Alaska,2008,3.17,14.86,81.97
AK,Alaska,2009,5.05,12.75,82.2
AK,Alaska,2010,5.81,14.22,79.97
AK,Alaska,2011,4.62,13.02,82.36
AK,Alaska,2012,3.52,9.41,87.07
AK,Alaska,2013,4.86,12.29,82.85
AK,Alaska,2014,7.6,12.05,80.35
AK,Alaska,2015,18.78,16.71,64.51
AK,Alaska,2016,29.08,7.52,63.4
AK,Alaska,2017,21.76,7.26,70.97
AK,Alaska,2018,15.27,11.85,72.87
AK,Alaska,2019,15.66,18.67,65.67
AK,Alaska,2020,19.09,14.56,66.35
AK,Alaska,2021,25.43,11.87,62.71
AK,Alaska,2022,9.2,14.05,76.75
AK,Alaska,2023,10.46,15.9,73.64
AK,Alaska,2024,16.25,19.59,64.16
AK,Alaska,2025,19.89,21.66,58.45
AL,Alabama,1942,64.66,7.54,27.8
AL,Alabama,1944,63.38,11.36,25.26
AL,Alabama,1946,65.23,10.35,24.43
AL,Alabama,1948,68.1,11.77,20.13
AL,Alabama,1950,67.24,13.11,19.64
AL,Alabama,1951,67.59,11.81,20.6
AL,Alabama,1952,67.58,13.18,19.24
AL,Alabama,1953,70.22,11.28,18.5
AL,Alabama,1954,74.75,10.16,15.09
AL,Alabama,1955,73.18,10.76,16.06
AL,Alabama,1956,71.17,15.15,13.69
AL,Alabama,1957,72.28,13.71,14.0
AL,Alabama,1958,72.99,12.48,14.53
AL,Alabama,1959,72.28,13.03,14.69
AL,Alabama,1960,72.47,13.45,14.08
AL,Alabama,1961,72.87,12.58,14.55
AL,Alabama,1962,73.51,12.86,13.63
AL,Alabama,1963,73.18,12.64,14.18
AL,Alabama,1964,73.25,13.63,13.12
AL,Alabama,1965,72.59,15.56,11.85
AL,Alabama,1966,70.98,16.45,12.57
AL,Alabama,1967,70.11,18.22,11.67
AL,Alabama,1968,68.73,17.67,13.6
AL,Alabama,1969,68.74,18.07,13.19
AL,Alabama,1970,70.26,17.63,12.11
AL,Alabama,1971,70.19,17.72,12.09
AL,Alabama,1972,68.93,18.58,12.5
AL,Alabama,1973,67.69,19.67,12.63
AL,Alabama,1974,66.62,21.34,12.04
AL,Alabama,1975,66.1,22.33,11.57
AL,Alabama,1976,65.57,22.92,11.51
AL,Alabama,1977,64.73,24.06,11.21
AL,Alabama,1978,62.72,25.25,12.04
AL,Alabama,1979,62.7,26.53,10.77
AL,Alabama,1980,61.73,27.24,11.03
AL,Alabama,1981,59.77,28.62,11.61
AL,Alabama,1982,61.19,27.56,11.25
AL,Alabama,1983,59.18,29.48,11.34
AL,Alabama,1984,55.93,31.32,12.75
AL,Alabama,1985,54.78,31.0,14.22
AL,Alabama,1986,55.43,30.5,14.08
AL,Alabama,1987,54.01,32.55,13.44
AL,Alabama,1988,54.1,32.81,13.09
AL,Alabama,1989,52.32,34.92,12.75
AL,Alabama,1990,52.43,34.07,13.5
AL,Alabama,1991,51.3,34.05,14.65
AL,Alabama,1992,52.61,33.16,14.24
AL,Alabama,1993,54.2,32.81,12.99
AL,Alabama,1994,53.7,33.26,13.03
AL,Alabama,1995,52.1,33.85,14.05
AL,Alabama,1996,52.76,34.15,13.09
AL,Alabama,1997,52.27,34.9,12.83
AL,Alabama,1998,52.21,35.53,12.26
AL,Alabama,1999,51.88,35.48,12.64
AL,Alabama,2000,50.14,35.95,13.91
AL,Alabama,2001,48.87,39.11,12.02
AL,Alabama,2002,51.97,36.15,11.88
AL,Alabama,2003,52.21,35.5,12.28
AL,Alabama,2004,52.37,36.13,11.5
AL,Alabama,2005,50.97,37.74,11.29
AL,Alabama,2006,49.64,38.98,11.38
AL,Alabama,2007,49.51,39.75,10.74
AL,Alabama,2008,48.87,39.72,11.41
AL,Alabama,2009,50.6,38.0,11.39
AL,Alabama,2010,52.8,36.16,11.05
AL,Alabama,2011,53.0,35.88,11.12
AL,Alabama,2012,51.12,37.91,10.96
AL,Alabama,2013,50.8,38.68,10.52
AL,Alabama,2014,51.77,38.86,9.37
AL,Alabama,2015,50.6,39.67,9.73
AL,Alabama,2016,50.9,38.94,10.16
AL,Alabama,2017,50.37,39.79,9.84
AL,Alabama,2018,50.06,40.62,9.32
AL,Alabama,2019,49.47,41.41,9.11
AL,Alabama,2020,50.55,40.51,8.94
AL,Alabama,2021,49.22,42.4,8.38
AL,Alabama,2022,46.16,46.3,7.54
AL,Alabama,2023,48.06,44.11,7.82
AL,Alabama,2024,47.9,44.24,7.86
AL,Alabama,2025,47.32,44.83,7.84
AR,Arkansas,1942,68.55,5.77,25.68
AR,Arkansas,1944,65.78,8.83,25.39
AR,Arkansas,1946,72.05,6.08,21.87
AR,Arkansas,1948,69.13,10.17,20.7
AR,Arkansas,1950,68.36,14.29,17.34
AR,Arkansas,1951,69.35,12.85,17.8
AR,Arkansas,1952,70.2,12.86,16.94
AR,Arkansas,1953,70.44,11.95,17.61
AR,Arkansas,1954,70.15,11.39,18.46
AR,Arkansas,1955,70.48,11.27,18.26
AR,Arkansas,1956,69.7,11.81,18.5
AR,Arkansas,1957,69.63,12.13,18.25
AR,Arkansas,1958,70.67,11.58,17.75
AR,Arkansas,1959,71.36,11.24,17.41
AR,Arkansas,1960,71.45,11.79,16.77
AR,Arkansas,1961,70.4,12.88,16.72
AR,Arkansas,1962,70.88,12.71,16.41
AR,Arkansas,1963,71.5,13.0,15.49
AR,Arkansas,1964,71.16,13.08,15.76
AR,Arkansas,1965,70.3,14.55,15.16
AR,Arkansas,1966,66.41,18.23,15.36
AR,Arkansas,1967,65.33,19.84,14.83
AR,Arkansas,1968,66.77,17.66,15.57
AR,Arkansas,1969,67.38,18.91,13.71
AR,Arkansas,1970,66.27,19.57,14.16
AR,Arkansas,1971,67.03,18.6,14.37
AR,Arkansas,1972,64.68,22.12,13.2
AR,Arkansas,1973,64.23,24.31,11.46
AR,Arkansas,1974,62.47,26.91,10.62
AR,Arkansas,1975,61.87,27.68,10.45
AR,Arkansas,1976,61.23,28.12,10.65
AR,Arkansas,1977,61.11,28.77,10.12
AR,Arkansas,1978,59.33,30.93,9.74
AR,Arkansas,1979,58.88,31.4,9.72
AR,Arkansas,1980,53.87,34.49,11.64
AR,Arkansas,1981,55.14,33.02,11.84
AR,Arkansas,1982,53.8,35.22,10.98
AR,Arkansas,1983,52.83,35.52,11.65
AR,Arkansas,1984,54.96,35.05,9.99
AR,Arkansas,1985,56.71,34.48,8.81
AR,Arkansas,1986,57.21,34.11,8.68
AR,Arkansas,1987,57.28,34.46,8.27
AR,Arkansas,1988,56.78,35.28,7.95
AR,Arkansas,1989,54.3,36.53,9.17
AR,Arkansas,1990,53.53,38.46,8.02
AR,Arkansas,1991,53.17,38.72,8.11
AR,Arkansas,1992,55.23,35.5,9.27
AR,Arkansas,1993,56.04,35.99,7.97
AR,Arkansas,1994,56.22,35.98,7.8
AR,Arkansas,1995,55.69,36.52,7.79
AR,Arkansas,1996,52.39,37.58,10.03
AR,Arkansas,1997,53.43,39.1,7.48
AR,Arkansas,1998,51.82,40.51,7.67
AR,Arkansas,1999,48.35,35.71,15.94
AR,Arkansas,2000,48.51,35.05,16.44
AR,Arkansas,2001,49.55,35.41,15.03
AR,Arkansas,2002,51.17,32.65,16.17
AR,Arkansas,2003,51.65,33.14,15.21
AR,Arkansas,2004,52.57,33.46,13.96
AR,Arkansas,2005,52.88,32.92,14.2
AR,Arkansas,2006,52.6,33.94,13.46
AR,Arkansas,2007,52.15,34.25,13.6
AR,Arkansas,2008,50.17,35.69,14.14
AR,Arkansas,2009,50.23,34.62,15.15
AR,Arkansas,2010,49.0,32.76,18.24
AR,Arkansas,2011,48.75,33.29,17.96
AR,Arkansas,2012,48.06,33.86,18.09
AR,Arkansas,2013,46.81,35.55,17.64
AR,Arkansas,2014,48.49,33.65,17.86
AR,Arkansas,2015,48.1,34.26,17.64
AR,Arkansas,2016,48.67,34.27,17.06
AR,Arkansas,2017,49.41,33.26,17.34
AR,Arkansas,2018,49.24,33.17,17.59
AR,Arkansas,2019,48.16,34.71,17.14
AR,Arkansas,2020,50.1,33.0,16.9
AR,Arkansas,2021,49.06,34.84,16.1
AR,Arkansas,2022,48.68,35.59,15.72
AR,Arkansas,2023,52.27,31.24,16.49
AR,Arkansas,2024,53.77,29.45,16.78
AR,Arkansas,2025,55.02,26.91,18.07
AZ,Arizona,1942,55.29,8.38,36.33
AZ,Arizona,1944,58.0,13.71,28.29
AZ,Arizona,1946,65.04,12.69,22.27
AZ,Arizona,1948,63.52,16.64,19.84
AZ,Arizona,1950,67.68,11.63,20.68
AZ,Arizona,1951,58.23,14.65,27.12
AZ,Arizona,1952,62.43,16.04,21.53
AZ,Arizona,1953,63.98,12.19,23.83
AZ,Arizona,1954,63.07,13.0,23.93
AZ,Arizona,1955,65.5,13.12,21.38
AZ,Arizona,1956,61.16,14.7,24.14
AZ,Arizona,1957,62.15,14.07,23.78
AZ,Arizona,1958,62.85,10.58,26.57
AZ,Arizona,1959,62.11,11.1,26.8
AZ,Arizona,1960,63.69,10.2,26.1
AZ,Arizona,1961,64.98,11.94,23.09
AZ,Arizona,1962,65.47,10.74,23.79
AZ,Arizona,1963,63.45,9.9,26.66
AZ,Arizona,1964,65.06,10.5,24.43
AZ,Arizona,1965,62.83,10.73,26.45
AZ,Arizona,1966,63.81,12.79,23.4
AZ,Arizona,1967,62.57,13.7,23.73
AZ,Arizona,1968,61.92,15.07,23.0
AZ,Arizona,1969,60.88,17.25,21.87
AZ,Arizona,1970,60.5,18.11,21.39
AZ,Arizona,1971,60.49,19.25,20.26
AZ,Arizona,1972,60.79,20.61,18.6
AZ,Arizona,1973,61.54,21.41,17.05
AZ,Arizona,1974,62.8,23.82,13.38
AZ,Arizona,1975,61.77,22.07,16.16
AZ,Arizona,1976,61.69,20.57,17.74
AZ,Arizona,1977,61.25,20.89,17.86
AZ,Arizona,1978,61.46,21.93,16.61
AZ,Arizona,1979,62.35,23.72,13.93
AZ,Arizona,1980,62.75,24.06,13.19
AZ,Arizona,1981,59.56,27.47,12.97
AZ,Arizona,1982,55.8,29.81,14.39
AZ,Arizona,1983,55.6,31.12,13.28
AZ,Arizona,1984,59.32,28.73,11.95
AZ,Arizona,1985,61.44,27.53,11.03
AZ,Arizona,1986,61.62,27.31,11.06
AZ,Arizona,1987,61.24,27.7,11.06
AZ,Arizona,1988,61.52,27.02,11.45
AZ,Arizona,1989,60.84,27.42,11.74
AZ,Arizona,1990,58.84,28.41,12.74
AZ,Arizona,1991,56.83,30.53,12.65
AZ,Arizona,1992,57.63,30.07,12.3
AZ,Arizona,1993,56.64,30.78,12.58
AZ,Arizona,1994,57.8,30.26,11.94
AZ,Arizona,1995,57.84,30.53,11.62
AZ,Arizona,1996,57.08,30.3,12.62
AZ,Arizona,1997,57.34,34.38,8.27
AZ,Arizona,1998,57.68,34.41,7.91
AZ,Arizona,1999,56.95,35.05,8.0
AZ,Arizona,2000,57.32,34.75,7.93
AZ,Arizona,2001,58.18,34.03,7.79
AZ,Arizona,2002,63.14,28.75,8.12
AZ,Arizona,2003,63.41,28.67,7.92
AZ,Arizona,2004,63.31,29.48,7.2
AZ,Arizona,2005,60.85,32.25,6.9
AZ,Arizona,2006,59.24,31.02,9.74
AZ,Arizona,2007,57.55,32.86,9.59
AZ,Arizona,2008,57.73,31.88,10.39
AZ,Arizona,2009,60.27,28.45,11.28
AZ,Arizona,2010,62.66,26.39,10.94
AZ,Arizona,2011,62.15,27.92,9.93
AZ,Arizona,2012,62.06,28.79,9.15
AZ,Arizona,2013,60.92,30.14,8.95
AZ,Arizona,2014,60.2,30.08,9.72
AZ,Arizona,2015,57.47,32.44,10.09
AZ,Arizona,2016,59.69,30.22,10.09
AZ,Arizona,2017,60.23,29.41,10.36
AZ,Arizona,2018,59.53,30.15,10.32
AZ,Arizona,2019,57.5,32.33,10.18
AZ,Arizona,2020,60.92,28.65,10.43
AZ,Arizona,2021,54.2,35.84,9.97
AZ,Arizona,2022,55.35,35.96,8.69
AZ,Arizona,2023,63.36,28.52,8.12
AZ,Arizona,2024,65.72,26.27,8.01
AZ,Arizona,2025,64.69,27.18,8.13
CA,California,1942,65.37,18.9,15.73
CA,California,1944,55.61,30.08,14.31
CA,California,1946,64.08,20.98,14.94
CA,California,1948,65.66,16.87,17.47
CA,California,1950,65.18,16.65,18.17
CA,California,1951,65.28,18.16,16.56
CA,California,1952,61.82,19.77,18.4
CA,California,1953,64.81,18.7,16.49
CA,California,1954,63.88,17.88,18.24
CA,California,1955,63.44,17.98,18.58
CA,California,1956,63.16,18.61,18.24
CA,California,1957,63.09,18.98,17.93
CA,California,1958,62.22,19.19,18.58
CA,California,1959,63.43,18.54,18.03
CA,California,1960,60.62,22.87,16.51
CA,California,1961,58.26,24.2,17.54
CA,California,1962,58.03,24.89,17.08
CA,California,1963,57.78,24.74,17.48
CA,California,1964,56.07,27.19,16.74
CA,California,1965,56.56,26.4,17.04
CA,California,1966,57.42,25.84,16.74
CA,California,1967,55.95,27.32,16.73
CA,California,1968,53.14,32.81,14.05
CA,California,1969,54.43,32.03,13.55
CA,California,1970,54.73,31.62,13.65
CA,California,1971,54.14,31.71,14.15
CA,California,1972,49.88,37.08,13.03
CA,California,1973,49.32,37.59,13.09
CA,California,1974,51.61,35.74,12.65
CA,California,1975,50.51,38.78,10.71
CA,California,1976,49.3,39.42,11.29
CA,California,1977,47.7,41.8,10.5
CA,California,1978,45.36,44.67,9.97
CA,California,1979,46.22,43.62,10.16
CA,California,1980,44.41,46.32,9.27
CA,California,1981,44.9,45.45,9.65
CA,California,1982,44.33,46.34,9.33
CA,California,1983,44.71,45.84,9.45
CA,California,1984,43.24,48.63,8.13
CA,California,1985,41.81,49.81,8.38
CA,California,1986,42.18,49.23,8.59
CA,California,1987,38.5,51.98,9.53
CA,California,1988,40.31,48.92,10.77
CA,California,1989,39.32,50.66,10.02
CA,California,1990,39.77,50.1,10.13
CA,California,1991,41.72,47.37,10.91
CA,California,1992,43.18,44.92,11.9
CA,California,1993,43.66,44.37,11.97
CA,California,1994,43.19,44.63,12.17
CA,California,1995,42.46,45.23,12.31
CA,California,1996,41.72,46.05,12.23
CA,California,1997,40.9,47.15,11.95
CA,California,1998,39.15,49.28,11.56
CA,California,1999,39.12,50.0,10.88
CA,California,2000,35.34,55.14,9.52
CA,California,2001,34.0,56.95,9.05
CA,California,2002,39.49,49.36,11.16
CA,California,2003,40.3,49.89,9.81
CA,California,2004,39.64,50.54,9.81
CA,California,2005,38.27,52.48,9.24
CA,California,2006,35.87,55.27,8.86
CA,California,2007,35.3,56.19,8.5
CA,California,2008,33.92,57.6,8.49
CA,California,2009,36.02,53.35,10.63
CA,California,2010,38.19,51.09,10.73
CA,California,2011,39.96,50.45,9.59
CA,California,2012,35.89,54.67,9.43
CA,California,2013,36.1,55.77,8.14
CA,California,2014,36.17,55.66,8.17
CA,California,2015,34.66,57.48,7.86
CA,California,2016,33.25,58.42,8.33
CA,California,2017,32.29,59.29,8.41
CA,California,2018,32.14,60.32,7.54
CA,California,2019,31.78,60.69,7.53
CA,California,2020,36.74,54.48,8.78
CA,California,2021,25.26,67.66,7.08
CA,California,2022,25.34,67.94,6.72
CA,California,2023,33.3,58.02,8.68
CA,California,2024,27.89,61.95,10.16
CA,California,2025,27.42,61.12,11.46
CO,Colorado,1942,57.06,11.09,31.85
CO,Colorado,1944,55.18,15.56,29.26
CO,Colorado,1946,58.97,13.52,27.51
CO,Colorado,1948,62.33,15.09,22.57
CO,Colorado,1950,59.04,19.33,21.63
CO,Colorado,1951,59.98,18.86,21.16
CO,Colorado,1952,59.43,18.98,21.59
CO,Colorado,1953,60.88,17.15,21.97
CO,Colorado,1954,61.31,16.83,21.87
CO,Colorado,1955,56.25,17.91,25.84
CO,Colorado,1956,56.35,18.29,25.35
CO,Colorado,1957,55.39,18.0,26.61
CO,Colorado,1958,53.16,21.49,25.34
CO,Colorado,1959,51.06,25.7,23.24
CO,Colorado,1960,52.31,23.51,24.19
CO,Colorado,1961,47.75,32.12,20.12
CO,Colorado,1962,47.8,33.06,19.14
CO,Colorado,1963,50.5,29.1,20.4
CO,Colorado,1964,49.63,31.26,19.11
CO,Colorado,1965,50.92,31.28,17.8
CO,Colorado,1966,56.66,29.18,14.16
CO,Colorado,1967,54.92,31.03,14.05
CO,Colorado,1968,54.07,32.6,13.33
CO,Colorado,1969,53.22,33.2,13.58
CO,Colorado,1970,53.05,34.59,12.35
CO,Colorado,1971,54.77,33.53,11.69
CO,Colorado,1972,53.63,34.99,11.38
CO,Colorado,1973,55.24,33.72,11.04
CO,Colorado,1974,51.1,38.02,10.88
CO,Colorado,1975,50.97,39.08,9.95
CO,Colorado,1976,49.76,40.44,9.8
CO,Colorado,1977,51.07,38.94,9.99
CO,Colorado,1978,52.72,38.08,9.2
CO,Colorado,1979,50.84,39.52,9.64
CO,Colorado,1980,50.84,38.36,10.8
CO,Colorado,1981,51.94,37.43,10.63
CO,Colorado,1982,51.68,37.89,10.43
CO,Colorado,1983,50.56,40.62,8.82
CO,Colorado,1984,51.78,39.92,8.3
CO,Colorado,1985,47.29,44.12,8.6
CO,Colorado,1986,45.86,45.76,8.38
CO,Colorado,1987,47.17,45.52,7.32
CO,Colorado,1988,44.56,47.94,7.5
CO,Colorado,1989,42.77,49.73,7.5
CO,Colorado,1990,43.55,47.73,8.72
CO,Colorado,1991,42.52,49.19,8.29
CO,Colorado,1992,42.01,49.14,8.85
CO,Colorado,1993,41.77,50.22,8.02
CO,Colorado,1994,42.69,49.8,7.51
CO,Colorado,1995,42.21,50.57,7.22
CO,Colorado,1996,42.39,51.44,6.17
CO,Colorado,1997,41.18,52.64,6.18
CO,Colorado,1998,39.31,53.45,7.24
CO,Colorado,1999,38.38,55.66,5.96
CO,Colorado,2000,38.29,56.14,5.57
CO,Colorado,2001,38.15,55.95,5.9
CO,Colorado,2002,40.94,53.17,5.89
CO,Colorado,2003,42.1,51.77,6.13
CO,Colorado,2004,41.04,51.81,7.15
CO,Colorado,2005,39.97,53.43,6.6
CO,Colorado,2006,38.12,55.27,6.61
CO,Colorado,2007,37.43,57.23,5.34
CO,Colorado,2008,36.57,57.93,5.5
CO,Colorado,2009,38.0,54.51,7.49
CO,Colorado,2010,40.87,51.89,7.24
CO,Colorado,2011,40.11,52.01,7.88
CO,Colorado,2012,39.86,52.3,7.84
CO,Colorado,2013,38.11,54.91,6.98
CO,Colorado,2014,38.06,54.24,7.7
CO,Colorado,2015,37.22,55.14,7.64
CO,Colorado,2016,38.71,55.18,6.1
CO,Colorado,2017,39.54,54.85,5.61
CO,Colorado,2018,38.27,55.57,6.16
CO,Colorado,2019,37.74,56.5,5.77
CO,Colorado,2020,39.88,54.63,5.48
CO,Colorado,2021,36.34,59.87,3.8
CO,Colorado,2022,35.57,59.73,4.7
CO,Colorado,2023,44.05,50.31,5.64
CO,Colorado,2024,42.39,52.7,4.91
CO,Colorado,2025,40.69,55.13,4.18
CT,Connecticut,1942,50.57,17.75,31.68
CT,Connecticut,1944,47.48,23.2,29.33
CT,Connecticut,1946,53.98,15.71,30.31
CT,Connecticut,1948,67.36,14.16,18.48
CT,Connecticut,1950,67.68,11.55,20.77
CT,Connecticut,1951,65.87,15.05,19.09
CT,Connecticut,1952,65.03,16.79,18.17
CT,Connecticut,1953,65.95,14.36,19.69
CT,Connecticut,1954,67.22,15.33,17.45
CT,Connecticut,1955,68.3,13.37,18.33
CT,Connecticut,1956,71.53,13.86,14.6
CT,Connecticut,1957,70.33,13.08,16.59
CT,Connecticut,1958,70.41,13.93,15.66
CT,Connecticut,1959,70.53,12.56,16.91
CT,Connecticut,1960,69.65,12.92,17.43
CT,Connecticut,1961,68.45,12.26,19.3
CT,Connecticut,1962,72.38,12.24,15.38
CT,Connecticut,1963,68.45,13.98,17.57
CT,Connecticut,1964,69.12,14.21,16.66
CT,Connecticut,1965,68.22,14.68,17.1
CT,Connecticut,1966,66.68,15.45,17.87
CT,Connecticut,1967,66.51,17.1,16.39
CT,Connecticut,1968,68.14,15.97,15.88
CT,Connecticut,1969,67.94,15.92,16.14
CT,Connecticut,1970,69.66,16.78,13.56
CT,Connecticut,1971,69.46,17.24,13.3
CT,Connecticut,1972,69.64,18.6,11.76
CT,Connecticut,1973,71.73,16.56,11.71
CT,Connecticut,1974,73.84,14.52,11.64
CT,Connecticut,1975,74.18,14.54,11.28
CT,Connecticut,1976,73.89,15.36,10.74
CT,Connecticut,1977,72.26,17.92,9.82
CT,Connecticut,1978,72.29,17.75,9.96
CT,Connecticut,1979,71.87,18.31,9.82
CT,Connecticut,1980,72.09,18.87,9.04
CT,Connecticut,1981,72.93,17.69,9.38
CT,Connecticut,1982,70.46,20.79,8.75
CT,Connecticut,1983,70.87,21.12,8.01
CT,Connecticut,1984,68.65,22.05,9.3
CT,Connecticut,1985,67.41,22.13,10.45
CT,Connecticut,1986,64.93,23.91,11.16
CT,Connecticut,1987,62.9,25.14,11.97
CT,Connecticut,1988,66.74,21.8,11.47
CT,Connecticut,1989,63.58,26.01,10.41
CT,Connecticut,1990,65.96,24.49,9.55
CT,Connecticut,1991,68.37,19.88,11.75
CT,Connecticut,1992,50.72,40.59,8.69
CT,Connecticut,1993,46.4,44.46,9.15
CT,Connecticut,1994,48.45,42.97,8.58
CT,Connecticut,1995,49.62,42.46,7.92
CT,Connecticut,1996,50.22,41.58,8.2
CT,Connecticut,1997,52.22,40.44,7.34
CT,Connecticut,1998,50.25,41.95,7.79
CT,Connecticut,1999,50.1,42.44,7.46
CT,Connecticut,2000,49.69,43.26,7.05
CT,Connecticut,2001,46.03,46.66,7.3
CT,Connecticut,2002,50.0,42.45,7.55
CT,Connecticut,2003,50.38,41.9,7.72
CT,Connecticut,2004,47.62,45.66,6.72
CT,Connecticut,2005,44.27,48.41,7.32
CT,Connecticut,2006,40.97,52.86,6.17
CT,Connecticut,2007,40.06,54.47,5.47
CT,Connecticut,2008,41.68,53.46,4.86
CT,Connecticut,2009,44.62,49.78,5.6
CT,Connecticut,2010,43.49,50.85,5.66
CT,Connecticut,2011,41.73,52.81,5.46
CT,Connecticut,2012,43.65,51.65,4.69
CT,Connecticut,2013,41.32,52.4,6.28
CT,Connecticut,2014,42.56,52.7,4.74
CT,Connecticut,2015,40.5,54.57,4.93
CT,Connecticut,2016,41.63,53.15,5.22
CT,Connecticut,2017,41.9,53.08,5.02
CT,Connecticut,2018,40.12,55.73,4.14
CT,Connecticut,2019,40.71,54.94,4.35
CT,Connecticut,2020,40.59,55.65,3.76
CT,Connecticut,2021,36.93,58.31,4.77
CT,Connecticut,2022,36.57,59.31,4.12
CT,Connecticut,2023,39.12,57.17,3.71
CT,Connecticut,2024,39.54,57.02,3.44
CT,Connecticut,2025,37.26,59.47,3.27
DE,Delaware,1942,37.33,13.9,48.77
DE,Delaware,1944,47.21,8.79,44.0
DE,Delaware,1946,32.03,9.65,58.33
DE,Delaware,1948,36.05,12.64,51.3
DE,Delaware,1950,30.94,28.7,40.36
DE,Delaware,1951,30.1,31.9,38.0
DE,Delaware,1952,38.01,19.14,42.85
DE,Delaware,1953,38.99,12.03,48.97
DE,Delaware,1954,27.51,26.07,46.43
DE,Delaware,1955,30.18,30.75,39.07
DE,Delaware,1956,27.7,31.64,40.66
DE,Delaware,1957,31.3,32.38,36.33
DE,Delaware,1958,27.2,39.65,33.14
DE,Delaware,1959,24.39,47.47,28.14
DE,Delaware,1960,24.85,47.86,27.3
DE,Delaware,1961,24.43,44.42,31.15
DE,Delaware,1962,24.55,47.68,27.77
DE,Delaware,1963,25.03,46.59,28.38
DE,Delaware,1964,23.36,45.1,31.54
DE,Delaware,1965,21.57,43.3,35.13
DE,Delaware,1966,25.08,48.55,26.37
DE,Delaware,1967,23.69,47.83,28.48
DE,Delaware,1968,24.06,45.67,30.27
DE,Delaware,1969,23.37,48.73,27.9
DE,Delaware,1970,21.88,41.88,36.25
DE,Delaware,1971,20.43,41.33,38.24
DE,Delaware,1972,23.58,42.15,34.27
DE,Delaware,1973,23.52,40.78,35.7
DE,Delaware,1974,22.8,42.82,34.37
DE,Delaware,1975,21.29,46.12,32.59
DE,Delaware,1976,19.02,45.83,35.15
DE,Delaware,1977,17.65,50.41,31.95
DE,Delaware,1978,17.38,51.58,31.04
DE,Delaware,1979,15.03,54.06,30.91
DE,Delaware,1980,14.38,53.58,32.04
DE,Delaware,1981,14.42,53.51,32.07
DE,Delaware,1982,14.61,54.17,31.22
DE,Delaware,1983,14.09,53.78,32.14
DE,Delaware,1984,13.09,54.49,32.42
DE,Delaware,1985,11.13,54.74,34.14
DE,Delaware,1986,15.78,48.34,35.88
DE,Delaware,1987,14.5,49.66,35.84
DE,Delaware,1988,14.54,49.89,35.57
DE,Delaware,1989,14.05,51.57,34.38
DE,Delaware,1990,14.05,50.83,35.12
DE,Delaware,1991,14.63,50.12,35.25
DE,Delaware,1992,14.57,46.71,38.73
DE,Delaware,1993,14.79,46.8,38.41
DE,Delaware,1994,14.62,48.61,36.77
DE,Delaware,1995,15.41,47.4,37.18
DE,Delaware,1996,14.54,47.37,38.09
DE,Delaware,1997,14.54,47.94,37.53
DE,Delaware,1998,12.87,48.79,38.35
DE,Delaware,1999,13.5,49.41,37.09
DE,Delaware,2000,13.57,45.67,40.76
DE,Delaware,2001,13.99,41.73,44.28
DE,Delaware,2002,14.85,44.55,40.6
DE,Delaware,2003,15.43,43.4,41.17
DE,Delaware,2004,16.14,42.05,41.81
DE,Delaware,2005,15.34,43.68,40.99
DE,Delaware,2006,15.08,45.94,38.98
DE,Delaware,2007,15.8,45.69,38.51
DE,Delaware,2008,16.53,44.88,38.58
DE,Delaware,2009,16.94,39.99,43.07
DE,Delaware,2010,16.75,36.03,47.22
DE,Delaware,2011,15.12,46.59,38.29
DE,Delaware,2012,14.97,42.33,42.7
DE,Delaware,2013,14.56,43.04,42.4
DE,Delaware,2014,15.12,41.53,43.34
DE,Delaware,2015,14.19,43.85,41.96
DE,Delaware,2016,15.31,40.61,44.08
DE,Delaware,2017,15.51,39.76,44.73
DE,Delaware,2018,13.88,45.19,40.93
DE,Delaware,2019,13.11,44.2,42.69
DE,Delaware,2020,12.85,42.38,44.76
DE,Delaware,2021,10.9,46.02,43.08
DE,Delaware,2022,10.21,46.01,43.77
DE,Delaware,2023,9.85,45.66,44.49
DE,Delaware,2024,10.08,47.0,42.92
DE,Delaware,2025,9.69,47.94,42.37
FL,Florida,1942,65.73,0.0,34.27
FL,Florida,1944,67.4,0.0,32.6
FL,Florida,1946,74.58,0.0,25.42
FL,Florida,1948,71.47,0.0,28.53
FL,Florida,1950,73.48,0.0,26.52
FL,Florida,1951,75.86,0.0,24.14
FL,Florida,1952,76.15,0.0,23.85
FL,Florida,1953,76.66,0.0,23.34
FL,Florida,1954,76.02,0.0,23.98
FL,Florida,1955,75.65,0.0,24.35
FL,Florida,1956,75.54,0.0,24.46
FL,Florida,1957,76.0,0.0,24.0
FL,Florida,1958,75.55,0.0,24.45
FL,Florida,1959,75.57,0.0,24.43
FL,Florida,1960,75.55,0.0,24.45
FL,Florida,1961,75.89,0.0,24.11
FL,Florida,1962,75.2,0.0,24.8
FL,Florida,1963,75.27,0.0,24.73
FL,Florida,1964,73.32,0.0,26.68
FL,Florida,1965,74.94,0.0,25.06
FL,Florida,1966,74.65,0.0,25.35
FL,Florida,1967,75.04,0.0,24.96
FL,Florida,1968,77.26,0.0,22.74
FL,Florida,1969,81.18,0.0,18.82
FL,Florida,1970,80.84,0.0,19.16
FL,Florida,1971,79.6,0.0,20.4
FL,Florida,1972,76.16,1.4,22.44
FL,Florida,1973,75.36,5.94,18.71
FL,Florida,1974,74.85,6.77,18.37
FL,Florida,1975,75.75,6.46,17.79
FL,Florida,1976,75.59,6.16,18.25
FL,Florida,1977,73.75,5.93,20.32
FL,Florida,1978,74.59,6.81,18.6
FL,Florida,1979,74.73,7.33,17.94
FL,Florida,1980,73.77,7.73,18.5
FL,Florida,1981,73.55,7.57,18.88
FL,Florida,1982,75.41,6.91,17.68
FL,Florida,1983,77.04,5.97,16.99
FL,Florida,1984,78.2,4.99,16.82
FL,Florida,1985,77.94,5.45,16.61
FL,Florida,1986,77.43,5.34,17.23
FL,Florida,1987,77.07,6.06,16.87
FL,Florida,1988,79.58,5.43,14.99
FL,Florida,1989,79.31,5.82,14.87
FL,Florida,1990,79.59,5.26,15.15
FL,Florida,1991,79.08,4.23,16.69
FL,Florida,1992,78.44,4.79,16.77
FL,Florida,1993,77.53,4.61,17.86
FL,Florida,1994,76.1,5.34,18.57
FL,Florida,1995,77.17,5.09,17.74
FL,Florida,1996,77.25,5.11,17.64
FL,Florida,1997,76.18,5.87,17.95
FL,Florida,1998,75.19,5.65,19.16
FL,Florida,1999,75.3,5.32,19.38
FL,Florida,2000,77.09,4.77,18.15
FL,Florida,2001,76.2,6.38,17.42
FL,Florida,2002,76.74,4.81,18.45
FL,Florida,2003,76.22,4.55,19.23
FL,Florida,2004,76.67,4.72,18.61
FL,Florida,2005,75.19,5.27,19.54
FL,Florida,2006,76.04,5.99,17.97
FL,Florida,2007,78.87,6.29,14.84
FL,Florida,2008,81.77,6.14,12.09
FL,Florida,2009,84.17,5.73,10.1
FL,Florida,2010,82.79,5.88,11.32
FL,Florida,2011,82.76,5.91,11.33
FL,Florida,2012,82.64,6.07,11.29
FL,Florida,2013,82.47,5.99,11.54
FL,Florida,2014,82.56,5.62,11.82
FL,Florida,2015,81.51,6.01,12.48
FL,Florida,2016,81.27,5.9,12.83
FL,Florida,2017,82.47,5.77,11.76
FL,Florida,2018,83.67,5.28,11.05
FL,Florida,2019,81.06,6.92,12.02
FL,Florida,2020,81.19,5.73,13.08
FL,Florida,2021,78.11,6.91,14.99
FL,Florida,2022,79.35,6.38,14.27
FL,Florida,2023,80.23,8.92,10.86
FL,Florida,2024,80.05,9.58,10.37
FL,Florida,2025,80.27,9.16,10.57
GA,Georgia,1942,61.3,19.14,19.56
GA,Georgia,1944,54.64,26.36,19.01
GA,Georgia,1946,65.03,19.03,15.94
GA,Georgia,1948,58.11,27.09,14.8
GA,Georgia,1950,65.64,20.44,13.93
GA,Georgia,1951,63.8,23.98,12.22
GA,Georgia,1952,74.52,17.26,8.21
GA,Georgia,1953,81.51,12.88,5.62
GA,Georgia,1954,82.63,11.65,5.72
GA,Georgia,1955,82.93,11.33,5.75
GA,Georgia,1956,78.84,14.0,7.16
GA,Georgia,1957,77.43,15.21,7.36
GA,Georgia,1958,77.39,15.18,7.43
GA,Georgia,1959,77.28,14.96,7.76
GA,Georgia,1960,76.28,16.28,7.45
GA,Georgia,1961,72.96,19.57,7.47
GA,Georgia,1962,75.3,17.0,7.7
GA,Georgia,1963,73.29,19.28,7.43
GA,Georgia,1964,72.57,19.77,7.65
GA,Georgia,1965,72.45,20.5,7.05
GA,Georgia,1966,70.06,22.82,7.13
GA,Georgia,1967,68.76,24.73,6.51
GA,Georgia,1968,68.12,24.73,7.15
GA,Georgia,1969,67.75,25.65,6.61
GA,Georgia,1970,64.88,28.65,6.47
GA,Georgia,1971,66.95,26.74,6.31
GA,Georgia,1972,66.78,27.45,5.77
GA,Georgia,1973,65.05,29.31,5.64
GA,Georgia,1974,63.13,31.2,5.67
GA,Georgia,1975,63.1,31.87,5.03
GA,Georgia,1976,62.3,32.57,5.12
GA,Georgia,1977,59.53,34.96,5.51
GA,Georgia,1978,58.31,37.01,4.68
GA,Georgia,1979,56.77,39.03,4.2
GA,Georgia,1980,55.22,40.74,4.04
GA,Georgia,1981,53.31,42.66,4.04
GA,Georgia,1982,51.74,44.21,4.05
GA,Georgia,1983,50.92,45.11,3.97
GA,Georgia,1984,50.75,45.05,4.2
GA,Georgia,1985,48.78,47.22,4.0
GA,Georgia,1986,47.58,48.06,4.36
GA,Georgia,1987,46.72,48.81,4.48
GA,Georgia,1988,45.46,49.65,4.89
GA,Georgia,1989,44.31,51.31,4.37
GA,Georgia,1990,48.79,47.27,3.93
GA,Georgia,1991,48.88,47.02,4.1
GA,Georgia,1992,48.21,47.57,4.22
GA,Georgia,1993,47.3,47.37,5.33
GA,Georgia,1994,47.26,46.7,6.04
GA,Georgia,1995,47.02,47.38,5.6
GA,Georgia,1996,46.5,48.23,5.27
GA,Georgia,1997,45.01,50.17,4.81
GA,Georgia,1998,43.07,52.26,4.66
GA,Georgia,1999,43.1,52.08,4.82
GA,Georgia,2000,42.53,52.38,5.09
GA,Georgia,2001,42.03,53.02,4.96
GA,Georgia,2002,43.69,51.23,5.07
GA,Georgia,2003,44.94,50.37,4.69
GA,Georgia,2004,44.4,50.27,5.33
GA,Georgia,2005,44.47,51.31,4.21
GA,Georgia,2006,43.76,52.46,3.78
GA,Georgia,2007,43.03,53.78,3.19
GA,Georgia,2008,42.55,54.17,3.28
GA,Georgia,2009,43.54,52.84,3.61
GA,Georgia,2010,44.08,52.1,3.83
GA,Georgia,2011,44.42,52.05,3.53
GA,Georgia,2012,44.22,52.25,3.53
GA,Georgia,2013,41.25,53.29,5.46
GA,Georgia,2014,39.26,53.22,7.51
GA,Georgia,2015,38.29,54.12,7.59
GA,Georgia,2016,38.92,52.86,8.22
GA,Georgia,2017,38.99,52.89,8.12
GA,Georgia,2018,38.69,53.59,7.72
GA,Georgia,2019,38.46,54.4,7.14
GA,Georgia,2020,40.14,53.4,6.46
GA,Georgia,2021,36.83,57.35,5.82
GA,Georgia,2022,33.74,61.52,4.73
GA,Georgia,2023,33.7,61.44,4.86
GA,Georgia,2024,36.62,58.36,5.01
GA,Georgia,2025,38.23,56.73,5.04
HI,Hawaii,1955,73.51,25.24,1.24
HI,Hawaii,1956,74.04,24.59,1.37
HI,Hawaii,1957,73.6,24.89,1.52
HI,Hawaii,1958,73.33,25.19,1.48
HI,Hawaii,1959,70.03,28.22,1.75
HI,Hawaii,1960,70.64,27.71,1.65
HI,Hawaii,1961,69.08,28.73,2.19
HI,Hawaii,1962,69.33,28.48,2.19
HI,Hawaii,1963,68.91,28.29,2.8
HI,Hawaii,1964,68.41,29.35,2.24
HI,Hawaii,1965,68.01,29.79,2.2
HI,Hawaii,1966,67.4,30.3,2.29
HI,Hawaii,1967,64.14,33.64,2.22
HI,Hawaii,1968,64.31,33.59,2.1
HI,Hawaii,1969,62.85,34.68,2.46
HI,Hawaii,1970,62.83,35.13,2.04
HI,Hawaii,1971,62.59,34.87,2.55
HI,Hawaii,1972,63.1,34.36,2.54
HI,Hawaii,1973,63.64,34.17,2.19
HI,Hawaii,1974,63.53,34.33,2.14
HI,Hawaii,1975,63.33,34.78,1.89
HI,Hawaii,1976,64.1,34.46,1.44
HI,Hawaii,1977,64.88,33.63,1.49
HI,Hawaii,1978,63.55,33.95,2.5
HI,Hawaii,1979,62.89,34.75,2.35
HI,Hawaii,1980,61.52,36.22,2.25
HI,Hawaii,1981,62.32,35.6,2.07
HI,Hawaii,1982,67.2,30.59,2.2
HI,Hawaii,1983,65.7,32.08,2.23
HI,Hawaii,1984,62.56,35.24,2.21
HI,Hawaii,1985,62.48,35.09,2.44
HI,Hawaii,1986,63.42,34.31,2.27
HI,Hawaii,1987,61.33,36.52,2.15
HI,Hawaii,1988,63.48,34.5,2.02
HI,Hawaii,1989,59.32,38.61,2.06
HI,Hawaii,1990,63.57,33.83,2.61
HI,Hawaii,1991,60.57,37.48,1.95
HI,Hawaii,1992,61.25,35.98,2.78
HI,Hawaii,1993,61.28,35.52,3.2
HI,Hawaii,1994,61.86,34.43,3.71
HI,Hawaii,1995,62.44,33.85,3.71
HI,Hawaii,1996,61.85,34.6,3.55
HI,Hawaii,1997,62.37,33.81,3.82
HI,Hawaii,1998,60.19,36.05,3.76
HI,Hawaii,1999,60.49,35.41,4.1
HI,Hawaii,2000,61.53,34.17,4.3
HI,Hawaii,2001,62.66,33.23,4.12
HI,Hawaii,2002,61.92,34.04,4.05
HI,Hawaii,2003,65.82,29.93,4.25
HI,Hawaii,2004,64.18,31.89,3.94
HI,Hawaii,2005,61.98,33.95,4.06
HI,Hawaii,2006,61.23,34.54,4.23
HI,Hawaii,2007,63.41,32.63,3.96
HI,Hawaii,2008,64.15,32.06,3.79
HI,Hawaii,2009,66.31,30.07,3.61
HI,Hawaii,2010,62.93,33.23,3.84
HI,Hawaii,2011,68.67,27.07,4.26
HI,Hawaii,2012,64.93,29.39,5.68
HI,Hawaii,2013,64.54,30.52,4.95
HI,Hawaii,2014,63.57,30.92,5.51
HI,Hawaii,2015,62.94,31.77,5.29
HI,Hawaii,2016,62.38,32.15,5.48
HI,Hawaii,2017,62.11,32.44,5.44
HI,Hawaii,2018,61.34,33.4,5.26
HI,Hawaii,2019,61.68,33.61,4.71
HI,Hawaii,2020,63.89,31.17,4.94
HI,Hawaii,2021,51.54,44.07,4.39
HI,Hawaii,2022,54.94,39.64,5.42
HI,Hawaii,2023,61.41,33.84,4.74
HI,Hawaii,2024,59.53,35.89,4.58
HI,Hawaii,2025,58.63,33.51,7.86
IA,Iowa,1942,59.07,11.17,29.76
IA,Iowa,1944,61.54,11.84,26.61
IA,Iowa,1946,69.93,9.27,20.79
IA,Iowa,1948,67.75,14.41,17.84
IA,Iowa,1950,65.62,12.61,21.77
IA,Iowa,1951,63.95,13.26,22.79
IA,Iowa,1952,62.11,13.43,24.47
IA,Iowa,1953,62.46,12.12,25.42
IA,Iowa,1954,63.3,12.31,24.39
IA,Iowa,1955,63.66,12.22,24.12
IA,Iowa,1956,65.78,12.3,21.92
IA,Iowa,1957,64.04,13.12,22.84
IA,Iowa,1958,60.24,13.68,26.09
IA,Iowa,1959,60.62,15.4,23.98
IA,Iowa,1960,61.57,15.23,23.2
IA,Iowa,1961,61.24,15.65,23.12
IA,Iowa,1962,60.2,16.68,23.13
IA,Iowa,1963,60.04,17.29,22.67
IA,Iowa,1964,58.55,17.2,24.25
IA,Iowa,1965,57.86,19.15,22.99
IA,Iowa,1966,55.08,22.51,22.4
IA,Iowa,1967,54.05,26.08,19.87
IA,Iowa,1968,60.1,20.63,19.28
IA,Iowa,1969,59.7,22.25,18.05
IA,Iowa,1970,60.41,21.81,17.79
IA,Iowa,1971,59.22,22.41,18.37
IA,Iowa,1972,52.58,31.51,15.91
IA,Iowa,1973,50.62,33.96,15.41
IA,Iowa,1974,48.06,37.81,14.13
IA,Iowa,1975,45.59,39.79,14.62
IA,Iowa,1976,47.14,38.85,14.01
IA,Iowa,1977,44.26,41.73,14.01
IA,Iowa,1978,43.59,42.73,13.68
IA,Iowa,1979,42.81,43.9,13.29
IA,Iowa,1980,44.55,42.42,13.03
IA,Iowa,1981,42.79,44.09,13.12
IA,Iowa,1982,42.76,43.47,13.78
IA,Iowa,1983,44.15,42.82,13.03
IA,Iowa,1984,47.37,41.05,11.58
IA,Iowa,1985,46.42,42.43,11.15
IA,Iowa,1986,47.13,40.79,12.08
IA,Iowa,1987,46.78,41.5,11.72
IA,Iowa,1988,46.09,42.92,10.99
IA,Iowa,1989,45.57,43.42,11.01
IA,Iowa,1990,44.41,44.41,11.18
IA,Iowa,1991,43.69,44.83,11.48
IA,Iowa,1992,43.43,44.35,12.22
IA,Iowa,1993,46.3,41.88,11.82
IA,Iowa,1994,47.58,40.76,11.67
IA,Iowa,1995,46.93,41.74,11.33
IA,Iowa,1996,48.36,40.33,11.31
IA,Iowa,1997,47.55,41.41,11.04
IA,Iowa,1998,46.11,42.38,11.51
IA,Iowa,1999,48.65,40.05,11.3
IA,Iowa,2000,47.8,40.6,11.61
IA,Iowa,2001,48.65,39.85,11.5
IA,Iowa,2002,50.71,37.11,12.19
IA,Iowa,2003,48.13,39.23,12.64
IA,Iowa,2004,48.11,39.28,12.6
IA,Iowa,2005,45.77,42.24,11.99
IA,Iowa,2006,44.65,44.11,11.24
IA,Iowa,2007,42.78,46.24,10.98
IA,Iowa,2008,42.96,46.37,10.68
IA,Iowa,2009,46.85,42.48,10.67
IA,Iowa,2010,46.78,41.74,11.48
IA,Iowa,2011,46.62,42.34,11.03
IA,Iowa,2012,45.8,43.56,10.64
IA,Iowa,2013,43.1,46.16,10.75
IA,Iowa,2014,47.51,41.83,10.66
IA,Iowa,2015,46.45,42.82,10.73
IA,Iowa,2016,48.07,41.09,10.84
IA,Iowa,2017,47.29,41.9,10.81
IA,Iowa,2018,46.46,43.02,10.52
IA,Iowa,2019,45.9,43.78,10.32
IA,Iowa,2020,46.51,42.96,10.53
IA,Iowa,2021,46.73,42.82,10.44
IA,Iowa,2022,44.99,45.2,9.82
IA,Iowa,2023,48.08,42.26,9.66
IA,Iowa,2024,48.98,41.54,9.48
IA,Iowa,2025,52.43,37.85,9.72
ID,Idaho,1942,50.45,18.11,31.44
ID,Idaho,1944,40.19,33.49,26.32
ID,Idaho,1946,53.69,25.18,21.13
ID,Idaho,1948,50.74,29.84,19.42
ID,Idaho,1950,50.18,28.85,20.97
ID,Idaho,1951,47.85,28.99,23.16
ID,Idaho,1952,43.45,28.25,28.3
ID,Idaho,1953,44.71,26.37,28.92
ID,Idaho,1954,46.81,21.62,31.57
ID,Idaho,1955,48.29,21.2,30.51
ID,Idaho,1956,43.74,27.26,29.0
ID,Idaho,1957,41.41,28.03,30.55
ID,Idaho,1958,38.92,28.55,32.53
ID,Idaho,1959,36.85,32.04,31.11
ID,Idaho,1960,35.03,37.64,27.33
ID,Idaho,1961,34.34,35.0,30.66
ID,Idaho,1962,33.36,37.17,29.46
ID,Idaho,1963,34.63,35.51,29.86
ID,Idaho,1964,34.18,37.7,28.11
ID,Idaho,1965,32.17,40.15,27.68
ID,Idaho,1966,49.68,31.46,18.86
ID,Idaho,1967,50.1,31.75,18.16
ID,Idaho,1968,50.62,31.16,18.21
ID,Idaho,1969,50.85,32.22,16.93
ID,Idaho,1970,51.78,30.66,17.56
ID,Idaho,1971,47.65,36.81,15.54
ID,Idaho,1972,50.96,31.53,17.51
ID,Idaho,1973,51.72,32.77,15.5
ID,Idaho,1974,48.88,37.18,13.95
ID,Idaho,1975,46.29,40.06,13.65
ID,Idaho,1976,46.31,39.71,13.98
ID,Idaho,1977,47.83,39.01,13.15
ID,Idaho,1978,46.39,40.72,12.89
ID,Idaho,1979,47.29,39.16,13.55
ID,Idaho,1980,45.58,41.14,13.28
ID,Idaho,1981,42.73,44.05,13.23
ID,Idaho,1982,41.31,44.74,13.95
ID,Idaho,1983,46.55,41.11,12.34
ID,Idaho,1984,52.57,36.83,10.6
ID,Idaho,1985,49.33,41.02,9.65
ID,Idaho,1986,50.36,40.1,9.54
ID,Idaho,1987,52.87,37.68,9.44
ID,Idaho,1988,54.17,37.78,8.06
ID,Idaho,1989,50.37,40.41,9.21
ID,Idaho,1990,49.11,41.78,9.11
ID,Idaho,1991,48.79,41.99,9.21
ID,Idaho,1992,46.76,43.24,10.0
ID,Idaho,1993,48.18,40.49,11.33
ID,Idaho,1994,47.32,40.65,12.04
ID,Idaho,1995,46.98,42.07,10.95
ID,Idaho,1996,45.87,43.5,10.63
ID,Idaho,1997,47.13,43.35,9.52
ID,Idaho,1998,46.31,43.58,10.11
ID,Idaho,1999,46.43,43.44,10.13
ID,Idaho,2000,44.38,45.91,9.72
ID,Idaho,2001,42.71,45.84,11.46
ID,Idaho,2002,49.16,40.47,10.37
ID,Idaho,2003,49.8,39.98,10.22
ID,Idaho,2004,52.99,38.2,8.8
ID,Idaho,2005,51.16,40.25,8.59
ID,Idaho,2006,46.55,45.21,8.24
ID,Idaho,2007,47.19,45.09,7.72
ID,Idaho,2008,47.74,44.6,7.66
ID,Idaho,2009,49.63,41.55,8.82
ID,Idaho,2010,51.14,39.54,9.32
ID,Idaho,2011,49.55,41.07,9.38
ID,Idaho,2012,49.33,41.55,9.12
ID,Idaho,2013,49.55,41.71,8.74
ID,Idaho,2014,49.57,41.65,8.78
ID,Idaho,2015,48.82,42.64,8.53
ID,Idaho,2016,50.35,40.6,9.06
ID,Idaho,2017,49.59,41.7,8.71
ID,Idaho,2018,49.29,42.94,7.77
ID,Idaho,2019,51.41,39.85,8.73
ID,Idaho,2020,51.07,40.62,8.31
ID,Idaho,2021,49.13,43.41,7.46
ID,Idaho,2022,46.63,47.15,6.22
ID,Idaho,2023,51.61,41.79,6.6
ID,Idaho,2024,46.98,47.03,5.99
ID,Idaho,2025,47.26,46.27,6.47
IL,Illinois,1942,81.5,0.0,18.5
IL,Illinois,1944,83.3,0.0,16.7
IL,Illinois,1946,84.23,0.0,15.77
IL,Illinois,1948,85.04,0.0,14.96
IL,Illinois,1950,84.38,0.0,15.62
IL,Illinois,1951,84.32,0.0,15.68
IL,Illinois,1952,84.09,0.0,15.91
IL,Illinois,1953,81.92,0.0,18.08
IL,Illinois,1954,82.04,0.0,17.96
IL,Illinois,1955,81.03,0.0,18.97
IL,Illinois,1956,81.51,0.0,18.49
IL,Illinois,1957,81.71,0.0,18.29
IL,Illinois,1958,81.54,0.0,18.46
IL,Illinois,1959,81.05,0.0,18.95
IL,Illinois,1960,82.54,0.0,17.46
IL,Illinois,1961,81.34,0.0,18.66
IL,Illinois,1962,83.36,0.0,16.64
IL,Illinois,1963,84.41,0.0,15.59
IL,Illinois,1964,83.81,0.0,16.19
IL,Illinois,1965,84.57,0.0,15.43
IL,Illinois,1966,84.36,0.0,15.64
IL,Illinois,1967,84.43,0.0,15.57
IL,Illinois,1968,84.83,0.0,15.17
IL,Illinois,1969,85.71,0.0,14.29
IL,Illinois,1970,62.96,24.98,12.06
IL,Illinois,1971,58.91,29.55,11.54
IL,Illinois,1972,58.61,29.94,11.45
IL,Illinois,1973,57.48,30.57,11.94
IL,Illinois,1974,57.21,32.17,10.61
IL,Illinois,1975,56.8,32.74,10.46
IL,Illinois,1976,58.03,31.96,10.01
IL,Illinois,1977,56.68,33.8,9.53
IL,Illinois,1978,56.35,34.11,9.54
IL,Illinois,1979,55.5,35.31,9.19
IL,Illinois,1980,52.05,38.15,9.8
IL,Illinois,1981,50.39,39.23,10.38
IL,Illinois,1982,50.35,39.65,10.0
IL,Illinois,1983,52.14,37.8,10.06
IL,Illinois,1984,49.14,40.51,10.35
IL,Illinois,1985,53.64,35.84,10.52
IL,Illinois,1986,53.96,35.76,10.28
IL,Illinois,1987,51.66,37.95,10.39
IL,Illinois,1988,52.38,37.32,10.3
IL,Illinois,1989,51.0,38.97,10.03
IL,Illinois,1990,50.18,40.55,9.27
IL,Illinois,1991,49.9,41.22,8.88
IL,Illinois,1992,50.06,41.24,8.7
IL,Illinois,1993,50.52,40.77,8.7
IL,Illinois,1994,51.16,40.34,8.5
IL,Illinois,1995,50.81,40.95,8.24
IL,Illinois,1996,48.85,42.28,8.87
IL,Illinois,1997,47.35,43.69,8.96
IL,Illinois,1998,46.08,45.26,8.65
IL,Illinois,1999,47.12,44.09,8.79
IL,Illinois,2000,47.65,43.44,8.91
IL,Illinois,2001,47.32,42.7,9.98
IL,Illinois,2002,50.08,39.4,10.52
IL,Illinois,2003,51.26,38.87,9.87
IL,Illinois,2004,52.57,35.84,11.59
IL,Illinois,2005,50.57,38.32,11.12
IL,Illinois,2006,50.43,39.33,10.24
IL,Illinois,2007,49.61,41.06,9.33
IL,Illinois,2008,49.75,40.71,9.54
IL,Illinois,2009,50.46,39.88,9.67
IL,Illinois,2010,46.53,43.6,9.87
IL,Illinois,2011,44.08,47.03,8.89
IL,Illinois,2012,39.43,52.42,8.15
IL,Illinois,2013,37.98,54.25,7.77
IL,Illinois,2014,41.99,50.61,7.4
IL,Illinois,2015,43.22,48.92,7.87
IL,Illinois,2016,49.91,41.45,8.65
IL,Illinois,2017,49.05,42.48,8.46
IL,Illinois,2018,43.92,48.39,7.69
IL,Illinois,2019,42.98,49.69,7.34
IL,Illinois,2020,45.6,47.36,7.04
IL,Illinois,2021,42.29,49.7,8.01
IL,Illinois,2022,40.6,52.52,6.88
IL,Illinois,2023,39.54,53.87,6.58
IL,Illinois,2024,40.87,52.14,6.98
IL,Illinois,2025,40.35,53.05,6.6
IN,Indiana,1942,72.47,0.0,27.53
IN,Indiana,1944,74.53,0.0,25.47
IN,Indiana,1946,76.05,0.0,23.95
IN,Indiana,1948,79.04,0.0,20.96
IN,Indiana,1950,77.36,0.0,22.64
IN,Indiana,1951,79.16,0.0,20.84
IN,Indiana,1952,79.63,0.0,20.37
IN,Indiana,1953,79.67,0.0,20.33
IN,Indiana,1954,79.29,0.0,20.71
IN,Indiana,1955,75.64,0.0,24.36
IN,Indiana,1956,76.55,0.0,23.45
IN,Indiana,1957,76.75,0.0,23.25
IN,Indiana,1958,80.78,0.0,19.22
IN,Indiana,1959,81.3,0.0,18.7
IN,Indiana,1960,82.75,0.0,17.25
IN,Indiana,1961,83.55,0.0,16.45
IN,Indiana,1962,83.65,0.0,16.35
IN,Indiana,1963,83.32,0.0,16.68
IN,Indiana,1964,63.38,22.99,13.63
IN,Indiana,1965,66.87,20.45,12.68
IN,Indiana,1966,65.54,21.66,12.8
IN,Indiana,1967,65.4,22.42,12.18
IN,Indiana,1968,65.44,21.23,13.33
IN,Indiana,1969,66.16,21.58,12.26
IN,Indiana,1970,65.61,22.44,11.95
IN,Indiana,1971,66.92,21.63,11.45
IN,Indiana,1972,64.98,24.78,10.24
IN,Indiana,1973,66.53,23.48,9.99
IN,Indiana,1974,70.54,20.52,8.94
IN,Indiana,1975,64.83,25.79,9.38
IN,Indiana,1976,66.21,25.63,8.17
IN,Indiana,1977,66.23,26.14,7.63
IN,Indiana,1978,63.13,29.75,7.11
IN,Indiana,1979,65.92,27.0,7.08
IN,Indiana,1980,65.34,27.3,7.36
IN,Indiana,1981,63.98,28.4,7.61
IN,Indiana,1982,64.4,28.55,7.06
IN,Indiana,1983,62.92,30.01,7.06
IN,Indiana,1984,61.37,33.26,5.37
IN,Indiana,1985,60.71,33.8,5.49
IN,Indiana,1986,61.17,33.88,4.95
IN,Indiana,1987,59.66,35.31,5.02
IN,Indiana,1988,56.83,38.13,5.03
IN,Indiana,1989,57.45,37.73,4.82
IN,Indiana,1990,55.26,39.83,4.9
IN,Indiana,1991,54.76,40.35,4.9
IN,Indiana,1992,48.88,46.83,4.28
IN,Indiana,1993,45.53,50.08,4.4
IN,Indiana,1994,44.86,51.02,4.12
IN,Indiana,1995,44.44,51.35,4.2
IN,Indiana,1996,44.58,51.82,3.6
IN,Indiana,1997,45.4,51.15,3.45
IN,Indiana,1998,48.36,47.85,3.79
IN,Indiana,1999,48.03,48.16,3.81
IN,Indiana,2000,49.85,46.3,3.86
IN,Indiana,2001,49.74,45.52,4.74
IN,Indiana,2002,53.18,41.67,5.15
IN,Indiana,2003,55.5,38.99,5.51
IN,Indiana,2004,57.76,37.24,5.0
IN,Indiana,2005,55.98,39.2,4.83
IN,Indiana,2006,55.59,39.82,4.6
IN,Indiana,2007,55.94,39.46,4.6
IN,Indiana,2008,55.54,38.02,6.45
IN,Indiana,2009,59.43,34.58,5.99
IN,Indiana,2010,61.55,32.37,6.08
IN,Indiana,2011,59.67,34.96,5.37
IN,Indiana,2012,60.93,34.13,4.94
IN,Indiana,2013,61.29,34.09,4.63
IN,Indiana,2014,62.19,33.78,4.04
IN,Indiana,2015,61.02,35.2,3.78
IN,Indiana,2016,60.53,35.41,4.06
IN,Indiana,2017,60.61,35.56,3.83
IN,Indiana,2018,54.95,41.59,3.46
IN,Indiana,2019,54.77,41.82,3.41
IN,Indiana,2020,55.9,40.49,3.61
IN,Indiana,2021,51.97,44.9,3.13
IN,Indiana,2022,58.7,37.84,3.46
IN,Indiana,2023,62.37,33.14,4.5
IN,Indiana,2024,61.13,34.24,4.63
IN,Indiana,2025,60.58,34.94,4.48
KS,Kansas,1942,60.55,8.47,30.98
KS,Kansas,1944,60.14,14.87,24.99
KS,Kansas,1946,65.4,12.15,22.45
KS,Kansas,1948,70.48,13.87,15.65
KS,Kansas,1950,64.5,9.86,25.64
KS,Kansas,1951,67.45,11.29,21.26
KS,Kansas,1952,66.61,11.1,22.28
KS,Kansas,1953,67.03,10.99,21.98
KS,Kansas,1954,66.19,10.77,23.04
KS,Kansas,1955,68.52,11.52,19.97
KS,Kansas,1956,63.71,10.74,25.55
KS,Kansas,1957,65.34,11.31,23.35
KS,Kansas,1958,65.12,12.21,22.67
KS,Kansas,1959,65.49,14.65,19.87
KS,Kansas,1960,64.6,15.7,19.7
KS,Kansas,1961,64.26,15.25,20.49
KS,Kansas,1962,63.55,15.8,20.66
KS,Kansas,1963,63.36,16.41,20.23
KS,Kansas,1964,63.28,16.17,20.55
KS,Kansas,1965,63.32,16.82,19.86
KS,Kansas,1966,56.84,27.53,15.63
KS,Kansas,1967,57.77,26.74,15.49
KS,Kansas,1968,60.55,23.12,16.33
KS,Kansas,1969,60.48,24.03,15.48
KS,Kansas,1970,62.39,22.67,14.95
KS,Kansas,1971,62.75,23.16,14.09
KS,Kansas,1972,61.49,24.35,14.17
KS,Kansas,1973,59.63,27.57,12.8
KS,Kansas,1974,55.93,31.86,12.21
KS,Kansas,1975,55.19,33.28,11.53
KS,Kansas,1976,55.07,33.56,11.37
KS,Kansas,1977,53.73,34.25,12.02
KS,Kansas,1978,53.09,35.18,11.74
KS,Kansas,1979,51.84,36.96,11.21
KS,Kansas,1980,50.0,38.24,11.76
KS,Kansas,1981,48.01,40.61,11.38
KS,Kansas,1982,49.6,38.67,11.73
KS,Kansas,1983,46.52,42.92,10.55
KS,Kansas,1984,44.62,39.35,16.04
KS,Kansas,1985,45.05,39.85,15.1
KS,Kansas,1986,46.38,38.63,14.99
KS,Kansas,1987,50.93,36.99,12.08
KS,Kansas,1988,46.29,41.79,11.92
KS,Kansas,1989,46.46,41.77,11.77
KS,Kansas,1990,48.02,39.99,11.99
KS,Kansas,1991,48.21,39.11,12.68
KS,Kansas,1992,50.63,36.86,12.5
KS,Kansas,1993,50.51,38.13,11.36
KS,Kansas,1994,49.27,39.44,11.3
KS,Kansas,1995,50.32,39.69,9.99
KS,Kansas,1996,48.53,41.02,10.45
KS,Kansas,1997,47.49,42.62,9.89
KS,Kansas,1998,46.99,43.97,9.04
KS,Kansas,1999,48.78,42.49,8.73
KS,Kansas,2000,47.52,44.02,8.46
KS,Kansas,2001,46.66,44.62,8.72
KS,Kansas,2002,50.58,41.11,8.31
KS,Kansas,2003,53.2,37.96,8.84
KS,Kansas,2004,51.54,39.41,9.05
KS,Kansas,2005,49.51,41.29,9.2
KS,Kansas,2006,46.76,44.34,8.9
KS,Kansas,2007,44.35,47.47,8.18
KS,Kansas,2008,43.17,48.51,8.32
KS,Kansas,2009,45.48,46.34,8.17
KS,Kansas,2010,45.63,46.82,7.55
KS,Kansas,2011,49.03,43.2,7.77
KS,Kansas,2012,49.68,43.26,7.06
KS,Kansas,2013,49.12,43.85,7.04
KS,Kansas,2014,53.05,38.75,8.2
KS,Kansas,2015,50.45,34.52,15.03
KS,Kansas,2016,53.67,32.56,13.78
KS,Kansas,2017,52.63,33.21,14.16
KS,Kansas,2018,47.08,40.34,12.57
KS,Kansas,2019,45.1,42.52,12.38
KS,Kansas,2020,47.6,39.48,12.92
KS,Kansas,2021,42.79,46.01,11.2
KS,Kansas,2022,43.99,45.3,10.71
KS,Kansas,2023,43.21,46.19,10.61
KS,Kansas,2024,43.3,45.68,11.02
KS,Kansas,2025,43.07,46.03,10.9
KY,Kentucky,1942,59.23,13.62,27.15
KY,Kentucky,1944,51.93,16.3,31.77
KY,Kentucky,1946,57.37,14.43,28.2
KY,Kentucky,1948,56.09,17.38,26.53
KY,Kentucky,1950,58.75,18.0,23.25
KY,Kentucky,1951,58.51,19.68,21.81
KY,Kentucky,1952,55.39,22.45,22.16
KY,Kentucky,1953,54.28,21.79,23.93
KY,Kentucky,1954,56.56,20.88,22.57
KY,Kentucky,1955,52.93,27.02,20.05
KY,Kentucky,1956,54.58,24.66,20.77
KY,Kentucky,1957,48.97,31.23,19.8
KY,Kentucky,1958,49.12,31.62,19.26
KY,Kentucky,1959,50.86,29.37,19.77
KY,Kentucky,1960,48.99,31.48,19.53
KY,Kentucky,1961,61.69,23.55,14.76
KY,Kentucky,1962,66.35,18.73,14.92
KY,Kentucky,1963,64.45,20.46,15.09
KY,Kentucky,1964,65.53,19.61,14.87
KY,Kentucky,1965,63.41,21.98,14.61
KY,Kentucky,1966,61.59,24.39,14.02
KY,Kentucky,1967,60.6,26.0,13.4
KY,Kentucky,1968,61.98,24.7,13.32
KY,Kentucky,1969,65.53,22.44,12.03
KY,Kentucky,1970,65.02,22.88,12.09
KY,Kentucky,1971,65.38,22.72,11.9
KY,Kentucky,1972,63.84,24.42,11.74
KY,Kentucky,1973,61.23,24.37,14.4
KY,Kentucky,1974,58.18,26.73,15.09
KY,Kentucky,1975,54.25,28.52,17.23
KY,Kentucky,1976,53.93,30.44,15.62
KY,Kentucky,1977,53.71,30.08,16.21
KY,Kentucky,1978,50.53,28.69,20.78
KY,Kentucky,1979,49.42,29.85,20.73
KY,Kentucky,1980,46.95,30.99,22.06
KY,Kentucky,1981,45.94,31.98,22.08
KY,Kentucky,1982,45.54,30.82,23.65
KY,Kentucky,1983,45.63,31.49,22.88
KY,Kentucky,1984,45.0,32.47,22.53
KY,Kentucky,1985,44.89,32.79,22.32
KY,Kentucky,1986,44.59,32.75,22.66
KY,Kentucky,1987,44.55,33.74,21.71
KY,Kentucky,1988,45.99,34.47,19.55
KY,Kentucky,1989,45.98,34.93,19.09
KY,Kentucky,1990,44.86,34.97,20.18
KY,Kentucky,1991,42.64,39.91,17.45
KY,Kentucky,1992,43.85,38.37,17.78
KY,Kentucky,1993,44.92,37.29,17.79
KY,Kentucky,1994,47.79,35.1,17.11
KY,Kentucky,1995,46.57,36.69,16.74
KY,Kentucky,1996,47.24,36.36,16.4
KY,Kentucky,1997,46.84,36.63,16.53
KY,Kentucky,1998,45.78,38.68,15.54
KY,Kentucky,1999,46.14,38.66,15.2
KY,Kentucky,2000,45.65,39.09,15.26
KY,Kentucky,2001,46.01,38.35,15.64
KY,Kentucky,2002,46.91,37.37,15.71
KY,Kentucky,2003,46.69,38.27,15.04
KY,Kentucky,2004,47.34,37.82,14.84
KY,Kentucky,2005,46.77,38.66,14.57
KY,Kentucky,2006,45.95,40.36,13.7
KY,Kentucky,2007,46.39,40.72,12.89
KY,Kentucky,2008,46.98,39.99,13.03
KY,Kentucky,2009,47.88,38.04,14.09
KY,Kentucky,2010,49.15,37.12,13.73
KY,Kentucky,2011,47.99,38.58,13.43
KY,Kentucky,2012,48.48,38.49,13.03
KY,Kentucky,2013,47.54,40.18,12.28
KY,Kentucky,2014,48.22,39.84,11.94
KY,Kentucky,2015,46.99,41.57,11.43
KY,Kentucky,2016,47.57,41.51,10.92
KY,Kentucky,2017,47.45,40.75,11.8
KY,Kentucky,2018,46.47,42.68,10.85
KY,Kentucky,2019,48.36,41.32,10.32
KY,Kentucky,2020,48.97,40.97,10.06
KY,Kentucky,2021,48.46,41.97,9.57
KY,Kentucky,2022,46.65,44.41,8.94
KY,Kentucky,2023,48.5,42.1,9.4
KY,Kentucky,2024,49.95,40.9,9.15
KY,Kentucky,2025,49.5,41.26,9.23
LA,Louisiana,1942,49.37,9.43,41.2
LA,Louisiana,1944,52.32,10.64,37.04
LA,Louisiana,1946,56.0,9.72,34.28
LA,Louisiana,1948,54.97,11.52,33.51
LA,Louisiana,1950,57.74,7.79,34.47
LA,Louisiana,1951,57.09,7.61,35.3
LA,Louisiana,1952,57.16,8.04,34.8
LA,Louisiana,1953,57.19,6.47,36.34
LA,Louisiana,1954,58.62,5.78,35.6
LA,Louisiana,1955,58.24,6.3,35.46
LA,Louisiana,1956,58.66,7.19,34.15
LA,Louisiana,1957,57.83,7.85,34.32
LA,Louisiana,1958,59.14,7.66,33.19
LA,Louisiana,1959,52.8,6.92,40.27
LA,Louisiana,1960,49.6,6.81,43.59
LA,Louisiana,1961,47.91,7.39,44.69
LA,Louisiana,1962,47.58,8.69,43.74
LA,Louisiana,1963,47.91,7.08,45.01
LA,Louisiana,1964,47.91,7.53,44.56
LA,Louisiana,1965,48.84,8.75,42.41
LA,Louisiana,1966,47.45,9.45,43.1
LA,Louisiana,1967,47.43,10.17,42.41
LA,Louisiana,1968,45.93,9.97,44.1
LA,Louisiana,1969,46.7,10.18,43.11
LA,Louisiana,1970,47.76,9.87,42.37
LA,Louisiana,1971,49.8,13.47,36.73
LA,Louisiana,1972,50.43,16.73,32.84
LA,Louisiana,1973,51.84,15.82,32.34
LA,Louisiana,1974,49.66,12.7,37.65
LA,Louisiana,1975,44.71,12.27,43.02
LA,Louisiana,1976,46.13,12.41,41.46
LA,Louisiana,1977,49.55,13.32,37.14
LA,Louisiana,1978,48.84,19.15,32.01
LA,Louisiana,1979,50.37,20.7,28.93
LA,Louisiana,1980,49.65,20.72,29.62
LA,Louisiana,1981,47.35,16.13,36.52
LA,Louisiana,1982,45.4,16.32,38.28
LA,Louisiana,1983,45.12,18.18,36.7
LA,Louisiana,1984,44.95,21.37,33.68
LA,Louisiana,1985,50.49,21.27,28.24
LA,Louisiana,1986,52.11,19.88,28.01
LA,Louisiana,1987,56.35,18.15,25.49
LA,Louisiana,1988,54.79,21.07,24.15
LA,Louisiana,1989,52.14,25.73,22.12
LA,Louisiana,1990,49.81,27.68,22.51
LA,Louisiana,1991,49.33,26.23,24.44
LA,Louisiana,1992,50.86,25.87,23.27
LA,Louisiana,1993,50.9,26.91,22.19
LA,Louisiana,1994,52.05,27.31,20.64
LA,Louisiana,1995,51.46,28.75,19.79
LA,Louisiana,1996,52.15,30.32,17.52
LA,Louisiana,1997,50.81,33.05,16.13
LA,Louisiana,1998,52.6,29.77,17.64
LA,Louisiana,1999,56.82,28.07,15.11
LA,Louisiana,2000,57.1,27.71,15.19
LA,Louisiana,2001,57.03,28.39,14.58
LA,Louisiana,2002,56.97,27.91,15.12
LA,Louisiana,2003,58.73,27.73,13.54
LA,Louisiana,2004,55.82,31.37,12.8
LA,Louisiana,2005,53.09,31.77,15.14
LA,Louisiana,2006,55.56,30.83,13.61
LA,Louisiana,2007,49.96,36.15,13.89
LA,Louisiana,2008,50.34,35.2,14.47
LA,Louisiana,2009,51.0,34.83,14.17
LA,Louisiana,2010,55.29,30.59,14.12
LA,Louisiana,2011,57.88,29.34,12.79
LA,Louisiana,2012,54.36,30.74,14.9
LA,Louisiana,2013,53.93,32.44,13.63
LA,Louisiana,2014,52.76,33.37,13.87
LA,Louisiana,2015,54.51,33.38,12.11
LA,Louisiana,2016,57.49,32.64,9.87
LA,Louisiana,2017,62.34,29.84,7.82
LA,Louisiana,2018,60.44,31.74,7.82
LA,Louisiana,2019,54.95,36.47,8.59
LA,Louisiana,2020,53.71,37.98,8.3
LA,Louisiana,2021,55.91,36.88,7.2
LA,Louisiana,2022,53.45,38.1,8.45
LA,Louisiana,2023,52.93,36.76,10.31
LA,Louisiana,2024,52.42,35.85,11.74
LA,Louisiana,2025,57.1,34.42,8.48
MA,Massachusetts,1942,34.9,17.4,47.71
MA,Massachusetts,1944,29.18,19.83,50.99
MA,Massachusetts,1946,35.63,27.82,36.55
MA,Massachusetts,1948,36.79,29.85,33.36
MA,Massachusetts,1950,39.24,27.34,33.42
MA,Massachusetts,1951,33.21,31.29,35.5
MA,Massachusetts,1952,33.64,32.89,33.47
MA,Massachusetts,1953,37.13,30.85,32.01
MA,Massachusetts,1954,38.34,29.72,31.95
MA,Massachusetts,1955,38.19,31.75,30.06
MA,Massachusetts,1956,35.82,34.08,30.1
MA,Massachusetts,1957,34.81,34.25,30.94
MA,Massachusetts,1958,36.92,33.65,29.43
MA,Massachusetts,1959,34.73,38.47,26.79
MA,Massachusetts,1960,35.66,36.71,27.64
MA,Massachusetts,1961,34.81,36.28,28.92
MA,Massachusetts,1962,34.48,38.4,27.12
MA,Massachusetts,1963,33.4,38.28,28.32
MA,Massachusetts,1964,32.32,38.67,29.01
MA,Massachusetts,1965,32.27,39.84,27.89
MA,Massachusetts,1966,34.88,39.28,25.84
MA,Massachusetts,1967,43.82,33.99,22.19
MA,Massachusetts,1968,43.49,46.0,10.51
MA,Massachusetts,1969,38.64,51.69,9.67
MA,Massachusetts,1970,37.69,52.83,9.49
MA,Massachusetts,1971,38.81,51.49,9.7
MA,Massachusetts,1972,37.65,54.45,7.89
MA,Massachusetts,1973,35.97,55.29,8.73
MA,Massachusetts,1974,35.58,56.91,7.52
MA,Massachusetts,1975,35.96,56.53,7.51
MA,Massachusetts,1976,38.1,56.51,5.4
MA,Massachusetts,1977,40.05,54.15,5.8
MA,Massachusetts,1978,38.6,55.68,5.71
MA,Massachusetts,1979,36.51,58.48,5.01
MA,Massachusetts,1980,34.36,60.92,4.72
MA,Massachusetts,1981,34.79,59.83,5.38
MA,Massachusetts,1982,33.45,60.84,5.72
MA,Massachusetts,1983,33.67,60.77,5.57
MA,Massachusetts,1984,34.12,60.27,5.6
MA,Massachusetts,1985,33.62,60.57,5.81
MA,Massachusetts,1986,32.85,61.17,5.97
MA,Massachusetts,1987,32.58,61.2,6.22
MA,Massachusetts,1988,34.19,59.3,6.51
MA,Massachusetts,1989,33.2,60.06,6.74
MA,Massachusetts,1990,30.44,61.7,7.86
MA,Massachusetts,1991,30.43,62.61,6.96
MA,Massachusetts,1992,31.31,61.53,7.16
MA,Massachusetts,1993,31.76,61.0,7.24
MA,Massachusetts,1994,32.12,61.3,6.58
MA,Massachusetts,1995,32.21,61.89,5.9
MA,Massachusetts,1996,31.21,63.71,5.08
MA,Massachusetts,1997,31.7,63.1,5.21
MA,Massachusetts,1998,30.17,64.79,5.05
MA,Massachusetts,1999,32.14,63.04,4.82
MA,Massachusetts,2000,31.32,64.06,4.61
MA,Massachusetts,2001,30.54,64.52,4.94
MA,Massachusetts,2002,35.15,58.86,5.98
MA,Massachusetts,2003,34.67,59.01,6.32
MA,Massachusetts,2004,33.27,60.17,6.56
MA,Massachusetts,2005,32.17,61.12,6.71
MA,Massachusetts,2006,30.7,63.56,5.74
MA,Massachusetts,2007,29.03,65.28,5.7
MA,Massachusetts,2008,28.14,66.53,5.33
MA,Massachusetts,2009,30.97,62.94,6.09
MA,Massachusetts,2010,33.92,59.54,6.54
MA,Massachusetts,2011,32.14,61.29,6.57
MA,Massachusetts,2012,32.04,61.16,6.8
MA,Massachusetts,2013,31.19,61.77,7.03
MA,Massachusetts,2014,31.43,61.18,7.38
MA,Massachusetts,2015,30.68,61.98,7.34
MA,Massachusetts,2016,31.9,61.38,6.72
MA,Massachusetts,2017,32.02,61.51,6.47
MA,Massachusetts,2018,30.42,63.02,6.55
MA,Massachusetts,2019,30.05,63.19,6.76
MA,Massachusetts,2020,30.0,63.06,6.94
MA,Massachusetts,2021,28.7,64.28,7.02
MA,Massachusetts,2022,26.47,67.21,6.32
MA,Massachusetts,2023,29.43,64.06,6.51
MA,Massachusetts,2024,28.56,65.98,5.46
MA,Massachusetts,2025,27.49,66.8,5.71
MD,Maryland,1942,48.56,14.35,37.09
MD,Maryland,1944,47.86,20.71,31.42
MD,Maryland,1946,54.63,16.82,28.55
MD,Maryland,1948,61.84,18.7,19.46
MD,Maryland,1950,58.0,21.85,20.15
MD,Maryland,1951,57.64,22.91,19.44
MD,Maryland,1952,56.81,24.04,19.15
MD,Maryland,1953,56.39,24.77,18.85
MD,Maryland,1954,57.13,23.5,19.37
MD,Maryland,1955,58.47,23.53,18.0
MD,Maryland,1956,51.14,33.62,15.24
MD,Maryland,1957,54.76,28.25,16.99
MD,Maryland,1958,53.55,28.44,18.01
MD,Maryland,1959,52.56,31.99,15.45
MD,Maryland,1960,54.8,30.67,14.53
MD,Maryland,1961,54.13,30.89,14.98
MD,Maryland,1962,56.02,29.48,14.51
MD,Maryland,1963,54.81,30.94,14.25
MD,Maryland,1964,55.34,30.99,13.67
MD,Maryland,1965,55.05,31.86,13.09
MD,Maryland,1966,54.3,32.77,12.93
MD,Maryland,1967,52.65,33.9,13.45
MD,Maryland,1968,48.0,40.96,11.04
MD,Maryland,1969,45.52,42.67,11.8
MD,Maryland,1970,45.28,43.76,10.97
MD,Maryland,1971,46.93,41.92,11.15
MD,Maryland,1972,46.91,41.99,11.1
MD,Maryland,1973,48.08,40.93,10.99
MD,Maryland,1974,47.09,42.06,10.85
MD,Maryland,1975,46.0,43.8,10.2
MD,Maryland,1976,44.33,45.9,9.77
MD,Maryland,1977,46.49,43.33,10.17
MD,Maryland,1978,48.2,42.04,9.76
MD,Maryland,1979,47.5,43.49,9.02
MD,Maryland,1980,45.19,45.74,9.06
MD,Maryland,1981,44.98,46.07,8.95
MD,Maryland,1982,43.94,47.09,8.97
MD,Maryland,1983,44.59,46.34,9.08
MD,Maryland,1984,45.23,45.75,9.01
MD,Maryland,1985,45.11,46.61,8.28
MD,Maryland,1986,44.96,46.68,8.35
MD,Maryland,1987,44.45,47.26,8.29
MD,Maryland,1988,43.77,47.09,9.14
MD,Maryland,1989,42.62,48.2,9.18
MD,Maryland,1990,42.05,48.94,9.01
MD,Maryland,1991,41.27,49.78,8.95
MD,Maryland,1992,42.13,48.05,9.82
MD,Maryland,1993,42.57,46.55,10.88
MD,Maryland,1994,43.17,46.76,10.07
MD,Maryland,1995,43.39,46.72,9.89
MD,Maryland,1996,43.53,46.72,9.75
MD,Maryland,1997,43.12,47.64,9.24
MD,Maryland,1998,41.81,49.16,9.03
MD,Maryland,1999,42.43,48.24,9.33
MD,Maryland,2000,42.12,48.72,9.16
MD,Maryland,2001,42.57,48.45,8.98
MD,Maryland,2002,43.42,46.79,9.78
MD,Maryland,2003,44.3,46.09,9.61
MD,Maryland,2004,40.53,47.82,11.65
MD,Maryland,2005,38.54,48.39,13.07
MD,Maryland,2006,39.33,48.1,12.57
MD,Maryland,2007,38.5,49.43,12.06
MD,Maryland,2008,39.88,48.75,11.37
MD,Maryland,2009,40.71,47.28,12.01
MD,Maryland,2010,41.07,46.54,12.39
MD,Maryland,2011,41.36,46.13,12.51
MD,Maryland,2012,41.96,46.78,11.26
MD,Maryland,2013,40.55,47.72,11.73
MD,Maryland,2014,42.38,46.26,11.36
MD,Maryland,2015,42.25,46.75,11.01
MD,Maryland,2016,42.78,46.17,11.05
MD,Maryland,2017,42.79,46.61,10.59
MD,Maryland,2018,42.66,47.0,10.34
MD,Maryland,2019,41.92,48.16,9.92
MD,Maryland,2020,39.84,50.33,9.83
MD,Maryland,2021,41.98,47.69,10.33
MD,Maryland,2022,41.35,48.94,9.71
MD,Maryland,2023,42.72,47.61,9.66
MD,Maryland,2024,41.0,50.13,8.87
MD,Maryland,2025,40.43,50.39,9.18
ME,Maine,1942,48.3,0.0,51.7
ME,Maine,1944,46.55,0.0,53.45
ME,Maine,1946,49.84,0.0,50.16
ME,Maine,1948,59.78,0.0,40.22
ME,Maine,1950,57.91,0.0,42.09
ME,Maine,1951,58.47,0.0,41.53
ME,Maine,1952,66.65,0.0,33.35
ME,Maine,1953,73.51,0.0,26.49
ME,Maine,1954,74.31,0.0,25.69
ME,Maine,1955,73.72,0.0,26.28
ME,Maine,1956,74.98,0.0,25.02
ME,Maine,1957,74.76,0.0,25.24
ME,Maine,1958,75.9,0.0,24.1
ME,Maine,1959,76.62,0.0,23.38
ME,Maine,1960,76.8,0.0,23.2
ME,Maine,1961,76.79,0.0,23.21
ME,Maine,1962,77.07,0.0,22.93
ME,Maine,1963,75.77,0.0,24.23
ME,Maine,1964,78.15,0.0,21.85
ME,Maine,1965,79.27,0.0,20.73
ME,Maine,1966,79.99,0.0,20.01
ME,Maine,1967,79.76,0.0,20.24
ME,Maine,1968,80.21,0.0,19.79
ME,Maine,1969,80.67,0.0,19.33
ME,Maine,1970,71.68,13.07,15.24
ME,Maine,1971,70.91,14.17,14.91
ME,Maine,1972,72.54,13.3,14.17
ME,Maine,1973,73.17,13.62,13.22
ME,Maine,1974,70.81,15.53,13.66
ME,Maine,1975,68.23,17.56,14.21
ME,Maine,1976,50.81,15.99,33.2
ME,Maine,1977,63.17,23.56,13.27
ME,Maine,1978,60.43,26.07,13.5
ME,Maine,1979,60.2,27.73,12.07
ME,Maine,1980,56.15,30.33,13.52
ME,Maine,1981,55.19,32.0,12.81
ME,Maine,1982,53.99,33.61,12.4
ME,Maine,1983,54.09,34.48,11.43
ME,Maine,1984,54.83,34.12,11.05
ME,Maine,1985,54.77,34.89,10.34
ME,Maine,1986,54.52,35.32,10.16
ME,Maine,1987,51.88,38.15,9.97
ME,Maine,1988,48.96,42.5,8.53
ME,Maine,1989,48.71,41.98,9.31
ME,Maine,1990,49.54,40.89,9.57
ME,Maine,1991,47.8,42.15,10.05
ME,Maine,1992,51.08,39.59,9.32
ME,Maine,1993,51.67,39.11,9.22
ME,Maine,1994,50.48,40.03,9.49
ME,Maine,1995,51.03,38.83,10.15
ME,Maine,1996,49.34,41.16,9.5
ME,Maine,1997,47.77,43.03,9.2
ME,Maine,1998,48.13,42.77,9.1
ME,Maine,1999,45.65,45.95,8.4
ME,Maine,2000,44.76,46.11,9.14
ME,Maine,2001,44.09,47.14,8.77
ME,Maine,2002,47.1,43.79,9.11
ME,Maine,2003,47.51,43.23,9.26
ME,Maine,2004,46.9,42.74,10.36
ME,Maine,2005,45.63,44.63,9.74
ME,Maine,2006,46.37,43.27,10.37
ME,Maine,2007,45.69,44.73,9.58
ME,Maine,2008,45.05,46.16,8.8
ME,Maine,2009,47.02,43.39,9.59
ME,Maine,2010,47.76,42.37,9.87
ME,Maine,2011,45.78,44.34,9.88
ME,Maine,2012,46.3,44.32,9.38
ME,Maine,2013,45.82,43.85,10.33
ME,Maine,2014,49.68,41.51,8.81
ME,Maine,2015,49.19,41.88,8.93
ME,Maine,2016,50.31,40.9,8.79
ME,Maine,2017,51.15,40.4,8.44
ME,Maine,2018,51.02,40.6,8.38
ME,Maine,2019,49.8,41.97,8.23
ME,Maine,2020,49.51,42.46,8.04
ME,Maine,2021,48.23,43.28,8.49
ME,Maine,2022,46.31,46.53,7.17
ME,Maine,2023,47.76,45.29,6.94
ME,Maine,2024,49.1,43.92,6.98
ME,Maine,2025,47.09,45.39,7.52
MI,Michigan,1942,68.99,0.0,31.01
MI,Michigan,1944,69.6,0.0,30.4
MI,Michigan,1946,74.3,0.0,25.7
MI,Michigan,1948,75.25,0.0,24.75
MI,Michigan,1950,74.89,0.0,25.11
MI,Michigan,1951,75.93,0.0,24.07
MI,Michigan,1952,74.11,0.0,25.89
MI,Michigan,1953,69.72,0.0,30.28
MI,Michigan,1954,70.32,0.0,29.68
MI,Michigan,1955,69.69,0.0,30.31
MI,Michigan,1956,68.25,0.0,31.75
MI,Michigan,1957,67.98,0.0,32.02
MI,Michigan,1958,67.61,0.0,32.39
MI,Michigan,1959,67.69,0.0,32.31
MI,Michigan,1960,67.14,0.0,32.86
MI,Michigan,1961,67.96,0.0,32.04
MI,Michigan,1962,70.35,0.0,29.65
MI,Michigan,1963,70.77,0.0,29.23
MI,Michigan,1964,70.85,0.0,29.15
MI,Michigan,1965,71.03,0.0,28.97
MI,Michigan,1966,70.13,0.0,29.87
MI,Michigan,1967,69.22,0.0,30.78
MI,Michigan,1968,60.29,16.09,23.62
MI,Michigan,1969,55.38,26.99,17.62
MI,Michigan,1970,56.12,26.01,17.87
MI,Michigan,1971,56.92,25.19,17.89
MI,Michigan,1972,51.28,33.06,15.66
MI,Michigan,1973,49.12,36.56,14.32
MI,Michigan,1974,51.35,34.63,14.02
MI,Michigan,1975,53.95,30.67,15.38
MI,Michigan,1976,46.83,38.87,14.3
MI,Michigan,1977,44.7,46.55,8.75
MI,Michigan,1978,43.74,48.14,8.13
MI,Michigan,1979,42.73,48.78,8.49
MI,Michigan,1980,42.99,47.54,9.48
MI,Michigan,1981,42.11,48.12,9.77
MI,Michigan,1982,41.42,48.72,9.86
MI,Michigan,1983,39.49,50.85,9.66
MI,Michigan,1984,37.16,54.54,8.29
MI,Michigan,1985,39.79,51.45,8.76
MI,Michigan,1986,40.41,50.44,9.16
MI,Michigan,1987,41.02,49.8,9.18
MI,Michigan,1988,38.65,51.77,9.58
MI,Michigan,1989,38.92,50.8,10.27
MI,Michigan,1990,38.91,50.63,10.46
MI,Michigan,1991,40.65,48.46,10.89
MI,Michigan,1992,44.23,44.07,11.7
MI,Michigan,1993,37.6,52.34,10.06
MI,Michigan,1994,42.37,46.41,11.22
MI,Michigan,1995,43.26,42.9,13.84
MI,Michigan,1996,44.52,40.8,14.69
MI,Michigan,1997,44.68,41.09,14.23
MI,Michigan,1998,42.9,42.26,14.83
MI,Michigan,1999,42.53,42.85,14.61
MI,Michigan,2000,43.0,42.07,14.94
MI,Michigan,2001,44.39,39.94,15.67
MI,Michigan,2002,46.05,37.46,16.48
MI,Michigan,2003,44.81,36.76,18.42
MI,Michigan,2004,45.07,34.98,19.95
MI,Michigan,2005,49.03,34.07,16.9
MI,Michigan,2006,48.94,34.21,16.85
MI,Michigan,2007,48.65,34.5,16.85
MI,Michigan,2008,48.1,36.15,15.75
MI,Michigan,2009,54.94,28.83,16.23
MI,Michigan,2010,55.99,27.75,16.26
MI,Michigan,2011,55.04,30.0,14.96
MI,Michigan,2012,52.9,32.3,14.8
MI,Michigan,2013,48.91,36.44,14.65
MI,Michigan,2014,50.22,34.88,14.89
MI,Michigan,2015,48.69,37.14,14.18
MI,Michigan,2016,48.31,37.16,14.53
MI,Michigan,2017,49.01,36.29,14.69
MI,Michigan,2018,47.92,37.07,15.01
MI,Michigan,2019,47.4,37.31,15.29
MI,Michigan,2020,47.59,35.2,17.2
MI,Michigan,2021,46.25,39.2,14.55
MI,Michigan,2022,44.15,41.93,13.92
MI,Michigan,2023,47.35,38.43,14.21
MI,Michigan,2024,47.57,38.18,14.25
MI,Michigan,2025,47.01,38.19,14.81
MN,Minnesota,1942,41.83,18.88,39.28
MN,Minnesota,1944,39.13,27.27,33.6
MN,Minnesota,1946,46.99,23.79,29.22
MN,Minnesota,1948,43.86,28.37,27.76
MN,Minnesota,1950,41.82,28.06,30.12
MN,Minnesota,1951,39.47,28.78,31.75
MN,Minnesota,1952,37.2,29.0,33.8
MN,Minnesota,1953,39.97,27.84,32.19
MN,Minnesota,1954,38.11,26.54,35.34
MN,Minnesota,1955,39.08,28.77,32.15
MN,Minnesota,1956,36.37,28.89,34.75
MN,Minnesota,1957,37.0,29.45,33.55
MN,Minnesota,1958,35.03,30.99,33.97
MN,Minnesota,1959,36.35,32.7,30.95
MN,Minnesota,1960,35.14,36.63,28.22
MN,Minnesota,1961,34.63,35.11,30.26
MN,Minnesota,1962,34.04,39.12,26.84
MN,Minnesota,1963,32.66,41.21,26.14
MN,Minnesota,1964,34.14,39.54,26.31
MN,Minnesota,1965,33.31,42.14,24.55
MN,Minnesota,1966,29.55,48.22,22.23
MN,Minnesota,1967,29.35,48.1,22.55
MN,Minnesota,1968,40.36,41.53,18.11
MN,Minnesota,1969,44.25,42.29,13.45
MN,Minnesota,1970,45.35,41.68,12.97
MN,Minnesota,1971,46.22,41.0,12.78
MN,Minnesota,1972,43.84,44.97,11.19
MN,Minnesota,1973,43.28,46.2,10.52
MN,Minnesota,1974,40.93,48.38,10.69
MN,Minnesota,1975,39.43,49.6,10.97
MN,Minnesota,1976,40.81,47.14,12.05
MN,Minnesota,1977,39.56,48.88,11.55
MN,Minnesota,1978,39.33,49.56,11.11
MN,Minnesota,1979,38.24,51.46,10.3
MN,Minnesota,1980,37.98,51.33,10.69
MN,Minnesota,1981,38.13,51.22,10.65
MN,Minnesota,1982,40.22,49.33,10.44
MN,Minnesota,1983,39.32,51.67,9.01
MN,Minnesota,1984,40.22,51.64,8.14
MN,Minnesota,1985,41.38,50.05,8.57
MN,Minnesota,1986,45.1,47.28,7.62
MN,Minnesota,1987,43.41,49.31,7.28
MN,Minnesota,1988,44.3,49.05,6.66
MN,Minnesota,1989,46.12,46.63,7.24
MN,Minnesota,1990,43.49,49.25,7.26
MN,Minnesota,1991,43.08,48.69,8.23
MN,Minnesota,1992,45.09,45.93,8.98
MN,Minnesota,1993,43.88,47.09,9.04
MN,Minnesota,1994,44.26,46.25,9.49
MN,Minnesota,1995,44.7,46.41,8.89
MN,Minnesota,1996,43.86,47.24,8.9
MN,Minnesota,1997,42.55,48.81,8.64
MN,Minnesota,1998,42.88,47.84,9.28
MN,Minnesota,1999,42.42,48.75,8.82
MN,Minnesota,2000,43.3,47.61,9.09
MN,Minnesota,2001,43.32,49.05,7.64
MN,Minnesota,2002,43.61,45.2,11.19
MN,Minnesota,2003,43.38,42.71,13.91
MN,Minnesota,2004,43.33,43.07,13.6
MN,Minnesota,2005,41.82,45.81,12.37
MN,Minnesota,2006,41.69,45.78,12.52
MN,Minnesota,2007,41.1,47.36,11.55
MN,Minnesota,2008,40.57,48.13,11.3
MN,Minnesota,2009,42.9,45.03,12.07
MN,Minnesota,2010,45.81,41.72,12.47
MN,Minnesota,2011,43.45,44.77,11.77
MN,Minnesota,2012,44.45,44.04,11.51
MN,Minnesota,2013,42.33,46.56,11.11
MN,Minnesota,2014,41.77,47.1,11.13
MN,Minnesota,2015,40.66,48.39,10.95
MN,Minnesota,2016,40.18,48.63,11.2
MN,Minnesota,2017,41.44,47.6,10.95
MN,Minnesota,2018,39.76,49.59,10.65
MN,Minnesota,2019,39.64,50.08,10.27
MN,Minnesota,2020,42.38,46.76,10.86
MN,Minnesota,2021,35.24,55.34,9.42
MN,Minnesota,2022,34.64,56.89,8.48
MN,Minnesota,2023,37.56,54.07,8.38
MN,Minnesota,2024,38.06,53.69,8.25
MN,Minnesota,2025,37.26,53.91,8.83
MO,Missouri,1942,63.11,9.02,27.86
MO,Missouri,1944,60.65,13.07,26.28
MO,Missouri,1946,62.78,13.62,23.6
MO,Missouri,1948,60.2,17.35,22.46
MO,Missouri,1950,64.14,15.56,20.3
MO,Missouri,1951,64.5,14.9,20.6
MO,Missouri,1952,64.47,13.75,21.78
MO,Missouri,1953,66.3,12.5,21.2
MO,Missouri,1954,64.8,11.64,23.55
MO,Missouri,1955,65.19,12.13,22.69
MO,Missouri,1956,63.29,13.75,22.96
MO,Missouri,1957,63.3,14.11,22.59
MO,Missouri,1958,62.0,14.67,23.33
MO,Missouri,1959,61.21,14.87,23.92
MO,Missouri,1960,62.3,15.23,22.47
MO,Missouri,1961,59.95,17.28,22.78
MO,Missouri,1962,60.1,21.34,18.56
MO,Missouri,1963,63.42,18.44,18.15
MO,Missouri,1964,66.12,16.06,17.82
MO,Missouri,1965,68.19,16.22,15.6
MO,Missouri,1966,67.41,16.09,16.5
MO,Missouri,1967,66.38,17.98,15.64
MO,Missouri,1968,64.71,20.0,15.29
MO,Missouri,1969,65.18,19.23,15.59
MO,Missouri,1970,66.22,18.39,15.4
MO,Missouri,1971,62.43,22.95,14.61
MO,Missouri,1972,57.46,29.21,13.33
MO,Missouri,1973,56.95,30.91,12.13
MO,Missouri,1974,58.94,28.46,12.6
MO,Missouri,1975,59.52,28.22,12.26
MO,Missouri,1976,58.92,29.26,11.82
MO,Missouri,1977,58.16,31.0,10.85
MO,Missouri,1978,58.86,30.85,10.29
MO,Missouri,1979,57.15,33.03,9.82
MO,Missouri,1980,54.73,35.25,10.02
MO,Missouri,1981,52.59,37.24,10.17
MO,Missouri,1982,51.42,38.21,10.38
MO,Missouri,1983,52.57,38.02,9.41
MO,Missouri,1984,56.41,35.02,8.57
MO,Missouri,1985,54.63,36.22,9.16
MO,Missouri,1986,54.75,35.77,9.47
MO,Missouri,1987,53.1,37.61,9.29
MO,Missouri,1988,51.91,39.5,8.59
MO,Missouri,1989,50.49,41.23,8.29
MO,Missouri,1990,50.79,40.74,8.47
MO,Missouri,1991,50.1,41.11,8.79
MO,Missouri,1992,50.45,40.41,9.14
MO,Missouri,1993,50.49,40.13,9.38
MO,Missouri,1994,50.68,40.51,8.82
MO,Missouri,1995,48.53,43.02,8.46
MO,Missouri,1996,47.87,43.91,8.22
MO,Missouri,1997,47.4,44.13,8.47
MO,Missouri,1998,46.21,45.36,8.43
MO,Missouri,1999,45.76,45.59,8.66
MO,Missouri,2000,47.03,44.52,8.45
MO,Missouri,2001,45.55,45.85,8.61
MO,Missouri,2002,47.43,44.86,7.71
MO,Missouri,2003,48.99,43.18,7.83
MO,Missouri,2004,49.0,43.26,7.74
MO,Missouri,2005,48.19,44.35,7.46
MO,Missouri,2006,45.86,47.49,6.64
MO,Missouri,2007,44.97,48.81,6.22
MO,Missouri,2008,43.69,50.4,5.91
MO,Missouri,2009,44.76,49.15,6.09
MO,Missouri,2010,46.65,46.7,6.64
MO,Missouri,2011,45.75,48.02,6.22
MO,Missouri,2012,44.11,50.3,5.59
MO,Missouri,2013,43.01,51.69,5.3
MO,Missouri,2014,43.73,50.88,5.39
MO,Missouri,2015,42.35,52.33,5.32
MO,Missouri,2016,43.12,51.66,5.22
MO,Missouri,2017,43.25,51.68,5.06
MO,Missouri,2018,42.53,52.54,4.93
MO,Missouri,2019,42.1,52.78,5.12
MO,Missouri,2020,43.99,50.49,5.52
MO,Missouri,2021,39.4,55.68,4.93
MO,Missouri,2022,38.28,57.32,4.4
MO,Missouri,2023,40.29,55.1,4.62
MO,Missouri,2024,42.63,52.84,4.53
MO,Missouri,2025,43.3,52.04,4.66
MS,Mississippi,1942,71.37,11.94,16.69
MS,Mississippi,1944,66.43,22.41,11.16
MS,Mississippi,1946,74.41,13.62,11.98
MS,Mississippi,1948,70.67,13.39,15.94
MS,Mississippi,1950,70.09,13.86,16.05
MS,Mississippi,1951,71.75,12.92,15.33
MS,Mississippi,1952,72.04,13.9,14.05
MS,Mississippi,1953,72.31,12.77,14.92
MS,Mississippi,1954,72.36,13.54,14.09
MS,Mississippi,1955,72.38,11.47,16.16
MS,Mississippi,1956,73.73,10.88,15.39
MS,Mississippi,1957,70.98,12.4,16.63
MS,Mississippi,1958,72.57,11.42,16.01
MS,Mississippi,1959,73.15,10.09,16.76
MS,Mississippi,1960,72.78,10.86,16.36
MS,Mississippi,1961,72.98,10.44,16.58
MS,Mississippi,1962,73.21,10.37,16.43
MS,Mississippi,1963,73.9,9.46,16.64
MS,Mississippi,1964,74.85,8.9,16.25
MS,Mississippi,1965,75.72,8.81,15.47
MS,Mississippi,1966,76.91,8.89,14.2
MS,Mississippi,1967,77.85,8.89,13.25
MS,Mississippi,1968,77.86,8.83,13.3
MS,Mississippi,1969,74.59,13.41,12.0
MS,Mississippi,1970,76.11,13.2,10.69
MS,Mississippi,1971,76.84,12.76,10.4
MS,Mississippi,1972,76.61,13.19,10.2
MS,Mississippi,1973,75.21,14.53,10.26
MS,Mississippi,1974,74.63,15.08,10.28
MS,Mississippi,1975,73.99,15.85,10.16
MS,Mississippi,1976,72.93,16.76,10.31
MS,Mississippi,1977,72.33,18.31,9.36
MS,Mississippi,1978,71.17,19.3,9.52
MS,Mississippi,1979,69.24,21.04,9.72
MS,Mississippi,1980,71.53,17.06,11.41
MS,Mississippi,1981,68.02,18.25,13.73
MS,Mississippi,1982,67.86,15.98,16.16
MS,Mississippi,1983,66.54,17.55,15.91
MS,Mississippi,1984,63.59,21.27,15.14
MS,Mississippi,1985,65.69,20.2,14.11
MS,Mississippi,1986,68.22,19.29,12.49
MS,Mississippi,1987,66.95,21.52,11.53
MS,Mississippi,1988,65.97,21.14,12.89
MS,Mississippi,1989,66.77,23.85,9.38
MS,Mississippi,1990,65.47,22.97,11.56
MS,Mississippi,1991,65.06,25.17,9.77
MS,Mississippi,1992,67.24,23.49,9.28
MS,Mississippi,1993,65.93,25.43,8.64
MS,Mississippi,1994,67.43,24.22,8.35
MS,Mississippi,1995,67.3,24.63,8.07
MS,Mississippi,1996,67.41,24.45,8.14
MS,Mississippi,1997,66.35,25.32,8.33
MS,Mississippi,1998,65.99,25.74,8.26
MS,Mississippi,1999,66.21,26.51,7.28
MS,Mississippi,2000,66.79,26.2,7.01
MS,Mississippi,2001,66.06,26.2,7.75
MS,Mississippi,2002,67.32,24.97,7.71
MS,Mississippi,2003,66.11,26.18,7.71
MS,Mississippi,2004,66.17,25.48,8.35
MS,Mississippi,2005,64.86,26.83,8.31
MS,Mississippi,2006,65.48,26.24,8.28
MS,Mississippi,2007,64.46,27.32,8.22
MS,Mississippi,2008,62.7,28.7,8.61
MS,Mississippi,2009,63.75,27.88,8.36
MS,Mississippi,2010,65.0,26.62,8.38
MS,Mississippi,2011,64.39,26.65,8.96
MS,Mississippi,2012,63.23,27.28,9.49
MS,Mississippi,2013,61.75,29.33,8.92
MS,Mississippi,2014,62.12,28.96,8.92
MS,Mississippi,2015,61.67,29.33,9.0
MS,Mississippi,2016,62.37,29.54,8.09
MS,Mississippi,2017,64.08,28.57,7.35
MS,Mississippi,2018,63.76,29.03,7.22
MS,Mississippi,2019,63.13,29.72,7.15
MS,Mississippi,2020,64.99,28.18,6.83
MS,Mississippi,2021,60.8,32.52,6.68
MS,Mississippi,2022,61.32,31.9,6.78
MS,Mississippi,2023,62.81,30.17,7.02
MS,Mississippi,2024,64.57,28.73,6.71
MS,Mississippi,2025,67.61,26.26,6.13
MT,Montana,1942,46.64,16.69,36.67
MT,Montana,1944,40.5,18.6,40.9
MT,Montana,1946,51.6,16.36,32.04
MT,Montana,1948,50.14,21.37,28.49
MT,Montana,1950,47.98,17.79,34.23
MT,Montana,1951,48.09,20.28,31.64
MT,Montana,1952,47.74,20.38,31.88
MT,Montana,1953,50.41,17.4,32.19
MT,Montana,1954,50.83,17.12,32.06
MT,Montana,1955,50.83,16.55,32.63
MT,Montana,1956,49.5,21.48,29.02
MT,Montana,1957,48.05,18.83,33.12
MT,Montana,1958,48.81,20.63,30.56
MT,Montana,1959,46.92,20.44,32.64
MT,Montana,1960,46.23,23.71,30.06
MT,Montana,1961,44.89,26.61,28.5
MT,Montana,1962,44.41,26.1,29.5
MT,Montana,1963,46.07,25.26,28.67
MT,Montana,1964,45.62,26.02,28.36
MT,Montana,1965,44.75,28.32,26.93
MT,Montana,1966,41.97,30.78,27.25
MT,Montana,1967,40.62,34.29,25.09
MT,Montana,1968,38.69,35.15,26.16
MT,Montana,1969,38.21,35.14,26.65
MT,Montana,1970,37.42,37.7,24.88
MT,Montana,1971,37.02,38.23,24.75
MT,Montana,1972,33.93,43.54,22.52
MT,Montana,1973,33.74,47.62,18.64
MT,Montana,1974,29.95,43.08,26.97
MT,Montana,1975,29.9,47.56,22.54
MT,Montana,1976,27.61,43.4,28.99
MT,Montana,1977,26.56,43.8,29.64
MT,Montana,1978,26.3,45.19,28.51
MT,Montana,1979,25.36,44.36,30.28
MT,Montana,1980,21.85,41.45,36.7
MT,Montana,1981,20.49,42.78,36.73
MT,Montana,1982,19.44,35.6,44.95
MT,Montana,1983,20.89,36.52,42.58
MT,Montana,1984,23.1,35.27,41.63
MT,Montana,1985,21.8,38.04,40.16
MT,Montana,1986,22.8,37.4,39.8
MT,Montana,1987,24.96,38.47,36.57
MT,Montana,1988,25.47,40.56,33.97
MT,Montana,1989,24.63,44.19,31.18
MT,Montana,1990,21.29,41.97,36.74
MT,Montana,1991,22.43,43.26,34.31
MT,Montana,1992,19.53,36.64,43.82
MT,Montana,1993,17.71,39.12,43.17
MT,Montana,1994,20.87,35.71,43.43
MT,Montana,1995,20.52,36.87,42.62
MT,Montana,1996,22.25,37.89,39.87
MT,Montana,1997,20.96,37.31,41.73
MT,Montana,1998,20.69,39.32,39.98
MT,Montana,1999,22.62,42.55,34.83
MT,Montana,2000,24.38,43.67,31.96
MT,Montana,2001,23.56,44.1,32.34
MT,Montana,2002,25.7,40.6,33.7
MT,Montana,2003,25.95,39.0,35.05
MT,Montana,2004,26.88,41.42,31.7
MT,Montana,2005,24.27,43.27,32.46
MT,Montana,2006,24.17,43.39,32.44
MT,Montana,2007,22.85,43.6,33.54
MT,Montana,2008,22.15,41.98,35.87
MT,Montana,2009,21.99,41.18,36.83
MT,Montana,2010,24.83,37.71,37.46
MT,Montana,2011,23.15,40.66,36.19
MT,Montana,2012,22.15,41.98,35.87
MT,Montana,2013,21.14,46.0,32.86
MT,Montana,2014,20.72,45.69,33.59
MT,Montana,2015,21.21,47.43,31.36
MT,Montana,2016,21.4,49.47,29.13
MT,Montana,2017,22.72,47.81,29.46
MT,Montana,2018,21.81,49.28,28.92
MT,Montana,2019,20.93,50.43,28.64
MT,Montana,2020,21.43,48.13,30.44
MT,Montana,2021,19.8,55.61,24.58
MT,Montana,2022,18.69,57.74,23.56
MT,Montana,2023,19.38,55.15,25.46
MT,Montana,2024,18.85,54.21,26.94
MT,Montana,2025,19.23,54.34,26.43
NC,North Carolina,1942,54.36,22.74,22.9
NC,North Carolina,1944,46.6,32.4,21.01
NC,North Carolina,1946,52.25,27.56,20.2
NC,North Carolina,1948,52.66,30.45,16.89
NC,North Carolina,1950,55.89,25.58,18.53
NC,North Carolina,1951,55.32,27.09,17.6
NC,North Carolina,1952,54.26,28.38,17.36
NC,North Carolina,1953,56.08,26.34,17.58
NC,North Carolina,1954,55.94,26.03,18.02
NC,North Carolina,1955,56.77,24.4,18.83
NC,North Carolina,1956,56.72,26.08,17.19
NC,North Carolina,1957,56.29,26.63,17.08
NC,North Carolina,1958,55.73,26.84,17.43
NC,North Carolina,1959,56.73,25.59,17.68
NC,North Carolina,1960,52.43,31.2,16.37
NC,North Carolina,1961,52.47,31.1,16.43
NC,North Carolina,1962,56.08,28.24,15.68
NC,North Carolina,1963,55.78,28.3,15.91
NC,North Carolina,1964,55.74,29.2,15.07
NC,North Carolina,1965,53.85,31.36,14.79
NC,North Carolina,1966,52.35,32.89,14.76
NC,North Carolina,1967,52.21,34.14,13.64
NC,North Carolina,1968,51.38,34.77,13.85
NC,North Carolina,1969,50.94,34.88,14.18
NC,North Carolina,1970,54.42,32.21,13.37
NC,North Carolina,1971,54.8,32.26,12.93
NC,North Carolina,1972,54.04,33.22,12.74
NC,North Carolina,1973,52.68,34.42,12.91
NC,North Carolina,1974,51.6,36.4,12.0
NC,North Carolina,1975,50.98,37.7,11.33
NC,North Carolina,1976,51.31,36.96,11.72
NC,North Carolina,1977,47.33,41.36,11.31
NC,North Carolina,1978,47.58,41.34,11.08
NC,North Carolina,1979,46.4,42.92,10.68
NC,North Carolina,1980,43.95,45.79,10.27
NC,North Carolina,1981,43.61,46.15,10.24
NC,North Carolina,1982,44.15,45.56,10.29
NC,North Carolina,1983,43.79,46.09,10.12
NC,North Carolina,1984,43.12,46.44,10.44
NC,North Carolina,1985,41.58,48.36,10.06
NC,North Carolina,1986,41.44,48.73,9.84
NC,North Carolina,1987,40.4,50.47,9.13
NC,North Carolina,1988,41.23,49.94,8.83
NC,North Carolina,1989,39.57,51.84,8.59
NC,North Carolina,1990,40.59,50.9,8.51
NC,North Carolina,1991,39.83,51.39,8.78
NC,North Carolina,1992,44.1,46.91,8.99
NC,North Carolina,1993,43.18,48.21,8.61
NC,North Carolina,1994,43.71,47.78,8.51
NC,North Carolina,1995,42.55,49.06,8.4
NC,North Carolina,1996,43.29,49.39,7.32
NC,North Carolina,1997,41.93,50.8,7.27
NC,North Carolina,1998,41.35,51.37,7.28
NC,North Carolina,1999,40.65,52.0,7.35
NC,North Carolina,2000,38.79,54.89,6.32
NC,North Carolina,2001,39.84,52.88,7.28
NC,North Carolina,2002,42.25,51.06,6.69
NC,North Carolina,2003,42.6,50.4,7.0
NC,North Carolina,2004,43.18,49.58,7.24
NC,North Carolina,2005,40.86,52.04,7.11
NC,North Carolina,2006,40.61,52.3,7.09
NC,North Carolina,2007,39.21,53.75,7.04
NC,North Carolina,2008,39.17,53.49,7.34
NC,North Carolina,2009,41.1,50.97,7.93
NC,North Carolina,2010,43.85,48.47,7.68
NC,North Carolina,2011,44.35,48.93,6.72
NC,North Carolina,2012,42.0,51.09,6.91
NC,North Carolina,2013,40.87,51.98,7.15
NC,North Carolina,2014,42.45,49.98,7.57
NC,North Carolina,2015,42.79,49.94,7.27
NC,North Carolina,2016,42.53,50.0,7.47
NC,North Carolina,2017,43.54,47.8,8.66
NC,North Carolina,2018,43.85,47.93,8.22
NC,North Carolina,2019,43.66,48.07,8.27
NC,North Carolina,2020,45.36,46.52,8.12
NC,North Carolina,2021,41.99,50.16,7.85
NC,North Carolina,2022,42.67,50.0,7.33
NC,North Carolina,2023,45.44,47.33,7.23
NC,North Carolina,2024,46.52,46.52,6.95
NC,North Carolina,2025,46.64,45.94,7.41
ND,North Dakota,1942,55.06,5.14,39.81
ND,North Dakota,1944,51.26,11.94,36.8
ND,North Dakota,1946,63.35,10.18,26.48
ND,North Dakota,1948,62.24,16.86,20.91
ND,North Dakota,1950,59.0,12.76,28.24
ND,North Dakota,1951,60.35,12.19,27.46
ND,North Dakota,1952,60.2,12.18,27.62
ND,North Dakota,1953,63.06,10.18,26.76
ND,North Dakota,1954,63.53,8.15,28.33
ND,North Dakota,1955,61.88,8.04,30.08
ND,North Dakota,1956,60.9,8.07,31.02
ND,North Dakota,1957,62.14,8.92,28.94
ND,North Dakota,1958,61.19,8.96,29.85
ND,North Dakota,1959,61.82,10.25,27.93
ND,North Dakota,1960,58.51,10.22,31.27
ND,North Dakota,1961,60.48,10.0,29.52
ND,North Dakota,1962,56.15,12.92,30.93
ND,North Dakota,1963,59.74,11.6,28.66
ND,North Dakota,1964,59.3,12.19,28.51
ND,North Dakota,1965,60.67,12.7,26.63
ND,North Dakota,1966,59.79,14.54,25.67
ND,North Dakota,1967,58.53,16.65,24.83
ND,North Dakota,1968,60.2,16.7,23.1
ND,North Dakota,1969,62.66,15.32,22.02
ND,North Dakota,1970,63.29,15.11,21.6
ND,North Dakota,1971,64.5,17.29,18.21
ND,North Dakota,1972,64.56,17.98,17.46
ND,North Dakota,1973,62.97,20.81,16.22
ND,North Dakota,1974,57.49,27.42,15.1
ND,North Dakota,1975,53.59,32.07,14.34
ND,North Dakota,1976,56.22,27.26,16.51
ND,North Dakota,1977,55.66,25.93,18.41
ND,North Dakota,1978,51.12,29.1,19.78
ND,North Dakota,1979,54.27,24.04,21.68
ND,North Dakota,1980,51.58,24.12,24.3
ND,North Dakota,1981,43.6,22.95,33.44
ND,North Dakota,1982,41.16,13.72,45.12
ND,North Dakota,1983,41.7,12.5,45.81
ND,North Dakota,1984,44.51,17.19,38.29
ND,North Dakota,1985,42.41,23.2,34.38
ND,North Dakota,1986,45.38,21.05,33.57
ND,North Dakota,1987,52.26,19.81,27.92
ND,North Dakota,1988,54.05,23.48,22.47
ND,North Dakota,1989,56.88,22.21,20.91
ND,North Dakota,1990,56.19,22.51,21.29
ND,North Dakota,1991,55.6,21.88,22.53
ND,North Dakota,1992,56.0,22.81,21.18
ND,North Dakota,1993,53.82,21.5,24.67
ND,North Dakota,1994,56.15,23.56,20.3
ND,North Dakota,1995,57.17,22.2,20.63
ND,North Dakota,1996,56.81,22.93,20.27
ND,North Dakota,1997,56.96,22.42,20.62
ND,North Dakota,1998,56.57,24.15,19.28
ND,North Dakota,1999,57.6,24.9,17.49
ND,North Dakota,2000,55.87,23.61,20.51
ND,North Dakota,2001,53.32,23.78,22.9
ND,North Dakota,2002,55.49,22.34,22.17
ND,North Dakota,2003,55.16,21.68,23.16
ND,North Dakota,2004,54.26,21.47,24.28
ND,North Dakota,2005,50.58,22.65,26.77
ND,North Dakota,2006,45.57,24.4,30.03
ND,North Dakota,2007,45.36,25.42,29.22
ND,North Dakota,2008,37.78,20.73,41.5
ND,North Dakota,2009,39.12,20.7,40.18
ND,North Dakota,2010,35.86,14.82,49.32
ND,North Dakota,2011,39.5,20.06,40.45
ND,North Dakota,2012,38.46,15.63,45.91
ND,North Dakota,2013,33.28,16.37,50.35
ND,North Dakota,2014,30.2,12.24,57.57
ND,North Dakota,2015,33.75,12.59,53.66
ND,North Dakota,2016,40.36,12.25,47.4
ND,North Dakota,2017,38.94,10.98,50.08
ND,North Dakota,2018,33.19,11.29,55.52
ND,North Dakota,2019,31.46,11.3,57.23
ND,North Dakota,2020,36.09,10.57,53.34
ND,North Dakota,2021,36.51,15.46,48.04
ND,North Dakota,2022,29.65,13.12,57.23
ND,North Dakota,2023,30.16,13.55,56.29
ND,North Dakota,2024,32.18,10.48,57.34
ND,North Dakota,2025,34.96,13.81,51.24
NE,Nebraska,1942,63.16,0.0,36.84
NE,Nebraska,1944,57.56,0.0,42.44
NE,Nebraska,1946,60.94,0.0,39.06
NE,Nebraska,1948,58.3,0.0,41.7
NE,Nebraska,1950,58.02,0.0,41.98
NE,Nebraska,1951,59.55,0.0,40.45
NE,Nebraska,1952,54.39,0.0,45.61
NE,Nebraska,1953,54.85,0.0,45.15
NE,Nebraska,1954,57.57,0.0,42.43
NE,Nebraska,1955,59.35,0.0,40.65
NE,Nebraska,1956,53.68,0.0,46.32
NE,Nebraska,1957,54.66,0.0,45.34
NE,Nebraska,1958,54.41,0.0,45.59
NE,Nebraska,1959,56.83,0.0,43.17
NE,Nebraska,1960,55.66,0.0,44.34
NE,Nebraska,1961,55.83,0.0,44.17
NE,Nebraska,1962,54.83,0.0,45.17
NE,Nebraska,1963,55.15,0.0,44.85
NE,Nebraska,1964,55.53,0.0,44.47
NE,Nebraska,1965,57.01,0.0,42.99
NE,Nebraska,1966,55.83,0.0,44.17
NE,Nebraska,1967,55.99,0.0,44.01
NE,Nebraska,1968,75.01,7.65,17.35
NE,Nebraska,1969,70.19,20.01,9.8
NE,Nebraska,1970,65.44,20.28,14.28
NE,Nebraska,1971,64.73,21.5,13.78
NE,Nebraska,1972,66.52,20.12,13.36
NE,Nebraska,1973,61.47,26.43,12.1
NE,Nebraska,1974,63.33,24.97,11.7
NE,Nebraska,1975,64.13,24.55,11.32
NE,Nebraska,1976,61.75,27.43,10.81
NE,Nebraska,1977,55.98,34.68,9.35
NE,Nebraska,1978,58.42,32.42,9.16
NE,Nebraska,1979,56.03,34.82,9.15
NE,Nebraska,1980,54.71,35.92,9.37
NE,Nebraska,1981,57.91,31.75,10.34
NE,Nebraska,1982,57.07,31.96,10.97
NE,Nebraska,1983,56.77,33.67,9.57
NE,Nebraska,1984,55.81,34.73,9.45
NE,Nebraska,1985,54.43,35.36,10.21
NE,Nebraska,1986,54.06,36.3,9.64
NE,Nebraska,1987,55.15,35.5,9.35
NE,Nebraska,1988,54.11,37.67,8.23
NE,Nebraska,1989,53.88,38.26,7.87
NE,Nebraska,1990,54.69,37.51,7.8
NE,Nebraska,1991,54.28,38.76,6.96
NE,Nebraska,1992,52.86,40.02,7.13
NE,Nebraska,1993,52.54,39.76,7.69
NE,Nebraska,1994,53.59,38.66,7.75
NE,Nebraska,1995,53.49,38.96,7.55
NE,Nebraska,1996,51.68,40.81,7.51
NE,Nebraska,1997,50.29,42.17,7.54
NE,Nebraska,1998,50.03,42.38,7.58
NE,Nebraska,1999,47.02,45.34,7.64
NE,Nebraska,2000,48.48,44.08,7.45
NE,Nebraska,2001,47.65,44.94,7.4
NE,Nebraska,2002,50.3,42.14,7.56
NE,Nebraska,2003,56.36,36.88,6.77
NE,Nebraska,2004,54.62,38.74,6.64
NE,Nebraska,2005,51.97,41.94,6.09
NE,Nebraska,2006,46.93,45.63,7.45
NE,Nebraska,2007,48.6,45.21,6.18
NE,Nebraska,2008,48.13,46.33,5.54
NE,Nebraska,2009,50.37,45.0,4.63
NE,Nebraska,2010,50.55,43.19,6.27
NE,Nebraska,2011,50.5,45.26,4.23
NE,Nebraska,2012,47.95,47.47,4.58
NE,Nebraska,2013,46.58,50.38,3.05
NE,Nebraska,2014,47.14,49.73,3.13
NE,Nebraska,2015,45.53,50.8,3.67
NE,Nebraska,2016,46.17,49.88,3.95
NE,Nebraska,2017,47.18,48.85,3.97
NE,Nebraska,2018,46.39,49.59,4.02
NE,Nebraska,2019,44.82,51.6,3.58
NE,Nebraska,2020,48.02,48.43,3.55
NE,Nebraska,2021,43.68,53.18,3.14
NE,Nebraska,2022,43.94,52.9,3.16
NE,Nebraska,2023,46.4,50.49,3.11
NE,Nebraska,2024,45.3,51.82,2.89
NE,Nebraska,2025,52.21,44.63,3.16
NH,New Hampshire,1942,53.18,5.01,41.82
NH,New Hampshire,1944,49.97,5.88,44.15
NH,New Hampshire,1946,54.43,3.86,41.71
NH,New Hampshire,1948,59.13,4.18,36.68
NH,New Hampshire,1950,57.29,5.65,37.07
NH,New Hampshire,1951,52.69,11.31,36.0
NH,New Hampshire,1952,55.5,4.84,39.66
NH,New Hampshire,1953,55.35,4.71,39.94
NH,New Hampshire,1954,56.48,4.43,39.08
NH,New Hampshire,1955,53.14,5.18,41.69
NH,New Hampshire,1956,53.56,4.8,41.63
NH,New Hampshire,1957,53.5,4.63,41.87
NH,New Hampshire,1958,56.9,4.49,38.61
NH,New Hampshire,1959,57.88,4.02,38.1
NH,New Hampshire,1960,59.3,3.79,36.91
NH,New Hampshire,1961,61.88,3.78,34.35
NH,New Hampshire,1962,61.13,3.65,35.23
NH,New Hampshire,1963,62.75,3.67,33.58
NH,New Hampshire,1964,61.5,3.78,34.72
NH,New Hampshire,1965,63.28,3.94,32.78
NH,New Hampshire,1966,61.94,3.72,34.33
NH,New Hampshire,1967,61.82,4.09,34.09
NH,New Hampshire,1968,64.1,3.57,32.33
NH,New Hampshire,1969,64.59,3.5,31.91
NH,New Hampshire,1970,66.25,3.65,30.1
NH,New Hampshire,1971,58.12,14.87,27.01
NH,New Hampshire,1972,59.29,16.5,24.22
NH,New Hampshire,1973,58.05,17.12,24.83
NH,New Hampshire,1974,57.07,19.51,23.41
NH,New Hampshire,1975,57.02,20.23,22.75
NH,New Hampshire,1976,60.54,16.5,22.96
NH,New Hampshire,1977,56.93,19.79,23.28
NH,New Hampshire,1978,52.31,25.6,22.09
NH,New Hampshire,1979,50.67,27.73,21.61
NH,New Hampshire,1980,49.86,27.39,22.75
NH,New Hampshire,1981,49.93,26.03,24.04
NH,New Hampshire,1982,46.9,29.15,23.95
NH,New Hampshire,1983,48.25,27.53,24.22
NH,New Hampshire,1984,46.28,27.84,25.87
NH,New Hampshire,1985,46.17,27.62,26.2
NH,New Hampshire,1986,45.31,25.58,29.12
NH,New Hampshire,1987,42.04,32.25,25.71
NH,New Hampshire,1988,44.05,30.1,25.85
NH,New Hampshire,1989,43.8,30.7,25.5
NH,New Hampshire,1990,45.55,28.22,26.23
NH,New Hampshire,1991,49.96,25.48,24.56
NH,New Hampshire,1992,69.69,13.25,17.06
NH,New Hampshire,1993,67.79,16.3,15.9
NH,New Hampshire,1994,57.93,21.52,20.54
NH,New Hampshire,1995,58.85,22.25,18.9
NH,New Hampshire,1996,51.22,27.66,21.13
NH,New Hampshire,1997,50.14,28.54,21.32
NH,New Hampshire,1998,49.38,29.55,21.08
NH,New Hampshire,1999,48.25,29.79,21.96
NH,New Hampshire,2000,32.75,22.3,44.95
NH,New Hampshire,2001,32.7,24.32,42.97
NH,New Hampshire,2002,31.91,23.66,44.43
NH,New Hampshire,2003,32.3,23.03,44.67
NH,New Hampshire,2004,33.63,23.06,43.32
NH,New Hampshire,2005,35.07,27.06,37.87
NH,New Hampshire,2006,34.03,29.97,36.0
NH,New Hampshire,2007,33.79,32.33,33.88
NH,New Hampshire,2008,35.22,32.55,32.23
NH,New Hampshire,2009,39.03,27.83,33.14
NH,New Hampshire,2010,39.59,25.62,34.79
NH,New Hampshire,2011,39.75,26.39,33.86
NH,New Hampshire,2012,39.68,27.34,32.98
NH,New Hampshire,2013,40.23,27.76,32.01
NH,New Hampshire,2014,38.51,27.81,33.68
NH,New Hampshire,2015,39.0,27.04,33.96
NH,New Hampshire,2016,35.74,28.83,35.43
NH,New Hampshire,2017,37.01,24.66,38.33
NH,New Hampshire,2018,35.12,30.67,34.21
NH,New Hampshire,2019,32.77,32.52,34.71
NH,New Hampshire,2020,32.85,32.18,34.97
NH,New Hampshire,2021,31.47,34.27,34.26
NH,New Hampshire,2022,27.25,38.93,33.83
NH,New Hampshire,2023,30.02,41.05,28.93
NH,New Hampshire,2024,29.19,40.1,30.72
NH,New Hampshire,2025,31.13,35.65,33.22
NJ,New Jersey,1942,41.47,0.0,58.53
NJ,New Jersey,1944,30.16,0.0,69.84
NJ,New Jersey,1946,31.39,0.0,68.61
NJ,New Jersey,1948,45.4,0.0,54.6
NJ,New Jersey,1950,57.45,0.0,42.55
NJ,New Jersey,1951,56.32,0.0,43.68
NJ,New Jersey,1952,56.1,0.0,43.9
NJ,New Jersey,1953,56.83,0.0,43.17
NJ,New Jersey,1954,56.64,0.0,43.36
NJ,New Jersey,1955,57.23,0.0,42.77
NJ,New Jersey,1956,57.57,0.0,42.43
NJ,New Jersey,1957,58.05,0.0,41.95
NJ,New Jersey,1958,57.66,0.0,42.34
NJ,New Jersey,1959,56.7,5.45,37.85
NJ,New Jersey,1960,55.8,7.58,36.62
NJ,New Jersey,1961,55.73,6.83,37.44
NJ,New Jersey,1962,58.23,7.36,34.41
NJ,New Jersey,1963,55.8,8.14,36.06
NJ,New Jersey,1964,56.39,7.48,36.13
NJ,New Jersey,1965,56.34,8.13,35.53
NJ,New Jersey,1966,56.2,8.94,34.86
NJ,New Jersey,1967,67.8,7.11,25.09
NJ,New Jersey,1968,63.89,9.28,26.83
NJ,New Jersey,1969,59.07,14.49,26.45
NJ,New Jersey,1970,60.84,14.02,25.14
NJ,New Jersey,1971,67.31,8.79,23.91
NJ,New Jersey,1972,67.42,8.78,23.8
NJ,New Jersey,1973,67.13,10.22,22.66
NJ,New Jersey,1974,65.47,11.75,22.78
NJ,New Jersey,1975,66.97,11.84,21.19
NJ,New Jersey,1976,65.36,14.4,20.24
NJ,New Jersey,1977,50.8,33.59,15.62
NJ,New Jersey,1978,49.05,34.21,16.74
NJ,New Jersey,1979,48.62,34.81,16.57
NJ,New Jersey,1980,49.03,35.21,15.76
NJ,New Jersey,1981,50.97,34.25,14.78
NJ,New Jersey,1982,50.91,36.74,12.34
NJ,New Jersey,1983,54.0,34.34,11.65
NJ,New Jersey,1984,53.1,36.4,10.51
NJ,New Jersey,1985,52.55,37.05,10.39
NJ,New Jersey,1986,54.61,35.97,9.42
NJ,New Jersey,1987,51.74,38.89,9.36
NJ,New Jersey,1988,52.78,38.31,8.91
NJ,New Jersey,1989,50.76,40.05,9.19
NJ,New Jersey,1990,52.18,39.06,8.77
NJ,New Jersey,1991,54.65,37.97,7.38
NJ,New Jersey,1992,54.74,38.65,6.62
NJ,New Jersey,1993,52.02,40.68,7.3
NJ,New Jersey,1994,51.44,41.2,7.35
NJ,New Jersey,1995,51.26,40.93,7.81
NJ,New Jersey,1996,51.19,40.94,7.87
NJ,New Jersey,1997,49.9,42.24,7.86
NJ,New Jersey,1998,49.03,43.37,7.6
NJ,New Jersey,1999,47.16,45.24,7.6
NJ,New Jersey,2000,45.18,47.13,7.69
NJ,New Jersey,2001,44.18,48.25,7.57
NJ,New Jersey,2002,47.89,43.31,8.8
NJ,New Jersey,2003,45.25,45.81,8.94
NJ,New Jersey,2004,46.41,44.3,9.28
NJ,New Jersey,2005,41.95,48.51,9.54
NJ,New Jersey,2006,39.95,49.55,10.5
NJ,New Jersey,2007,41.31,49.56,9.13
NJ,New Jersey,2008,40.89,50.38,8.73
NJ,New Jersey,2009,43.13,48.04,8.82
NJ,New Jersey,2010,43.61,47.71,8.68
NJ,New Jersey,2011,43.86,47.21,8.93
NJ,New Jersey,2012,43.74,47.56,8.7
NJ,New Jersey,2013,41.95,49.49,8.56
NJ,New Jersey,2014,42.97,48.32,8.71
NJ,New Jersey,2015,41.03,50.14,8.83
NJ,New Jersey,2016,41.76,49.4,8.84
NJ,New Jersey,2017,42.79,48.54,8.67
NJ,New Jersey,2018,43.62,48.84,7.54
NJ,New Jersey,2019,41.19,51.53,7.28
NJ,New Jersey,2020,42.9,50.04,7.06
NJ,New Jersey,2021,40.91,52.18,6.91
NJ,New Jersey,2022,37.41,55.5,7.09
NJ,New Jersey,2023,39.18,53.63,7.19
NJ,New Jersey,2024,38.93,53.51,7.57
NJ,New Jersey,2025,37.67,54.46,7.87
NM,New Mexico,1942,60.81,4.54,34.65
NM,New Mexico,1944,63.43,6.03,30.54
NM,New Mexico,1946,68.8,4.48,26.72
NM,New Mexico,1948,68.69,5.75,25.55
NM,New Mexico,1950,70.0,5.48,24.52
NM,New Mexico,1951,70.22,5.63,24.15
NM,New Mexico,1952,67.3,5.42,27.28
NM,New Mexico,1953,69.73,4.61,25.66
NM,New Mexico,1954,68.53,4.44,27.03
NM,New Mexico,1955,65.37,4.62,30.01
NM,New Mexico,1956,64.7,5.13,30.17
NM,New Mexico,1957,65.76,5.34,28.9
NM,New Mexico,1958,66.37,5.57,28.06
NM,New Mexico,1959,65.75,5.96,28.29
NM,New Mexico,1960,60.96,5.76,33.27
NM,New Mexico,1961,56.81,5.98,37.2
NM,New Mexico,1962,55.39,9.34,35.27
NM,New Mexico,1963,56.07,9.54,34.39
NM,New Mexico,1964,59.81,7.6,32.59
NM,New Mexico,1965,58.9,8.61,32.49
NM,New Mexico,1966,57.95,9.44,32.61
NM,New Mexico,1967,57.92,8.77,33.31
NM,New Mexico,1968,56.48,8.95,34.57
NM,New Mexico,1969,59.68,10.43,29.89
NM,New Mexico,1970,57.02,16.02,26.96
NM,New Mexico,1971,61.16,14.45,24.39
NM,New Mexico,1972,61.63,16.08,22.29
NM,New Mexico,1973,62.82,16.7,20.48
NM,New Mexico,1974,62.85,16.93,20.22
NM,New Mexico,1975,61.13,14.42,24.45
NM,New Mexico,1976,61.21,14.21,24.59
NM,New Mexico,1977,62.93,9.39,27.68
NM,New Mexico,1978,60.43,10.98,28.59
NM,New Mexico,1979,59.92,12.9,27.18
NM,New Mexico,1980,58.0,10.06,31.95
NM,New Mexico,1981,56.39,10.55,33.06
NM,New Mexico,1982,56.96,6.08,36.96
NM,New Mexico,1983,56.59,6.72,36.69
NM,New Mexico,1984,56.82,9.31,33.87
NM,New Mexico,1985,56.89,10.42,32.69
NM,New Mexico,1986,57.8,11.95,30.25
NM,New Mexico,1987,57.71,21.34,20.95
NM,New Mexico,1988,56.51,19.7,23.79
NM,New Mexico,1989,56.92,22.49,20.58
NM,New Mexico,1990,56.4,20.99,22.61
NM,New Mexico,1991,59.95,20.06,19.98
NM,New Mexico,1992,58.4,23.38,18.22
NM,New Mexico,1993,56.64,23.5,19.86
NM,New Mexico,1994,55.45,25.6,18.95
NM,New Mexico,1995,56.81,26.09,17.1
NM,New Mexico,1996,56.71,26.34,16.95
NM,New Mexico,1997,53.7,27.38,18.91
NM,New Mexico,1998,54.57,27.39,18.04
NM,New Mexico,1999,56.64,28.18,15.18
NM,New Mexico,2000,53.62,27.79,18.6
NM,New Mexico,2001,52.05,25.5,22.45
NM,New Mexico,2002,50.24,30.52,19.24
NM,New Mexico,2003,51.94,28.41,19.66
NM,New Mexico,2004,50.94,28.62,20.44
NM,New Mexico,2005,48.47,29.66,21.87
NM,New Mexico,2006,46.72,29.37,23.91
NM,New Mexico,2007,47.89,29.63,22.48
NM,New Mexico,2008,51.08,30.74,18.18
NM,New Mexico,2009,51.58,23.27,25.15
NM,New Mexico,2010,53.65,25.18,21.16
NM,New Mexico,2011,52.11,26.92,20.97
NM,New Mexico,2012,50.57,25.65,23.78
NM,New Mexico,2013,50.72,27.63,21.64
NM,New Mexico,2014,48.63,26.11,25.26
NM,New Mexico,2015,49.85,27.14,23.01
NM,New Mexico,2016,54.77,26.29,18.94
NM,New Mexico,2017,57.36,21.26,21.37
NM,New Mexico,2018,51.9,21.35,26.76
NM,New Mexico,2019,49.6,24.13,26.26
NM,New Mexico,2020,54.92,18.4,26.69
NM,New Mexico,2021,51.4,18.05,30.55
NM,New Mexico,2022,35.53,21.67,42.81
NM,New Mexico,2023,37.01,21.4,41.59
NM,New Mexico,2024,41.67,19.56,38.77
NM,New Mexico,2025,41.32,22.09,36.58
NV,Nevada,1942,44.83,0.0,55.17
NV,Nevada,1944,41.53,0.0,58.47
NV,Nevada,1946,47.05,0.0,52.95
NV,Nevada,1948,57.43,0.0,42.57
NV,Nevada,1950,57.55,0.0,42.45
NV,Nevada,1951,56.55,0.0,43.45
NV,Nevada,1952,57.07,0.0,42.93
NV,Nevada,1953,59.27,0.0,40.73
NV,Nevada,1954,58.91,0.0,41.09
NV,Nevada,1955,62.63,0.0,37.37
NV,Nevada,1956,76.11,0.0,23.89
NV,Nevada,1957,75.61,0.0,24.39
NV,Nevada,1958,76.35,0.0,23.65
NV,Nevada,1959,78.13,0.0,21.87
NV,Nevada,1960,74.79,0.0,25.21
NV,Nevada,1961,73.27,0.0,26.73
NV,Nevada,1962,76.17,0.0,23.83
NV,Nevada,1963,79.21,0.0,20.79
NV,Nevada,1964,79.25,0.0,20.75
NV,Nevada,1965,76.6,0.0,23.4
NV,Nevada,1966,79.85,0.0,20.15
NV,Nevada,1967,80.92,0.0,19.08
NV,Nevada,1968,80.65,0.0,19.35
NV,Nevada,1969,85.76,0.0,14.24
NV,Nevada,1970,86.2,0.0,13.8
NV,Nevada,1971,87.45,0.0,12.55
NV,Nevada,1972,83.88,0.0,16.12
NV,Nevada,1973,77.25,0.0,22.75
NV,Nevada,1974,77.48,0.0,22.52
NV,Nevada,1975,77.64,0.0,22.36
NV,Nevada,1976,77.72,0.0,22.28
NV,Nevada,1977,78.2,0.0,21.8
NV,Nevada,1978,78.25,0.0,21.75
NV,Nevada,1979,79.62,0.0,20.38
NV,Nevada,1980,82.11,0.0,17.89
NV,Nevada,1981,82.57,0.0,17.43
NV,Nevada,1982,85.53,0.0,14.47
NV,Nevada,1983,85.85,0.0,14.15
NV,Nevada,1984,84.96,0.0,15.04
NV,Nevada,1985,85.46,0.0,14.54
NV,Nevada,1986,85.56,0.0,14.44
NV,Nevada,1987,84.53,0.0,15.47
NV,Nevada,1988,85.72,0.0,14.28
NV,Nevada,1989,86.82,0.0,13.18
NV,Nevada,1990,85.69,0.0,14.31
NV,Nevada,1991,85.39,0.0,14.61
NV,Nevada,1992,84.38,0.0,15.62
NV,Nevada,1993,82.88,0.0,17.12
NV,Nevada,1994,82.69,0.0,17.31
NV,Nevada,1995,83.77,0.0,16.23
NV,Nevada,1996,84.31,0.0,15.69
NV,Nevada,1997,85.78,0.0,14.22
NV,Nevada,1998,84.37,0.0,15.63
NV,Nevada,1999,85.27,0.0,14.73
NV,Nevada,2000,84.85,0.0,15.15
NV,Nevada,2001,85.77,0.0,14.23
NV,Nevada,2002,84.61,0.0,15.39
NV,Nevada,2003,84.81,0.0,15.19
NV,Nevada,2004,80.62,0.0,19.38
NV,Nevada,2005,81.07,0.0,18.93
NV,Nevada,2006,81.14,0.0,18.86
NV,Nevada,2007,81.3,0.0,18.7
NV,Nevada,2008,80.38,0.0,19.62
NV,Nevada,2009,77.62,0.0,22.38
NV,Nevada,2010,73.25,0.0,26.75
NV,Nevada,2011,74.05,0.0,25.95
NV,Nevada,2012,77.22,0.0,22.78
NV,Nevada,2013,77.82,0.0,22.18
NV,Nevada,2014,80.0,0.0,20.0
NV,Nevada,2015,80.16,0.0,19.84
NV,Nevada,2016,79.09,0.0,20.91
NV,Nevada,2017,80.27,0.0,19.73
NV,Nevada,2018,80.04,0.0,19.96
NV,Nevada,2019,80.41,0.0,19.59
NV,Nevada,2020,80.35,0.0,19.65
NV,Nevada,2021,76.8,0.0,23.2
NV,Nevada,2022,76.26,0.0,23.74
NV,Nevada,2023,77.11,0.0,22.89
NV,Nevada,2024,75.94,0.0,24.06
NV,Nevada,2025,73.93,0.0,26.07
NY,New York,1942,38.51,36.69,24.81
NY,New York,1944,32.01,45.39,22.6
NY,New York,1946,31.26,48.55,20.19
NY,New York,1948,35.3,42.97,21.73
NY,New York,1950,31.85,49.74,18.41
NY,New York,1951,33.73,45.34,20.93
NY,New York,1952,31.47,50.33,18.2
NY,New York,1953,30.88,50.25,18.87
NY,New York,1954,32.25,48.97,18.78
NY,New York,1955,32.06,47.88,20.06
NY,New York,1956,29.71,49.42,20.87
NY,New York,1957,30.09,50.51,19.39
NY,New York,1958,30.15,51.41,18.44
NY,New York,1959,29.68,51.7,18.62
NY,New York,1960,31.31,51.64,17.05
NY,New York,1961,30.88,51.89,17.24
NY,New York,1962,28.41,55.33,16.26
NY,New York,1963,27.84,57.53,14.63
NY,New York,1964,26.23,57.43,16.34
NY,New York,1965,26.04,57.98,15.98
NY,New York,1966,34.23,48.69,17.08
NY,New York,1967,36.99,48.59,14.42
NY,New York,1968,35.12,49.47,15.41
NY,New York,1969,33.48,51.82,14.7
NY,New York,1970,35.75,52.31,11.94
NY,New York,1971,38.73,49.66,11.62
NY,New York,1972,40.81,46.96,12.23
NY,New York,1973,39.7,50.02,10.28
NY,New York,1974,40.37,50.57,9.06
NY,New York,1975,40.7,50.97,8.33
NY,New York,1976,39.31,51.96,8.73
NY,New York,1977,36.89,54.19,8.92
NY,New York,1978,37.89,53.51,8.6
NY,New York,1979,37.23,53.99,8.78
NY,New York,1980,36.23,55.17,8.6
NY,New York,1981,34.59,58.46,6.95
NY,New York,1982,33.89,60.73,5.37
NY,New York,1983,35.22,59.43,5.35
NY,New York,1984,35.5,57.92,6.59
NY,New York,1985,33.38,59.2,7.42
NY,New York,1986,32.88,59.28,7.84
NY,New York,1987,31.92,59.26,8.82
NY,New York,1988,32.02,60.15,7.84
NY,New York,1989,32.6,59.65,7.75
NY,New York,1990,32.74,60.02,7.24
NY,New York,1991,34.23,58.35,7.42
NY,New York,1992,35.4,57.89,6.72
NY,New York,1993,36.14,57.32,6.53
NY,New York,1994,34.84,58.95,6.21
NY,New York,1995,34.33,59.5,6.17
NY,New York,1996,34.89,58.94,6.17
NY,New York,1997,34.82,59.08,6.1
NY,New York,1998,34.36,59.24,6.4
NY,New York,1999,33.13,60.63,6.25
NY,New York,2000,31.88,62.21,5.9
NY,New York,2001,29.19,66.08,4.73
NY,New York,2002,30.33,64.33,5.34
NY,New York,2003,35.84,58.55,5.61
NY,New York,2004,35.96,58.25,5.8
NY,New York,2005,33.77,60.17,6.06
NY,New York,2006,33.47,60.68,5.85
NY,New York,2007,30.88,63.32,5.79
NY,New York,2008,30.88,63.76,5.35
NY,New York,2009,31.25,63.73,5.02
NY,New York,2010,33.08,60.57,6.36
NY,New York,2011,32.92,59.2,7.88
NY,New York,2012,31.96,60.58,7.46
NY,New York,2013,31.52,61.29,7.19
NY,New York,2014,30.59,62.13,7.28
NY,New York,2015,30.6,62.4,7.0
NY,New York,2016,30.46,62.28,7.25
NY,New York,2017,31.83,61.07,7.1
NY,New York,2018,30.39,62.83,6.78
NY,New York,2019,31.9,61.36,6.74
NY,New York,2020,30.62,63.08,6.31
NY,New York,2021,28.34,64.95,6.71
NY,New York,2022,23.26,71.45,5.29
NY,New York,2023,26.36,66.23,7.41
NY,New York,2024,29.28,64.25,6.47
NY,New York,2025,26.98,67.02,5.99
OH,Ohio,1942,75.3,0.0,24.7
OH,Ohio,1944,75.24,0.0,24.76
OH,Ohio,1946,73.66,0.0,26.34
OH,Ohio,1948,77.51,0.0,22.49
OH,Ohio,1950,76.79,0.0,23.21
OH,Ohio,1951,78.15,0.0,21.85
OH,Ohio,1952,76.54,0.0,23.46
OH,Ohio,1953,77.39,0.0,22.61
OH,Ohio,1954,75.79,0.0,24.21
OH,Ohio,1955,74.91,0.0,25.09
OH,Ohio,1956,77.29,0.0,22.71
OH,Ohio,1957,76.36,0.0,23.64
OH,Ohio,1958,74.99,0.0,25.01
OH,Ohio,1959,73.62,0.0,26.38
OH,Ohio,1960,74.75,0.0,25.25
OH,Ohio,1961,74.63,0.0,25.37
OH,Ohio,1962,75.02,0.0,24.98
OH,Ohio,1963,74.86,0.0,25.14
OH,Ohio,1964,74.7,0.0,25.3
OH,Ohio,1965,74.6,0.0,25.4
OH,Ohio,1966,75.63,0.0,24.37
OH,Ohio,1967,75.25,0.0,24.75
OH,Ohio,1968,76.33,0.0,23.67
OH,Ohio,1969,77.36,0.0,22.64
OH,Ohio,1970,77.49,0.0,22.51
OH,Ohio,1971,77.84,0.0,22.16
OH,Ohio,1972,69.2,11.23,19.57
OH,Ohio,1973,61.28,20.23,18.49
OH,Ohio,1974,62.28,21.86,15.86
OH,Ohio,1975,59.5,24.65,15.85
OH,Ohio,1976,59.76,23.46,16.78
OH,Ohio,1977,59.72,26.05,14.22
OH,Ohio,1978,58.16,29.91,11.92
OH,Ohio,1979,56.94,29.72,13.34
OH,Ohio,1980,55.77,32.67,11.56
OH,Ohio,1981,56.09,31.01,12.9
OH,Ohio,1982,56.86,30.79,12.35
OH,Ohio,1983,54.73,35.45,9.82
OH,Ohio,1984,53.32,37.72,8.96
OH,Ohio,1985,53.46,37.2,9.33
OH,Ohio,1986,54.49,35.92,9.6
OH,Ohio,1987,50.77,39.68,9.55
OH,Ohio,1988,51.74,39.5,8.75
OH,Ohio,1989,49.97,42.01,8.02
OH,Ohio,1990,50.3,41.7,8.01
OH,Ohio,1991,50.22,41.95,7.83
OH,Ohio,1992,50.1,41.67,8.23
OH,Ohio,1993,50.07,42.22,7.71
OH,Ohio,1994,50.4,40.61,8.98
OH,Ohio,1995,49.27,41.26,9.47
OH,Ohio,1996,48.59,42.88,8.53
OH,Ohio,1997,49.06,41.9,9.04
OH,Ohio,1998,47.11,43.83,9.06
OH,Ohio,1999,47.78,43.7,8.53
OH,Ohio,2000,46.04,45.09,8.87
OH,Ohio,2001,45.7,45.72,8.58
OH,Ohio,2002,46.34,45.19,8.47
OH,Ohio,2003,48.86,42.18,8.96
OH,Ohio,2004,47.98,43.45,8.57
OH,Ohio,2005,46.42,44.82,8.76
OH,Ohio,2006,48.89,42.22,8.89
OH,Ohio,2007,48.44,42.22,9.34
OH,Ohio,2008,48.88,40.66,10.46
OH,Ohio,2009,50.79,36.98,12.23
OH,Ohio,2010,51.92,34.05,14.03
OH,Ohio,2011,50.33,36.2,13.47
OH,Ohio,2012,50.62,35.28,14.11
OH,Ohio,2013,50.23,36.82,12.95
OH,Ohio,2014,57.8,31.18,11.02
OH,Ohio,2015,60.83,31.4,7.76
OH,Ohio,2016,63.53,28.58,7.88
OH,Ohio,2017,63.59,28.45,7.96
OH,Ohio,2018,62.57,29.69,7.74
OH,Ohio,2019,63.02,30.32,6.66
OH,Ohio,2020,66.42,27.08,6.5
OH,Ohio,2021,63.45,30.56,5.99
OH,Ohio,2022,64.23,30.08,5.69
OH,Ohio,2023,65.12,29.2,5.68
OH,Ohio,2024,67.5,26.75,5.75
OH,Ohio,2025,65.98,28.27,5.76
OK,Oklahoma,1942,58.81,11.07,30.12
OK,Oklahoma,1944,59.67,15.93,24.4
OK,Oklahoma,1946,65.48,12.02,22.49
OK,Oklahoma,1948,61.47,11.57,26.96
OK,Oklahoma,1950,60.64,9.58,29.79
OK,Oklahoma,1951,59.25,9.68,31.07
OK,Oklahoma,1952,59.2,9.88,30.92
OK,Oklahoma,1953,59.88,9.03,31.09
OK,Oklahoma,1954,58.62,8.47,32.9
OK,Oklahoma,1955,59.38,8.83,31.78
OK,Oklahoma,1956,57.98,9.55,32.47
OK,Oklahoma,1957,57.33,9.77,32.91
OK,Oklahoma,1958,57.53,9.87,32.6
OK,Oklahoma,1959,57.67,10.24,32.1
OK,Oklahoma,1960,58.38,10.51,31.11
OK,Oklahoma,1961,57.22,11.42,31.36
OK,Oklahoma,1962,55.78,14.19,30.03
OK,Oklahoma,1963,57.89,12.33,29.78
OK,Oklahoma,1964,57.12,11.63,31.26
OK,Oklahoma,1965,57.85,12.18,29.97
OK,Oklahoma,1966,56.66,13.55,29.8
OK,Oklahoma,1967,55.62,13.45,30.93
OK,Oklahoma,1968,54.34,15.35,30.31
OK,Oklahoma,1969,55.89,14.8,29.31
OK,Oklahoma,1970,55.22,15.54,29.25
OK,Oklahoma,1971,55.17,16.43,28.41
OK,Oklahoma,1972,52.26,19.37,28.38
OK,Oklahoma,1973,52.16,20.33,27.51
OK,Oklahoma,1974,49.78,20.73,29.49
OK,Oklahoma,1975,46.29,23.23,30.48
OK,Oklahoma,1976,44.63,25.44,29.93
OK,Oklahoma,1977,43.32,25.24,31.44
OK,Oklahoma,1978,42.57,26.11,31.32
OK,Oklahoma,1979,40.24,28.27,31.49
OK,Oklahoma,1980,38.22,25.44,36.34
OK,Oklahoma,1981,34.65,27.9,37.45
OK,Oklahoma,1982,33.36,28.76,37.88
OK,Oklahoma,1983,30.34,28.77,40.89
OK,Oklahoma,1984,33.78,28.36,37.86
OK,Oklahoma,1985,37.66,27.89,34.45
OK,Oklahoma,1986,41.12,26.85,32.03
OK,Oklahoma,1987,42.74,29.14,28.12
OK,Oklahoma,1988,46.26,29.09,24.65
OK,Oklahoma,1989,45.33,31.56,23.11
OK,Oklahoma,1990,44.31,31.55,24.14
OK,Oklahoma,1991,42.95,35.11,21.94
OK,Oklahoma,1992,41.86,36.31,21.82
OK,Oklahoma,1993,40.21,35.18,24.61
OK,Oklahoma,1994,44.31,34.65,21.03
OK,Oklahoma,1995,41.9,35.86,22.24
OK,Oklahoma,1996,40.5,36.3,23.2
OK,Oklahoma,1997,38.35,37.92,23.74
OK,Oklahoma,1998,37.91,39.76,22.32
OK,Oklahoma,1999,38.42,41.68,19.91
OK,Oklahoma,2000,37.34,39.87,22.79
OK,Oklahoma,2001,35.83,38.58,25.59
OK,Oklahoma,2002,37.55,40.64,21.81
OK,Oklahoma,2003,37.91,37.56,24.53
OK,Oklahoma,2004,36.4,38.16,25.44
OK,Oklahoma,2005,36.44,38.45,25.11
OK,Oklahoma,2006,34.72,39.15,26.14
OK,Oklahoma,2007,36.12,40.98,22.9
OK,Oklahoma,2008,36.42,37.78,25.8
OK,Oklahoma,2009,38.55,35.25,26.2
OK,Oklahoma,2010,42.02,34.47,23.51
OK,Oklahoma,2011,41.72,35.23,23.05
OK,Oklahoma,2012,42.03,36.5,21.47
OK,Oklahoma,2013,43.28,39.38,17.34
OK,Oklahoma,2014,43.48,37.13,19.39
OK,Oklahoma,2015,41.6,41.58,16.82
OK,Oklahoma,2016,43.12,41.69,15.19
OK,Oklahoma,2017,45.1,37.53,17.37
OK,Oklahoma,2018,44.11,36.77,19.12
OK,Oklahoma,2019,43.15,35.86,20.99
OK,Oklahoma,2020,45.18,35.83,18.99
OK,Oklahoma,2021,44.04,38.67,17.3
OK,Oklahoma,2022,41.37,38.24,20.4
OK,Oklahoma,2023,40.74,37.87,21.39
OK,Oklahoma,2024,43.22,39.94,16.84
OK,Oklahoma,2025,41.62,42.37,16.01
OR,Oregon,1942,42.54,33.03,24.43
OR,Oregon,1944,34.88,39.17,25.95
OR,Oregon,1946,34.65,43.9,21.45
OR,Oregon,1948,28.09,55.09,16.82
OR,Oregon,1950,30.13,46.56,23.32
OR,Oregon,1951,30.53,46.01,23.45
OR,Oregon,1952,27.23,50.57,22.21
OR,Oregon,1953,28.06,47.93,24.01
OR,Oregon,1954,28.75,44.49,26.76
OR,Oregon,1955,29.16,43.77,27.07
OR,Oregon,1956,24.78,52.64,22.58
OR,Oregon,1957,21.09,58.23,20.67
OR,Oregon,1958,22.29,57.02,20.69
OR,Oregon,1959,24.47,52.9,22.63
OR,Oregon,1960,21.68,56.21,22.1
OR,Oregon,1961,23.46,52.69,23.85
OR,Oregon,1962,22.59,52.63,24.78
OR,Oregon,1963,22.61,54.04,23.35
OR,Oregon,1964,21.28,57.31,21.42
OR,Oregon,1965,20.64,58.22,21.14
OR,Oregon,1966,19.94,59.48,20.58
OR,Oregon,1967,23.9,57.48,18.62
OR,Oregon,1968,25.39,54.05,20.56
OR,Oregon,1969,22.63,59.6,17.77
OR,Oregon,1970,20.92,58.73,20.35
OR,Oregon,1971,23.08,56.45,20.47
OR,Oregon,1972,24.0,57.46,18.54
OR,Oregon,1973,22.82,58.96,18.22
OR,Oregon,1974,19.2,62.45,18.35
OR,Oregon,1975,18.44,65.28,16.28
OR,Oregon,1976,17.79,65.25,16.96
OR,Oregon,1977,16.37,67.1,16.53
OR,Oregon,1978,14.78,70.04,15.17
OR,Oregon,1979,12.85,70.28,16.87
OR,Oregon,1980,11.83,71.83,16.34
OR,Oregon,1981,11.62,72.16,16.22
OR,Oregon,1982,12.3,70.37,17.32
OR,Oregon,1983,11.88,73.27,14.86
OR,Oregon,1984,11.69,73.6,14.72
OR,Oregon,1985,11.97,73.86,14.17
OR,Oregon,1986,14.11,70.18,15.7
OR,Oregon,1987,13.52,71.5,14.99
OR,Oregon,1988,14.92,68.72,16.36
OR,Oregon,1989,14.05,72.81,13.14
OR,Oregon,1990,14.13,70.87,15.0
OR,Oregon,1991,14.0,70.39,15.6
OR,Oregon,1992,13.2,71.44,15.36
OR,Oregon,1993,13.07,70.75,16.18
OR,Oregon,1994,13.45,70.49,16.06
OR,Oregon,1995,12.75,72.55,14.7
OR,Oregon,1996,13.59,71.79,14.62
OR,Oregon,1997,13.62,73.93,12.45
OR,Oregon,1998,13.43,74.37,12.2
OR,Oregon,1999,12.45,75.52,12.02
OR,Oregon,2000,12.24,75.76,12.0
OR,Oregon,2001,11.33,79.87,8.79
OR,Oregon,2002,12.59,74.97,12.44
OR,Oregon,2003,13.09,74.52,12.39
OR,Oregon,2004,12.27,75.22,12.51
OR,Oregon,2005,10.72,77.64,11.64
OR,Oregon,2006,10.18,77.13,12.68
OR,Oregon,2007,10.11,77.51,12.38
OR,Oregon,2008,12.95,72.73,14.32
OR,Oregon,2009,12.45,75.98,11.57
OR,Oregon,2010,13.38,70.89,15.73
OR,Oregon,2011,13.68,74.36,11.96
OR,Oregon,2012,16.03,71.71,12.26
OR,Oregon,2013,14.95,73.35,11.7
OR,Oregon,2014,14.91,73.79,11.3
OR,Oregon,2015,14.17,74.98,10.85
OR,Oregon,2016,13.14,75.73,11.12
OR,Oregon,2017,12.87,76.12,11.01
OR,Oregon,2018,13.13,76.57,10.31
OR,Oregon,2019,13.18,75.84,10.97
OR,Oregon,2020,14.64,72.02,13.34
OR,Oregon,2021,19.81,70.34,9.85
OR,Oregon,2022,21.19,71.07,7.74
OR,Oregon,2023,20.38,71.29,8.33
OR,Oregon,2024,23.25,66.18,10.56
OR,Oregon,2025,19.57,71.05,9.38
PA,Pennsylvania,1942,41.85,13.76,44.38
PA,Pennsylvania,1944,37.0,24.15,38.84
PA,Pennsylvania,1946,42.0,16.37,41.63
PA,Pennsylvania,1948,49.35,15.56,35.09
PA,Pennsylvania,1950,51.03,14.61,34.35
PA,Pennsylvania,1951,47.83,18.37,33.81
PA,Pennsylvania,1952,44.13,23.67,32.2
PA,Pennsylvania,1953,42.08,23.95,33.97
PA,Pennsylvania,1954,47.49,19.74,32.77
PA,Pennsylvania,1955,51.37,15.57,33.06
PA,Pennsylvania,1956,44.87,19.6,35.53
PA,Pennsylvania,1957,51.31,16.65,32.04
PA,Pennsylvania,1958,57.07,15.5,27.43
PA,Pennsylvania,1959,59.42,14.21,26.37
PA,Pennsylvania,1960,62.39,13.76,23.85
PA,Pennsylvania,1961,63.77,12.77,23.45
PA,Pennsylvania,1962,66.6,11.83,21.56
PA,Pennsylvania,1963,66.27,11.26,22.48
PA,Pennsylvania,1964,69.61,11.05,19.35
PA,Pennsylvania,1965,66.99,11.88,21.13
PA,Pennsylvania,1966,67.37,13.68,18.95
PA,Pennsylvania,1967,67.41,13.82,18.77
PA,Pennsylvania,1968,67.95,13.52,18.53
PA,Pennsylvania,1969,69.0,12.53,18.47
PA,Pennsylvania,1970,63.5,19.07,17.43
PA,Pennsylvania,1971,61.12,18.32,20.56
PA,Pennsylvania,1972,50.97,31.38,17.65
PA,Pennsylvania,1973,49.19,34.53,16.28
PA,Pennsylvania,1974,48.51,35.92,15.57
PA,Pennsylvania,1975,50.93,33.73,15.34
PA,Pennsylvania,1976,50.71,32.75,16.54
PA,Pennsylvania,1977,50.17,32.98,16.85
PA,Pennsylvania,1978,49.63,33.75,16.61
PA,Pennsylvania,1979,48.86,35.48,15.67
PA,Pennsylvania,1980,48.6,34.99,16.41
PA,Pennsylvania,1981,48.35,35.63,16.02
PA,Pennsylvania,1982,49.64,34.88,15.48
PA,Pennsylvania,1983,49.53,34.1,16.37
PA,Pennsylvania,1984,48.43,35.44,16.13
PA,Pennsylvania,1985,49.76,34.75,15.48
PA,Pennsylvania,1986,49.75,33.87,16.38
PA,Pennsylvania,1987,50.39,33.09,16.52
PA,Pennsylvania,1988,50.87,32.57,16.55
PA,Pennsylvania,1989,50.17,33.31,16.52
PA,Pennsylvania,1990,49.53,32.64,17.83
PA,Pennsylvania,1991,50.26,32.92,16.82
PA,Pennsylvania,1992,44.66,38.8,16.54
PA,Pennsylvania,1993,46.75,36.78,16.47
PA,Pennsylvania,1994,47.36,36.3,16.34
PA,Pennsylvania,1995,47.38,36.77,15.85
PA,Pennsylvania,1996,47.87,36.72,15.41
PA,Pennsylvania,1997,47.59,36.9,15.51
PA,Pennsylvania,1998,46.96,36.78,16.26
PA,Pennsylvania,1999,46.57,36.82,16.61
PA,Pennsylvania,2000,46.56,37.69,15.75
PA,Pennsylvania,2001,47.26,37.85,14.89
PA,Pennsylvania,2002,49.46,35.84,14.7
PA,Pennsylvania,2003,51.63,33.86,14.51
PA,Pennsylvania,2004,49.43,35.51,15.05
PA,Pennsylvania,2005,48.52,36.6,14.88
PA,Pennsylvania,2006,47.43,38.34,14.23
PA,Pennsylvania,2007,46.96,39.24,13.8
PA,Pennsylvania,2008,47.65,39.22,13.13
PA,Pennsylvania,2009,50.2,37.55,12.25
PA,Pennsylvania,2010,51.26,36.47,12.27
PA,Pennsylvania,2011,51.88,36.5,11.62
PA,Pennsylvania,2012,52.05,36.24,11.71
PA,Pennsylvania,2013,50.36,38.23,11.41
PA,Pennsylvania,2014,50.94,38.35,10.71
PA,Pennsylvania,2015,50.87,38.77,10.36
PA,Pennsylvania,2016,51.57,38.48,9.95
PA,Pennsylvania,2017,52.54,37.52,9.94
PA,Pennsylvania,2018,51.67,37.55,10.78
PA,Pennsylvania,2019,51.33,38.21,10.46
PA,Pennsylvania,2020,52.7,36.57,10.73
PA,Pennsylvania,2021,49.26,40.34,10.4
PA,Pennsylvania,2022,47.91,41.69,10.4
PA,Pennsylvania,2023,49.18,41.24,9.58
PA,Pennsylvania,2024,50.02,39.92,10.06
PA,Pennsylvania,2025,50.08,39.46,10.46
RI,Rhode Island,1942,56.67,0.0,43.33
RI,Rhode Island,1944,56.02,0.71,43.27
RI,Rhode Island,1946,58.64,0.99,40.37
RI,Rhode Island,1948,66.37,16.05,17.58
RI,Rhode Island,1950,66.96,11.44,21.6
RI,Rhode Island,1951,63.43,15.53,21.04
RI,Rhode Island,1952,68.66,15.0,16.34
RI,Rhode Island,1953,69.97,13.68,16.35
RI,Rhode Island,1954,70.97,12.45,16.59
RI,Rhode Island,1955,72.16,10.62,17.21
RI,Rhode Island,1956,70.87,12.49,16.64
RI,Rhode Island,1957,71.11,12.6,16.3
RI,Rhode Island,1958,73.52,10.39,16.09
RI,Rhode Island,1959,74.59,9.54,15.87
RI,Rhode Island,1960,74.7,9.78,15.53
RI,Rhode Island,1961,72.33,9.29,18.38
RI,Rhode Island,1962,74.03,9.8,16.18
RI,Rhode Island,1963,72.52,10.0,17.48
RI,Rhode Island,1964,72.65,9.86,17.49
RI,Rhode Island,1965,71.06,9.86,19.08
RI,Rhode Island,1966,70.0,10.21,19.79
RI,Rhode Island,1967,72.58,12.19,15.23
RI,Rhode Island,1968,75.66,10.31,14.03
RI,Rhode Island,1969,73.51,14.06,12.43
RI,Rhode Island,1970,68.83,18.25,12.92
RI,Rhode Island,1971,63.4,23.99,12.61
RI,Rhode Island,1972,58.5,31.58,9.92
RI,Rhode Island,1973,59.64,31.56,8.81
RI,Rhode Island,1974,57.39,32.52,10.09
RI,Rhode Island,1975,57.34,33.26,9.39
RI,Rhode Island,1976,56.74,33.18,10.08
RI,Rhode Island,1977,58.06,32.96,8.99
RI,Rhode Island,1978,56.72,33.95,9.33
RI,Rhode Island,1979,52.73,38.93,8.33
RI,Rhode Island,1980,54.1,37.68,8.22
RI,Rhode Island,1981,51.7,40.02,8.28
RI,Rhode Island,1982,54.2,39.67,6.13
RI,Rhode Island,1983,51.5,41.79,6.71
RI,Rhode Island,1984,51.41,42.52,6.07
RI,Rhode Island,1985,52.72,40.87,6.4
RI,Rhode Island,1986,53.02,40.01,6.97
RI,Rhode Island,1987,50.76,42.67,6.58
RI,Rhode Island,1988,51.27,41.62,7.11
RI,Rhode Island,1989,50.04,43.06,6.9
RI,Rhode Island,1990,52.26,40.17,7.57
RI,Rhode Island,1991,53.87,37.82,8.31
RI,Rhode Island,1992,51.04,40.32,8.64
RI,Rhode Island,1993,53.24,39.57,7.19
RI,Rhode Island,1994,50.29,42.29,7.41
RI,Rhode Island,1995,51.58,41.1,7.32
RI,Rhode Island,1996,50.38,42.96,6.65
RI,Rhode Island,1997,50.6,43.35,6.05
RI,Rhode Island,1998,49.43,44.22,6.36
RI,Rhode Island,1999,48.75,43.75,7.5
RI,Rhode Island,2000,49.29,44.42,6.3
RI,Rhode Island,2001,49.82,44.79,5.4
RI,Rhode Island,2002,54.55,40.04,5.41
RI,Rhode Island,2003,54.68,39.53,5.8
RI,Rhode Island,2004,54.19,40.24,5.57
RI,Rhode Island,2005,52.42,42.28,5.3
RI,Rhode Island,2006,51.02,43.38,5.6
RI,Rhode Island,2007,49.04,45.72,5.23
RI,Rhode Island,2008,50.02,44.82,5.17
RI,Rhode Island,2009,53.51,41.35,5.14
RI,Rhode Island,2010,54.69,40.15,5.16
RI,Rhode Island,2011,52.99,42.61,4.39
RI,Rhode Island,2012,51.41,42.01,6.58
RI,Rhode Island,2013,51.57,41.94,6.49
RI,Rhode Island,2014,51.42,41.93,6.65
RI,Rhode Island,2015,51.19,43.96,4.85
RI,Rhode Island,2016,51.31,42.53,6.15
RI,Rhode Island,2017,51.79,41.9,6.31
RI,Rhode Island,2018,50.08,43.09,6.83
RI,Rhode Island,2019,51.98,42.99,5.03
RI,Rhode Island,2020,53.47,40.98,5.56
RI,Rhode Island,2021,48.77,46.11,5.12
RI,Rhode Island,2022,48.86,46.09,5.05
RI,Rhode Island,2023,55.56,39.19,5.26
RI,Rhode Island,2024,54.08,41.4,4.51
RI,Rhode Island,2025,52.42,43.13,4.45
SC,South Carolina,1942,66.74,19.18,14.08
SC,South Carolina,1944,57.65,29.97,12.38
SC,South Carolina,1946,64.32,24.54,11.14
SC,South Carolina,1948,60.17,29.37,10.46
SC,South Carolina,1950,59.92,27.53,12.55
SC,South Carolina,1951,63.71,24.63,11.65
SC,South Carolina,1952,71.18,20.14,8.69
SC,South Carolina,1953,72.81,17.12,10.06
SC,South Carolina,1954,73.65,17.07,9.27
SC,South Carolina,1955,75.28,15.47,9.25
SC,South Carolina,1956,71.97,17.8,10.23
SC,South Carolina,1957,71.81,18.33,9.86
SC,South Carolina,1958,72.1,17.8,10.11
SC,South Carolina,1959,73.46,16.74,9.8
SC,South Carolina,1960,68.89,21.42,9.69
SC,South Carolina,1961,69.48,20.62,9.9
SC,South Carolina,1962,71.41,19.29,9.3
SC,South Carolina,1963,71.01,19.46,9.54
SC,South Carolina,1964,71.39,19.36,9.25
SC,South Carolina,1965,69.01,21.95,9.04
SC,South Carolina,1966,66.34,25.2,8.47
SC,South Carolina,1967,64.95,26.8,8.24
SC,South Carolina,1968,66.24,25.35,8.4
SC,South Carolina,1969,64.92,26.84,8.24
SC,South Carolina,1970,67.45,25.33,7.22
SC,South Carolina,1971,67.37,25.36,7.27
SC,South Carolina,1972,66.44,26.36,7.2
SC,South Carolina,1973,63.58,29.87,6.54
SC,South Carolina,1974,63.49,29.98,6.53
SC,South Carolina,1975,62.99,30.69,6.32
SC,South Carolina,1976,62.39,31.1,6.51
SC,South Carolina,1977,59.84,33.43,6.73
SC,South Carolina,1978,59.12,34.75,6.13
SC,South Carolina,1979,57.65,36.5,5.85
SC,South Carolina,1980,55.97,38.63,5.39
SC,South Carolina,1981,54.74,39.63,5.62
SC,South Carolina,1982,54.77,39.47,5.75
SC,South Carolina,1983,54.0,40.09,5.91
SC,South Carolina,1984,53.59,40.04,6.37
SC,South Carolina,1985,54.82,38.45,6.73
SC,South Carolina,1986,55.38,37.53,7.09
SC,South Carolina,1987,55.11,37.99,6.9
SC,South Carolina,1988,54.27,39.12,6.61
SC,South Carolina,1989,53.72,39.49,6.79
SC,South Carolina,1990,54.31,38.92,6.78
SC,South Carolina,1991,53.22,39.1,7.67
SC,South Carolina,1992,52.14,39.46,8.41
SC,South Carolina,1993,51.33,38.96,9.71
SC,South Carolina,1994,51.58,38.87,9.54
SC,South Carolina,1995,51.87,40.02,8.12
SC,South Carolina,1996,50.92,40.37,8.7
SC,South Carolina,1997,50.83,40.37,8.8
SC,South Carolina,1998,50.93,40.49,8.58
SC,South Carolina,1999,50.08,41.48,8.44
SC,South Carolina,2000,50.79,41.88,7.33
SC,South Carolina,2001,51.06,41.95,7.0
SC,South Carolina,2002,51.87,41.21,6.91
SC,South Carolina,2003,54.01,39.48,6.52
SC,South Carolina,2004,54.24,38.73,7.03
SC,South Carolina,2005,53.06,40.15,6.79
SC,South Carolina,2006,54.13,38.97,6.9
SC,South Carolina,2007,52.68,40.87,6.45
SC,South Carolina,2008,50.73,43.16,6.12
SC,South Carolina,2009,53.4,40.09,6.51
SC,South Carolina,2010,54.82,38.96,6.22
SC,South Carolina,2011,52.49,40.54,6.97
SC,South Carolina,2012,51.78,41.55,6.68
SC,South Carolina,2013,50.63,43.72,5.66
SC,South Carolina,2014,51.4,42.45,6.15
SC,South Carolina,2015,50.48,42.43,7.09
SC,South Carolina,2016,47.85,45.23,6.92
SC,South Carolina,2017,47.35,45.77,6.88
SC,South Carolina,2018,46.99,45.93,7.08
SC,South Carolina,2019,46.71,45.94,7.35
SC,South Carolina,2020,45.63,47.48,6.89
SC,South Carolina,2021,46.49,46.27,7.24
SC,South Carolina,2022,43.88,49.9,6.22
SC,South Carolina,2023,47.67,45.62,6.71
SC,South Carolina,2024,52.69,41.59,5.73
SC,South Carolina,2025,51.56,42.57,5.87
SD,South Dakota,1942,72.19,4.61,23.21
SD,South Dakota,1944,79.52,2.25,18.24
SD,South Dakota,1946,80.88,0.38,18.75
SD,South Dakota,1948,83.65,0.39,15.97
SD,South Dakota,1950,82.87,0.38,16.76
SD,South Dakota,1951,82.46,0.36,17.19
SD,South Dakota,1952,83.96,0.41,15.62
SD,South Dakota,1953,83.47,0.42,16.11
SD,South Dakota,1954,78.69,0.38,20.93
SD,South Dakota,1955,78.85,0.43,20.72
SD,South Dakota,1956,79.26,0.38,20.36
SD,South Dakota,1957,75.18,0.44,24.38
SD,South Dakota,1958,79.37,0.55,20.08
SD,South Dakota,1959,77.88,0.75,21.37
SD,South Dakota,1960,77.6,0.75,21.66
SD,South Dakota,1961,76.59,0.83,22.58
SD,South Dakota,1962,79.68,0.82,19.5
SD,South Dakota,1963,74.12,0.76,25.12
SD,South Dakota,1964,76.55,0.84,22.62
SD,South Dakota,1965,77.81,0.88,21.31
SD,South Dakota,1966,80.67,0.76,18.58
SD,South Dakota,1967,81.09,0.7,18.21
SD,South Dakota,1968,81.15,0.67,18.18
SD,South Dakota,1969,81.51,0.66,17.83
SD,South Dakota,1970,84.28,0.69,15.03
SD,South Dakota,1971,84.27,0.66,15.08
SD,South Dakota,1972,84.27,0.64,15.1
SD,South Dakota,1973,84.93,0.59,14.47
SD,South Dakota,1974,86.5,0.78,12.71
SD,South Dakota,1975,85.31,1.09,13.6
SD,South Dakota,1976,84.92,1.07,14.01
SD,South Dakota,1977,86.91,1.25,11.83
SD,South Dakota,1978,86.02,1.33,12.65
SD,South Dakota,1979,86.34,1.18,12.47
SD,South Dakota,1980,86.08,1.22,12.71
SD,South Dakota,1981,85.29,1.24,13.47
SD,South Dakota,1982,86.05,0.32,13.63
SD,South Dakota,1983,86.01,0.79,13.2
SD,South Dakota,1984,80.98,4.98,14.04
SD,South Dakota,1985,82.56,4.77,12.68
SD,South Dakota,1986,79.05,5.85,15.11
SD,South Dakota,1987,81.02,5.82,13.15
SD,South Dakota,1988,82.42,5.53,12.05
SD,South Dakota,1989,80.32,5.61,14.07
SD,South Dakota,1990,80.52,6.14,13.34
SD,South Dakota,1991,75.83,7.3,16.86
SD,South Dakota,1992,79.51,6.23,14.26
SD,South Dakota,1993,79.88,4.78,15.34
SD,South Dakota,1994,77.69,5.54,16.76
SD,South Dakota,1995,77.48,5.75,16.77
SD,South Dakota,1996,78.38,5.22,16.4
SD,South Dakota,1997,79.3,4.8,15.9
SD,South Dakota,1998,79.34,4.59,16.07
SD,South Dakota,1999,78.18,5.84,15.99
SD,South Dakota,2000,78.99,4.87,16.15
SD,South Dakota,2001,77.44,4.44,18.12
SD,South Dakota,2002,79.58,4.15,16.27
SD,South Dakota,2003,80.08,4.34,15.58
SD,South Dakota,2004,81.42,4.43,14.15
SD,South Dakota,2005,81.43,4.43,14.14
SD,South Dakota,2006,81.37,5.2,13.43
SD,South Dakota,2007,80.58,6.06,13.36
SD,South Dakota,2008,81.15,5.29,13.56
SD,South Dakota,2009,80.76,3.63,15.6
SD,South Dakota,2010,81.84,2.36,15.8
SD,South Dakota,2011,83.62,1.1,15.28
SD,South Dakota,2012,78.69,3.93,17.38
SD,South Dakota,2013,80.09,2.42,17.48
SD,South Dakota,2014,80.62,1.54,17.84
SD,South Dakota,2015,81.99,0.26,17.75
SD,South Dakota,2016,82.38,1.87,15.75
SD,South Dakota,2017,83.01,1.68,15.31
SD,South Dakota,2018,82.66,1.69,15.65
SD,South Dakota,2019,83.21,2.39,14.4
SD,South Dakota,2020,83.17,1.86,14.97
SD,South Dakota,2021,82.99,2.51,14.5
SD,South Dakota,2022,83.5,2.5,14.0
SD,South Dakota,2023,84.68,1.83,13.5
SD,South Dakota,2024,84.31,2.27,13.43
SD,South Dakota,2025,83.13,2.23,14.64
TN,Tennessee,1942,67.02,8.98,24.01
TN,Tennessee,1944,62.17,9.97,27.86
TN,Tennessee,1946,64.67,7.85,27.47
TN,Tennessee,1948,74.37,7.34,18.29
TN,Tennessee,1950,71.15,9.01,19.85
TN,Tennessee,1951,72.25,9.74,18.01
TN,Tennessee,1952,70.86,11.37,17.77
TN,Tennessee,1953,71.93,10.65,17.42
TN,Tennessee,1954,71.06,10.13,18.81
TN,Tennessee,1955,70.57,8.81,20.62
TN,Tennessee,1956,73.97,7.1,18.93
TN,Tennessee,1957,72.86,8.95,18.19
TN,Tennessee,1958,71.36,8.88,19.76
TN,Tennessee,1959,73.26,7.58,19.16
TN,Tennessee,1960,71.65,8.74,19.62
TN,Tennessee,1961,72.09,8.7,19.21
TN,Tennessee,1962,71.47,8.5,20.04
TN,Tennessee,1963,71.84,8.42,19.74
TN,Tennessee,1964,71.29,8.56,20.15
TN,Tennessee,1965,72.25,8.76,18.99
TN,Tennessee,1966,71.12,9.62,19.27
TN,Tennessee,1967,71.41,10.16,18.44
TN,Tennessee,1968,68.76,10.42,20.82
TN,Tennessee,1969,67.21,11.31,21.49
TN,Tennessee,1970,68.97,10.44,20.58
TN,Tennessee,1971,69.62,9.77,20.6
TN,Tennessee,1972,70.18,10.3,19.52
TN,Tennessee,1973,69.15,11.78,19.07
TN,Tennessee,1974,69.59,11.85,18.56
TN,Tennessee,1975,69.27,12.6,18.13
TN,Tennessee,1976,70.43,11.84,17.73
TN,Tennessee,1977,73.85,11.67,14.48
TN,Tennessee,1978,73.82,11.49,14.7
TN,Tennessee,1979,75.29,11.5,13.21
TN,Tennessee,1980,75.04,12.14,12.82
TN,Tennessee,1981,75.79,11.78,12.43
TN,Tennessee,1982,75.94,11.71,12.35
TN,Tennessee,1983,75.87,11.4,12.74
TN,Tennessee,1984,75.62,11.19,13.19
TN,Tennessee,1985,76.46,10.71,12.83
TN,Tennessee,1986,76.94,10.27,12.79
TN,Tennessee,1987,77.3,10.18,12.52
TN,Tennessee,1988,76.44,11.2,12.36
TN,Tennessee,1989,75.83,11.48,12.69
TN,Tennessee,1990,77.0,10.25,12.76
TN,Tennessee,1991,76.55,10.27,13.18
TN,Tennessee,1992,79.21,8.0,12.79
TN,Tennessee,1993,80.15,8.11,11.74
TN,Tennessee,1994,78.52,9.09,12.39
TN,Tennessee,1995,77.26,10.06,12.68
TN,Tennessee,1996,76.77,10.49,12.74
TN,Tennessee,1997,76.89,9.19,13.93
TN,Tennessee,1998,76.05,10.98,12.97
TN,Tennessee,1999,76.85,10.16,12.99
TN,Tennessee,2000,75.01,10.26,14.73
TN,Tennessee,2001,75.36,10.84,13.8
TN,Tennessee,2002,77.53,8.33,14.14
TN,Tennessee,2003,77.86,8.27,13.87
TN,Tennessee,2004,77.08,8.76,14.16
TN,Tennessee,2005,76.42,9.6,13.98
TN,Tennessee,2006,75.22,10.52,14.26
TN,Tennessee,2007,73.43,12.02,14.54
TN,Tennessee,2008,74.64,11.24,14.12
TN,Tennessee,2009,76.68,9.95,13.37
TN,Tennessee,2010,76.35,10.22,13.43
TN,Tennessee,2011,75.25,11.04,13.71
TN,Tennessee,2012,73.67,11.4,14.93
TN,Tennessee,2013,72.39,12.95,14.65
TN,Tennessee,2014,74.18,12.0,13.82
TN,Tennessee,2015,72.42,13.41,14.16
TN,Tennessee,2016,72.49,13.91,13.59
TN,Tennessee,2017,72.05,14.22,13.72
TN,Tennessee,2018,75.06,12.01,12.93
TN,Tennessee,2019,75.09,11.55,13.36
TN,Tennessee,2020,78.81,9.31,11.88
TN,Tennessee,2021,72.54,13.73,13.72
TN,Tennessee,2022,73.23,13.21,13.56
TN,Tennessee,2023,74.73,13.29,11.98
TN,Tennessee,2024,75.15,12.63,12.22
TN,Tennessee,2025,79.37,10.12,10.51
TX,Texas,1942,55.28,0.0,44.72
TX,Texas,1944,48.51,0.0,51.49
TX,Texas,1946,47.59,0.0,52.41
TX,Texas,1948,51.16,0.0,48.84
TX,Texas,1950,45.94,0.0,54.06
TX,Texas,1951,48.03,0.0,51.97
TX,Texas,1952,45.53,0.0,54.47
TX,Texas,1953,45.74,0.0,54.26
TX,Texas,1954,46.03,0.0,53.97
TX,Texas,1955,44.54,0.0,55.46
TX,Texas,1956,46.97,0.0,53.03
TX,Texas,1957,46.44,0.0,53.56
TX,Texas,1958,47.4,0.0,52.6
TX,Texas,1959,47.68,0.0,52.32
TX,Texas,1960,50.11,0.0,49.89
TX,Texas,1961,50.72,0.0,49.28
TX,Texas,1962,57.73,0.0,42.27
TX,Texas,1963,59.35,0.0,40.65
TX,Texas,1964,60.01,0.0,39.99
TX,Texas,1965,60.94,0.0,39.06
TX,Texas,1966,62.05,0.0,37.95
TX,Texas,1967,61.35,0.0,38.65
TX,Texas,1968,60.99,0.0,39.01
TX,Texas,1969,64.92,0.0,35.08
TX,Texas,1970,66.48,0.0,33.52
TX,Texas,1971,66.24,0.0,33.76
TX,Texas,1972,70.06,0.0,29.94
TX,Texas,1973,71.08,0.0,28.92
TX,Texas,1974,68.38,0.0,31.62
TX,Texas,1975,67.25,0.0,32.75
TX,Texas,1976,66.83,0.0,33.17
TX,Texas,1977,66.97,0.0,33.03
TX,Texas,1978,68.46,0.0,31.54
TX,Texas,1979,68.96,0.0,31.04
TX,Texas,1980,64.64,0.0,35.36
TX,Texas,1981,61.51,0.0,38.49
TX,Texas,1982,62.6,0.0,37.4
TX,Texas,1983,62.88,0.0,37.12
TX,Texas,1984,64.93,0.0,35.07
TX,Texas,1985,65.87,0.0,34.13
TX,Texas,1986,68.94,0.0,31.06
TX,Texas,1987,72.11,0.0,27.89
TX,Texas,1988,76.55,0.0,23.45
TX,Texas,1989,78.45,0.0,21.55
TX,Texas,1990,80.49,0.0,19.51
TX,Texas,1991,80.4,0.0,19.6
TX,Texas,1992,79.91,0.0,20.09
TX,Texas,1993,79.51,0.0,20.49
TX,Texas,1994,81.53,0.0,18.47
TX,Texas,1995,81.01,0.0,18.99
TX,Texas,1996,80.96,0.0,19.04
TX,Texas,1997,79.93,0.0,20.07
TX,Texas,1998,80.73,0.0,19.27
TX,Texas,1999,81.8,0.0,18.2
TX,Texas,2000,81.0,0.0,19.0
TX,Texas,2001,79.2,0.0,20.8
TX,Texas,2002,82.26,0.0,17.74
TX,Texas,2003,80.28,0.0,19.72
TX,Texas,2004,80.06,0.0,19.94
TX,Texas,2005,78.85,0.0,21.15
TX,Texas,2006,77.41,0.0,22.59
TX,Texas,2007,78.91,0.0,21.09
TX,Texas,2008,75.47,0.0,24.53
TX,Texas,2009,78.11,0.0,21.89
TX,Texas,2010,78.98,0.0,21.02
TX,Texas,2011,78.33,0.0,21.67
TX,Texas,2012,85.38,0.0,14.62
TX,Texas,2013,84.27,0.0,15.73
TX,Texas,2014,82.75,0.0,17.25
TX,Texas,2015,86.51,0.0,13.49
TX,Texas,2016,88.95,0.0,11.05
TX,Texas,2017,87.47,0.0,12.53
TX,Texas,2018,85.3,0.0,14.7
TX,Texas,2019,85.14,0.0,14.86
TX,Texas,2020,86.75,0.0,13.25
TX,Texas,2021,86.53,0.0,13.47
TX,Texas,2022,82.06,0.0,17.94
TX,Texas,2023,84.9,0.0,15.1
TX,Texas,2024,85.8,0.0,14.2
TX,Texas,2025,86.64,0.0,13.36
UT,Utah,1942,52.3,11.84,35.86
UT,Utah,1944,57.51,16.6,25.89
UT,Utah,1946,59.99,14.73,25.29
UT,Utah,1948,56.97,14.03,29.0
UT,Utah,1950,56.61,15.35,28.04
UT,Utah,1951,56.7,16.97,26.33
UT,Utah,1952,57.57,19.36,23.06
UT,Utah,1953,66.58,16.6,16.82
UT,Utah,1954,61.3,17.0,21.7
UT,Utah,1955,67.12,16.14,16.74
UT,Utah,1956,60.51,17.55,21.94
UT,Utah,1957,57.73,23.85,18.41
UT,Utah,1958,61.71,21.97,16.32
UT,Utah,1959,61.49,21.18,17.32
UT,Utah,1960,55.5,21.82,22.68
UT,Utah,1961,55.84,21.3,22.87
UT,Utah,1962,56.75,20.76,22.49
UT,Utah,1963,58.67,20.59,20.74
UT,Utah,1964,59.42,19.67,20.91
UT,Utah,1965,58.4,19.77,21.84
UT,Utah,1966,54.06,27.37,18.57
UT,Utah,1967,53.95,29.04,17.01
UT,Utah,1968,54.02,28.88,17.1
UT,Utah,1969,53.89,30.29,15.81
UT,Utah,1970,56.69,29.06,14.24
UT,Utah,1971,58.44,27.14,14.42
UT,Utah,1972,58.36,28.17,13.47
UT,Utah,1973,56.43,32.86,10.71
UT,Utah,1974,59.58,30.35,10.07
UT,Utah,1975,61.01,30.82,8.17
UT,Utah,1976,56.88,34.78,8.34
UT,Utah,1977,57.87,34.47,7.66
UT,Utah,1978,57.19,36.03,6.78
UT,Utah,1979,56.87,37.25,5.88
UT,Utah,1980,55.23,38.91,5.87
UT,Utah,1981,54.13,39.52,6.35
UT,Utah,1982,53.98,39.13,6.9
UT,Utah,1983,54.14,38.74,7.12
UT,Utah,1984,56.02,36.02,7.95
UT,Utah,1985,55.03,36.48,8.49
UT,Utah,1986,54.26,37.95,7.79
UT,Utah,1987,52.34,41.2,6.46
UT,Utah,1988,49.11,44.27,6.62
UT,Utah,1989,54.35,39.01,6.64
UT,Utah,1990,51.76,41.91,6.33
UT,Utah,1991,50.7,42.85,6.45
UT,Utah,1992,51.21,43.15,5.64
UT,Utah,1993,53.29,41.87,4.84
UT,Utah,1994,52.03,43.47,4.5
UT,Utah,1995,50.78,43.78,5.44
UT,Utah,1996,50.62,45.29,4.09
UT,Utah,1997,50.35,45.57,4.08
UT,Utah,1998,50.68,44.57,4.75
UT,Utah,1999,50.67,44.92,4.4
UT,Utah,2000,48.36,45.88,5.76
UT,Utah,2001,48.61,45.86,5.53
UT,Utah,2002,51.54,43.72,4.74
UT,Utah,2003,50.94,43.51,5.55
UT,Utah,2004,51.05,43.78,5.16
UT,Utah,2005,49.53,44.98,5.49
UT,Utah,2006,46.4,48.07,5.53
UT,Utah,2007,43.21,48.72,8.08
UT,Utah,2008,43.28,48.91,7.82
UT,Utah,2009,44.22,47.31,8.47
UT,Utah,2010,45.97,44.88,9.15
UT,Utah,2011,47.37,46.15,6.48
UT,Utah,2012,46.85,46.9,6.24
UT,Utah,2013,43.29,50.29,6.42
UT,Utah,2014,42.49,50.66,6.85
UT,Utah,2015,41.27,52.61,6.12
UT,Utah,2016,42.8,52.35,4.85
UT,Utah,2017,43.23,52.28,4.48
UT,Utah,2018,41.19,54.7,4.11
UT,Utah,2019,40.51,55.46,4.03
UT,Utah,2020,48.47,46.89,4.63
UT,Utah,2021,36.6,60.08,3.32
UT,Utah,2022,38.97,57.43,3.6
UT,Utah,2023,41.39,54.57,4.04
UT,Utah,2024,42.56,53.35,4.09
UT,Utah,2025,41.81,53.9,4.29
VA,Virginia,1942,54.42,14.3,31.28
VA,Virginia,1944,45.03,21.43,33.54
VA,Virginia,1946,47.66,20.26,32.09
VA,Virginia,1948,47.68,23.49,28.83
VA,Virginia,1950,44.69,28.86,26.45
VA,Virginia,1951,43.55,31.01,25.45
VA,Virginia,1952,44.91,28.23,26.86
VA,Virginia,1953,45.48,28.88,25.64
VA,Virginia,1954,43.86,31.24,24.9
VA,Virginia,1955,43.69,30.6,25.71
VA,Virginia,1956,42.92,32.75,24.33
VA,Virginia,1957,37.64,42.26,20.1
VA,Virginia,1958,41.27,34.65,24.08
VA,Virginia,1959,40.85,35.56,23.59
VA,Virginia,1960,39.61,37.38,23.01
VA,Virginia,1961,45.16,32.14,22.7
VA,Virginia,1962,45.6,33.89,20.51
VA,Virginia,1963,41.81,39.15,19.04
VA,Virginia,1964,41.21,37.17,21.62
VA,Virginia,1965,40.49,38.08,21.43
VA,Virginia,1966,38.44,40.27,21.29
VA,Virginia,1967,46.8,38.11,15.09
VA,Virginia,1968,49.31,37.11,13.58
VA,Virginia,1969,51.22,36.89,11.89
VA,Virginia,1970,51.51,36.64,11.85
VA,Virginia,1971,51.87,36.3,11.83
VA,Virginia,1972,50.85,37.27,11.88
VA,Virginia,1973,50.88,38.46,10.66
VA,Virginia,1974,51.76,38.16,10.08
VA,Virginia,1975,49.85,39.95,10.2
VA,Virginia,1976,49.0,40.88,10.12
VA,Virginia,1977,47.66,42.52,9.83
VA,Virginia,1978,46.75,44.51,8.74
VA,Virginia,1979,45.46,45.36,9.18
VA,Virginia,1980,44.19,47.27,8.53
VA,Virginia,1981,43.31,48.59,8.1
VA,Virginia,1982,41.93,50.16,7.91
VA,Virginia,1983,42.67,48.75,8.57
VA,Virginia,1984,41.73,49.29,8.98
VA,Virginia,1985,41.29,50.03,8.68
VA,Virginia,1986,40.48,50.65,8.86
VA,Virginia,1987,41.16,49.98,8.86
VA,Virginia,1988,41.18,50.39,8.43
VA,Virginia,1989,39.38,52.17,8.44
VA,Virginia,1990,40.05,51.33,8.61
VA,Virginia,1991,40.73,51.39,7.88
VA,Virginia,1992,40.68,51.16,8.16
VA,Virginia,1993,39.79,52.17,8.04
VA,Virginia,1994,40.48,51.24,8.28
VA,Virginia,1995,39.22,53.32,7.46
VA,Virginia,1996,40.32,52.4,7.28
VA,Virginia,1997,39.12,53.52,7.35
VA,Virginia,1998,37.1,55.5,7.4
VA,Virginia,1999,36.2,56.23,7.56
VA,Virginia,2000,34.41,58.47,7.12
VA,Virginia,2001,34.97,58.01,7.03
VA,Virginia,2002,37.42,54.92,7.66
VA,Virginia,2003,36.73,54.78,8.5
VA,Virginia,2004,36.62,55.11,8.27
VA,Virginia,2005,34.42,56.27,9.31
VA,Virginia,2006,33.68,57.47,8.84
VA,Virginia,2007,32.66,59.56,7.78
VA,Virginia,2008,32.79,59.5,7.71
VA,Virginia,2009,33.95,59.18,6.87
VA,Virginia,2010,35.78,57.58,6.64
VA,Virginia,2011,33.63,59.31,7.06
VA,Virginia,2012,32.3,60.93,6.78
VA,Virginia,2013,32.28,60.84,6.89
VA,Virginia,2014,31.93,61.37,6.7
VA,Virginia,2015,31.63,61.95,6.43
VA,Virginia,2016,32.43,61.24,6.33
VA,Virginia,2017,31.15,62.52,6.33
VA,Virginia,2018,31.62,62.8,5.58
VA,Virginia,2019,34.81,59.7,5.49
VA,Virginia,2020,35.87,58.29,5.84
VA,Virginia,2021,36.25,57.68,6.07
VA,Virginia,2022,34.55,59.81,5.64
VA,Virginia,2023,37.9,56.77,5.34
VA,Virginia,2024,38.1,57.15,4.75
VA,Virginia,2025,37.22,58.32,4.46
VT,Vermont,1942,46.33,12.16,41.51
VT,Vermont,1944,41.17,16.85,41.98
VT,Vermont,1946,47.74,12.0,40.26
VT,Vermont,1948,49.9,17.73,32.37
VT,Vermont,1950,50.5,20.71,28.8
VT,Vermont,1951,49.8,22.13,28.07
VT,Vermont,1952,39.72,34.93,25.35
VT,Vermont,1953,42.24,30.27,27.48
VT,Vermont,1954,43.93,27.86,28.21
VT,Vermont,1955,44.8,25.75,29.45
VT,Vermont,1956,40.81,32.52,26.67
VT,Vermont,1957,39.02,32.69,28.29
VT,Vermont,1958,41.9,30.71,27.39
VT,Vermont,1959,43.08,29.7,27.22
VT,Vermont,1960,44.11,31.23,24.66
VT,Vermont,1961,44.71,30.84,24.44
VT,Vermont,1962,44.86,30.71,24.44
VT,Vermont,1963,45.22,31.02,23.76
VT,Vermont,1964,45.89,30.4,23.71
VT,Vermont,1965,43.42,34.8,21.78
VT,Vermont,1966,44.17,35.7,20.14
VT,Vermont,1967,41.79,38.09,20.12
VT,Vermont,1968,40.71,39.97,19.32
VT,Vermont,1969,43.28,39.18,17.54
VT,Vermont,1970,48.76,36.61,14.63
VT,Vermont,1971,50.82,34.63,14.55
VT,Vermont,1972,51.72,33.3,14.99
VT,Vermont,1973,51.37,32.9,15.73
VT,Vermont,1974,52.16,33.78,14.06
VT,Vermont,1975,51.56,34.79,13.65
VT,Vermont,1976,51.12,35.18,13.7
VT,Vermont,1977,49.11,37.96,12.93
VT,Vermont,1978,49.34,36.43,14.23
VT,Vermont,1979,47.66,40.09,12.25
VT,Vermont,1980,48.07,39.65,12.28
VT,Vermont,1981,46.73,41.29,11.98
VT,Vermont,1982,45.39,41.33,13.27
VT,Vermont,1983,48.92,38.87,12.22
VT,Vermont,1984,51.04,37.47,11.48
VT,Vermont,1985,50.38,39.27,10.35
VT,Vermont,1986,50.64,38.24,11.12
VT,Vermont,1987,48.44,41.09,10.47
VT,Vermont,1988,49.24,39.99,10.77
VT,Vermont,1989,48.85,39.66,11.49
VT,Vermont,1990,48.22,41.76,10.02
VT,Vermont,1991,45.76,41.62,12.61
VT,Vermont,1992,48.01,39.48,12.52
VT,Vermont,1993,47.24,40.16,12.6
VT,Vermont,1994,48.1,38.56,13.33
VT,Vermont,1995,49.21,37.26,13.53
VT,Vermont,1996,48.02,38.73,13.25
VT,Vermont,1997,45.63,41.08,13.29
VT,Vermont,1998,44.28,42.97,12.75
VT,Vermont,1999,32.21,31.2,36.59
VT,Vermont,2000,32.61,32.12,35.27
VT,Vermont,2001,34.1,34.02,31.89
VT,Vermont,2002,37.52,29.31,33.17
VT,Vermont,2003,35.12,29.06,35.82
VT,Vermont,2004,38.92,27.85,33.23
VT,Vermont,2005,34.69,25.39,39.92
VT,Vermont,2006,33.29,26.1,40.61
VT,Vermont,2007,32.96,25.92,41.11
VT,Vermont,2008,33.62,27.82,38.56
VT,Vermont,2009,32.81,24.73,42.46
VT,Vermont,2010,33.66,22.87,43.47
VT,Vermont,2011,33.63,24.59,41.77
VT,Vermont,2012,35.46,25.45,39.1
VT,Vermont,2013,34.5,26.97,38.53
VT,Vermont,2014,34.26,26.36,39.38
VT,Vermont,2015,33.72,27.01,39.27
VT,Vermont,2016,33.08,27.58,39.34
VT,Vermont,2017,33.53,27.07,39.4
VT,Vermont,2018,34.2,27.96,37.84
VT,Vermont,2019,33.36,28.92,37.72
VT,Vermont,2020,33.85,26.28,39.87
VT,Vermont,2021,30.41,34.12,35.47
VT,Vermont,2022,31.5,34.16,34.33
VT,Vermont,2023,33.17,33.57,33.26
VT,Vermont,2024,33.27,32.29,34.44
VT,Vermont,2025,30.59,32.37,37.04
WA,Washington,1942,81.33,0.0,18.67
WA,Washington,1944,85.46,0.0,14.54
WA,Washington,1946,85.2,0.0,14.8
WA,Washington,1948,86.23,0.0,13.77
WA,Washington,1950,82.44,0.0,17.56
WA,Washington,1951,82.83,0.0,17.17
WA,Washington,1952,83.58,0.0,16.42
WA,Washington,1953,83.32,0.0,16.68
WA,Washington,1954,81.34,0.0,18.66
WA,Washington,1955,82.32,0.0,17.68
WA,Washington,1956,83.42,0.0,16.58
WA,Washington,1957,83.13,0.0,16.87
WA,Washington,1958,81.95,0.0,18.05
WA,Washington,1959,82.35,0.0,17.65
WA,Washington,1960,82.16,0.0,17.84
WA,Washington,1961,82.32,0.0,17.68
WA,Washington,1962,82.91,0.0,17.09
WA,Washington,1963,82.06,0.0,17.94
WA,Washington,1964,81.58,0.0,18.42
WA,Washington,1965,81.19,0.0,18.81
WA,Washington,1966,81.58,0.0,18.42
WA,Washington,1967,81.79,0.0,18.21
WA,Washington,1968,80.98,0.0,19.02
WA,Washington,1969,80.25,0.0,19.75
WA,Washington,1970,79.19,0.0,20.81
WA,Washington,1971,80.22,0.0,19.78
WA,Washington,1972,78.96,0.0,21.04
WA,Washington,1973,79.59,0.0,20.41
WA,Washington,1974,82.98,0.0,17.02
WA,Washington,1975,79.28,0.0,20.72
WA,Washington,1976,74.85,0.0,25.15
WA,Washington,1977,75.69,0.0,24.31
WA,Washington,1978,76.49,0.0,23.51
WA,Washington,1979,75.38,0.0,24.62
WA,Washington,1980,74.61,0.0,25.39
WA,Washington,1981,74.06,0.0,25.94
WA,Washington,1982,72.14,0.0,27.86
WA,Washington,1983,74.35,0.0,25.65
WA,Washington,1984,76.2,0.0,23.8
WA,Washington,1985,75.22,0.0,24.78
WA,Washington,1986,76.01,0.0,23.99
WA,Washington,1987,75.27,0.0,24.73
WA,Washington,1988,75.26,0.0,24.74
WA,Washington,1989,75.22,0.0,24.78
WA,Washington,1990,74.96,0.0,25.04
WA,Washington,1991,75.03,0.0,24.97
WA,Washington,1992,74.9,0.0,25.1
WA,Washington,1993,74.55,0.0,25.45
WA,Washington,1994,74.73,0.0,25.27
WA,Washington,1995,74.89,0.0,25.11
WA,Washington,1996,74.32,0.0,25.68
WA,Washington,1997,74.0,0.0,26.0
WA,Washington,1998,73.54,0.0,26.46
WA,Washington,1999,73.44,0.0,26.56
WA,Washington,2000,77.06,0.0,22.94
WA,Washington,2001,79.31,0.0,20.69
WA,Washington,2002,78.79,0.0,21.21
WA,Washington,2003,77.96,0.0,22.04
WA,Washington,2004,78.19,0.0,21.81
WA,Washington,2005,78.45,0.0,21.55
WA,Washington,2006,78.65,0.0,21.35
WA,Washington,2007,78.23,0.0,21.77
WA,Washington,2008,80.18,0.0,19.82
WA,Washington,2009,79.91,0.0,20.09
WA,Washington,2010,79.78,0.0,20.22
WA,Washington,2011,81.0,0.0,19.0
WA,Washington,2012,80.41,0.0,19.59
WA,Washington,2013,78.34,0.0,21.66
WA,Washington,2014,78.21,0.0,21.79
WA,Washington,2015,78.67,0.0,21.33
WA,Washington,2016,79.16,0.0,20.84
WA,Washington,2017,79.91,0.0,20.09
WA,Washington,2018,76.48,0.0,23.52
WA,Washington,2019,76.36,0.0,23.64
WA,Washington,2020,74.6,0.0,25.4
WA,Washington,2021,73.4,0.0,26.6
WA,Washington,2022,74.13,0.0,25.87
WA,Washington,2023,73.97,2.23,23.8
WA,Washington,2024,75.97,0.94,23.1
WA,Washington,2025,74.56,1.39,24.05
WI,Wisconsin,1942,33.0,33.11,33.9
WI,Wisconsin,1944,24.88,47.63,27.49
WI,Wisconsin,1946,32.04,38.66,29.3
WI,Wisconsin,1948,31.28,42.92,25.8
WI,Wisconsin,1950,30.66,43.22,26.12
WI,Wisconsin,1951,28.41,46.93,24.66
WI,Wisconsin,1952,28.4,47.24,24.36
WI,Wisconsin,1953,28.81,45.55,25.64
WI,Wisconsin,1954,28.21,45.57,26.22
WI,Wisconsin,1955,29.33,44.05,26.62
WI,Wisconsin,1956,31.97,44.8,23.23
WI,Wisconsin,1957,30.76,46.6,22.63
WI,Wisconsin,1958,31.26,45.35,23.4
WI,Wisconsin,1959,31.84,44.4,23.76
WI,Wisconsin,1960,30.28,46.54,23.18
WI,Wisconsin,1961,30.4,45.62,23.98
WI,Wisconsin,1962,33.51,43.12,23.37
WI,Wisconsin,1963,33.42,46.96,19.62
WI,Wisconsin,1964,33.59,49.87,16.54
WI,Wisconsin,1965,34.03,48.43,17.54
WI,Wisconsin,1966,33.39,50.07,16.54
WI,Wisconsin,1967,32.93,51.25,15.82
WI,Wisconsin,1968,32.9,50.9,16.2
WI,Wisconsin,1969,32.01,51.6,16.38
WI,Wisconsin,1970,40.54,44.62,14.84
WI,Wisconsin,1971,43.49,41.88,14.63
WI,Wisconsin,1972,42.56,43.7,13.74
WI,Wisconsin,1973,40.71,46.25,13.04
WI,Wisconsin,1974,39.96,47.4,12.64
WI,Wisconsin,1975,39.76,47.98,12.27
WI,Wisconsin,1976,40.02,47.51,12.46
WI,Wisconsin,1977,38.54,51.06,10.4
WI,Wisconsin,1978,38.01,52.11,9.89
WI,Wisconsin,1979,38.27,52.23,9.5
WI,Wisconsin,1980,38.77,51.74,9.49
WI,Wisconsin,1981,38.0,52.64,9.36
WI,Wisconsin,1982,39.67,50.92,9.42
WI,Wisconsin,1983,42.5,48.27,9.24
WI,Wisconsin,1984,40.55,50.34,9.11
WI,Wisconsin,1985,43.09,47.38,9.53
WI,Wisconsin,1986,42.48,48.2,9.32
WI,Wisconsin,1987,43.7,47.5,8.8
WI,Wisconsin,1988,44.54,46.31,9.15
WI,Wisconsin,1989,45.3,47.2,7.5
WI,Wisconsin,1990,45.71,46.68,7.6
WI,Wisconsin,1991,43.97,49.09,6.95
WI,Wisconsin,1992,43.9,48.45,7.65
WI,Wisconsin,1993,43.19,49.5,7.31
WI,Wisconsin,1994,43.46,49.6,6.94
WI,Wisconsin,1995,42.62,50.99,6.4
WI,Wisconsin,1996,42.04,49.78,8.18
WI,Wisconsin,1997,41.54,50.82,7.64
WI,Wisconsin,1998,41.14,51.37,7.49
WI,Wisconsin,1999,42.05,50.17,7.78
WI,Wisconsin,2000,40.6,51.93,7.47
WI,Wisconsin,2001,44.27,47.96,7.77
WI,Wisconsin,2002,45.94,45.87,8.19
WI,Wisconsin,2003,45.09,47.8,7.11
WI,Wisconsin,2004,44.48,46.95,8.58
WI,Wisconsin,2005,44.03,47.5,8.47
WI,Wisconsin,2006,43.17,48.67,8.16
WI,Wisconsin,2007,41.68,50.11,8.21
WI,Wisconsin,2008,42.35,49.14,8.5
WI,Wisconsin,2009,46.01,45.88,8.11
WI,Wisconsin,2010,46.54,46.24,7.23
WI,Wisconsin,2011,44.37,47.43,8.2
WI,Wisconsin,2012,43.81,48.12,8.07
WI,Wisconsin,2013,42.9,49.53,7.57
WI,Wisconsin,2014,44.97,47.51,7.52
WI,Wisconsin,2015,44.93,47.6,7.46
WI,Wisconsin,2016,43.99,48.01,8.0
WI,Wisconsin,2017,43.96,48.25,7.79
WI,Wisconsin,2018,44.06,48.92,7.01
WI,Wisconsin,2019,42.74,50.65,6.61
WI,Wisconsin,2020,42.9,49.97,7.13
WI,Wisconsin,2021,41.19,51.81,7.01
WI,Wisconsin,2022,42.28,51.03,6.7
WI,Wisconsin,2023,43.62,49.95,6.44
WI,Wisconsin,2024,43.22,50.24,6.54
WI,Wisconsin,2025,42.39,51.15,6.46
WV,West Virginia,1942,78.74,4.35,16.91
WV,West Virginia,1944,83.12,0.2,16.68
WV,West Virginia,1946,84.13,0.04,15.84
WV,West Virginia,1948,85.61,0.01,14.38
WV,West Virginia,1950,84.26,0.0,15.74
WV,West Virginia,1951,85.24,0.0,14.76
WV,West Virginia,1952,85.1,0.0,14.9
WV,West Virginia,1953,85.57,0.0,14.43
WV,West Virginia,1954,84.7,0.0,15.3
WV,West Virginia,1955,83.04,0.0,16.96
WV,West Virginia,1956,84.71,0.0,15.29
WV,West Virginia,1957,86.64,0.0,13.36
WV,West Virginia,1958,84.74,0.0,15.26
WV,West Virginia,1959,85.26,0.0,14.74
WV,West Virginia,1960,84.31,0.0,15.69
WV,West Virginia,1961,80.46,0.46,19.07
WV,West Virginia,1962,78.95,9.85,11.2
WV,West Virginia,1963,77.81,7.63,14.57
WV,West Virginia,1964,79.0,7.81,13.19
WV,West Virginia,1965,78.51,8.58,12.91
WV,West Virginia,1966,78.26,8.98,12.76
WV,West Virginia,1967,77.68,9.63,12.7
WV,West Virginia,1968,78.39,9.81,11.8
WV,West Virginia,1969,78.15,10.13,11.72
WV,West Virginia,1970,77.97,11.41,10.62
WV,West Virginia,1971,75.64,14.68,9.68
WV,West Virginia,1972,73.0,18.84,8.15
WV,West Virginia,1973,73.35,17.69,8.97
WV,West Virginia,1974,73.22,18.41,8.38
WV,West Virginia,1975,73.42,18.62,7.95
WV,West Virginia,1976,73.45,19.35,7.2
WV,West Virginia,1977,71.74,20.81,7.45
WV,West Virginia,1978,71.58,20.8,7.63
WV,West Virginia,1979,71.63,21.12,7.25
WV,West Virginia,1980,69.36,23.39,7.25
WV,West Virginia,1981,68.49,23.64,7.87
WV,West Virginia,1982,70.02,23.17,6.81
WV,West Virginia,1983,68.37,24.19,7.44
WV,West Virginia,1984,64.98,28.41,6.61
WV,West Virginia,1985,60.89,32.57,6.54
WV,West Virginia,1986,61.94,30.7,7.36
WV,West Virginia,1987,61.8,30.76,7.44
WV,West Virginia,1988,53.01,32.74,14.25
WV,West Virginia,1989,50.68,35.23,14.09
WV,West Virginia,1990,53.49,33.12,13.39
WV,West Virginia,1991,53.08,32.97,13.95
WV,West Virginia,1992,51.97,33.79,14.24
WV,West Virginia,1993,53.96,32.33,13.7
WV,West Virginia,1994,54.25,33.45,12.3
WV,West Virginia,1995,53.45,33.99,12.56
WV,West Virginia,1996,52.75,35.67,11.58
WV,West Virginia,1997,52.19,35.45,12.36
WV,West Virginia,1998,51.72,36.11,12.17
WV,West Virginia,1999,53.53,35.83,10.64
WV,West Virginia,2000,53.84,35.4,10.76
WV,West Virginia,2001,53.74,36.08,10.18
WV,West Virginia,2002,54.08,35.33,10.59
WV,West Virginia,2003,54.35,34.44,11.21
WV,West Virginia,2004,55.83,33.33,10.83
WV,West Virginia,2005,50.08,38.02,11.9
WV,West Virginia,2006,47.87,40.25,11.87
WV,West Virginia,2007,47.68,40.92,11.4
WV,West Virginia,2008,46.43,42.15,11.42
WV,West Virginia,2009,46.5,41.32,12.18
WV,West Virginia,2010,48.73,36.62,14.65
WV,West Virginia,2011,47.74,37.87,14.4
WV,West Virginia,2012,48.42,36.86,14.72
WV,West Virginia,2013,47.85,37.82,14.33
WV,West Virginia,2014,47.54,36.65,15.81
WV,West Virginia,2015,47.06,38.11,14.83
WV,West Virginia,2016,50.04,38.81,11.15
WV,West Virginia,2017,52.48,37.9,9.62
WV,West Virginia,2018,50.1,37.86,12.05
WV,West Virginia,2019,48.18,39.63,12.19
WV,West Virginia,2020,51.87,38.64,9.48
WV,West Virginia,2021,49.22,42.68,8.09
WV,West Virginia,2022,45.41,40.7,13.89
WV,West Virginia,2023,45.32,40.72,13.96
WV,West Virginia,2024,50.69,39.09,10.22
WV,West Virginia,2025,52.36,36.43,11.2
WY,Wyoming,1942,73.73,0.0,26.27
WY,Wyoming,1944,75.2,0.0,24.8
WY,Wyoming,1946,69.74,0.0,30.26
WY,Wyoming,1948,72.8,0.0,27.2
WY,Wyoming,1950,74.66,0.0,25.34
WY,Wyoming,1951,59.5,0.0,40.5
WY,Wyoming,1952,60.25,0.0,39.75
WY,Wyoming,1953,63.06,0.0,36.94
WY,Wyoming,1954,62.45,0.0,37.55
WY,Wyoming,1955,59.17,0.0,40.83
WY,Wyoming,1956,58.82,0.0,41.18
WY,Wyoming,1957,59.41,0.0,40.59
WY,Wyoming,1958,56.38,0.0,43.62
WY,Wyoming,1959,56.97,0.0,43.03
WY,Wyoming,1960,57.9,0.0,42.1
WY,Wyoming,1961,56.22,0.0,43.78
WY,Wyoming,1962,55.07,0.0,44.93
WY,Wyoming,1963,54.94,0.0,45.06
WY,Wyoming,1964,54.55,0.0,45.45
WY,Wyoming,1965,55.43,0.0,44.57
WY,Wyoming,1966,57.36,0.0,42.64
WY,Wyoming,1967,60.16,0.0,39.84
WY,Wyoming,1968,63.15,0.0,36.85
WY,Wyoming,1969,65.7,0.0,34.3
WY,Wyoming,1970,62.79,0.0,37.21
WY,Wyoming,1971,65.3,0.0,34.7
WY,Wyoming,1972,67.15,0.0,32.85
WY,Wyoming,1973,71.66,0.0,28.34
WY,Wyoming,1974,67.16,0.0,32.84
WY,Wyoming,1975,66.29,0.0,33.71
WY,Wyoming,1976,58.35,0.0,41.65
WY,Wyoming,1977,56.81,0.0,43.19
WY,Wyoming,1978,56.66,0.0,43.34
WY,Wyoming,1979,56.43,0.0,43.57
WY,Wyoming,1980,55.41,0.0,44.59
WY,Wyoming,1981,53.32,0.0,46.68
WY,Wyoming,1982,36.76,0.0,63.24
WY,Wyoming,1983,32.87,0.0,67.13
WY,Wyoming,1984,28.43,0.0,71.57
WY,Wyoming,1985,28.54,0.0,71.46
WY,Wyoming,1986,29.95,0.0,70.05
WY,Wyoming,1987,33.37,0.0,66.63
WY,Wyoming,1988,35.44,0.0,64.56
WY,Wyoming,1989,35.49,0.0,64.51
WY,Wyoming,1990,35.46,0.0,64.54
WY,Wyoming,1991,36.21,0.0,63.79
WY,Wyoming,1992,36.98,0.0,63.02
WY,Wyoming,1993,37.99,0.0,62.01
WY,Wyoming,1994,35.16,0.0,64.84
WY,Wyoming,1995,40.82,0.0,59.18
WY,Wyoming,1996,50.49,0.0,49.51
WY,Wyoming,1997,49.63,0.0,50.37
WY,Wyoming,1998,47.06,0.0,52.94
WY,Wyoming,1999,52.8,0.0,47.2
WY,Wyoming,2000,49.46,0.0,50.54
WY,Wyoming,2001,43.96,0.0,56.04
WY,Wyoming,2002,49.69,0.0,50.31
WY,Wyoming,2003,42.45,0.0,57.55
WY,Wyoming,2004,38.15,0.0,61.85
WY,Wyoming,2005,36.88,0.0,63.12
WY,Wyoming,2006,35.23,0.0,64.77
WY,Wyoming,2007,40.79,0.0,59.21
WY,Wyoming,2008,46.4,0.0,53.6
WY,Wyoming,2009,40.54,0.0,59.46
WY,Wyoming,2010,42.42,0.0,57.58
WY,Wyoming,2011,35.08,0.0,64.92
WY,Wyoming,2012,37.92,0.0,62.08
WY,Wyoming,2013,37.8,0.0,62.2
WY,Wyoming,2014,40.9,0.0,59.1
WY,Wyoming,2015,42.22,0.0,57.78
WY,Wyoming,2016,42.86,0.0,57.14
WY,Wyoming,2017,46.23,0.0,53.77
WY,Wyoming,2018,46.96,0.0,53.04
WY,Wyoming,2019,45.19,0.0,54.81
WY,Wyoming,2020,48.47,0.0,51.53
WY,Wyoming,2021,49.45,0.0,50.55
WY,Wyoming,2022,48.25,0.0,51.75
WY,Wyoming,2023,38.37,0.0,61.63
WY,Wyoming,2024,46.36,0.0,53.64
WY,Wyoming,2025,47.36,0.0,52.64
